sep=,
//Automation Builder IO Mappings Export V1.0
//Important: change only first and fourth column in Excel
*Variable,Channel name,Data type,*Description,Terminal,Device name,Device type,Device path,Parameter ID,Device Guid,
//S1AA1_0 (AC500_PM592_ETH_V2_3\Extension_Bus\CM579_PNIO_A02\CM579_Master\S1AA1)
,Analog input AI0+,INT,,="1.0",S1AA1_0,CI501-IO (V3),AC500_PM592_ETH_V2_3\Extension_Bus\CM579_PNIO_A02\CM579_Master\S1AA1,7500,c70dc232-c36c-4d00-919b-62b62cdf01af,
iA_VoltageDivider,Analog input AI1+,INT,-A1_0:1.1 I1+ : =S1+A-A10 Voltage Divider,="1.1",S1AA1_0,CI501-IO (V3),AC500_PM592_ETH_V2_3\Extension_Bus\CM579_PNIO_A02\CM579_Master\S1AA1,7501,c70dc232-c36c-4d00-919b-62b62cdf01af,
,Analog input AI2+,INT,,="1.2",S1AA1_0,CI501-IO (V3),AC500_PM592_ETH_V2_3\Extension_Bus\CM579_PNIO_A02\CM579_Master\S1AA1,7502,c70dc232-c36c-4d00-919b-62b62cdf01af,
,Analog input AI3+,INT,,="1.3",S1AA1_0,CI501-IO (V3),AC500_PM592_ETH_V2_3\Extension_Bus\CM579_PNIO_A02\CM579_Master\S1AA1,7503,c70dc232-c36c-4d00-919b-62b62cdf01af,
,Digital inputs DI0 - DI7,BYTE,,,S1AA1_0,CI501-IO (V3),AC500_PM592_ETH_V2_3\Extension_Bus\CM579_PNIO_A02\CM579_Master\S1AA1,7000,c70dc232-c36c-4d00-919b-62b62cdf01af,
iProject_RT1436,Digital input DI0,BOOL,-A1_0:2.0 DI0 :   Crane Number Identification,="2.0",S1AA1_0,CI501-IO (V3),AC500_PM592_ETH_V2_3\Extension_Bus\CM579_PNIO_A02\CM579_Master\S1AA1,7000.Digital_Input_DI0,c70dc232-c36c-4d00-919b-62b62cdf01af,
iProject_RT1437,Digital input DI1,BOOL,-A1_0:2.1 DI1 :   Crane Number Identification,="2.1",S1AA1_0,CI501-IO (V3),AC500_PM592_ETH_V2_3\Extension_Bus\CM579_PNIO_A02\CM579_Master\S1AA1,7000.Digital_Input_DI1,c70dc232-c36c-4d00-919b-62b62cdf01af,
iProject3,Digital input DI2,BOOL,-A1_0:2.2 DI2 :   Crane Number Identification,="2.2",S1AA1_0,CI501-IO (V3),AC500_PM592_ETH_V2_3\Extension_Bus\CM579_PNIO_A02\CM579_Master\S1AA1,7000.Digital_Input_DI2,c70dc232-c36c-4d00-919b-62b62cdf01af,
iProject4,Digital input DI3,BOOL,-A1_0:2.3 DI3 :   Crane Number Identification,="2.3",S1AA1_0,CI501-IO (V3),AC500_PM592_ETH_V2_3\Extension_Bus\CM579_PNIO_A02\CM579_Master\S1AA1,7000.Digital_Input_DI3,c70dc232-c36c-4d00-919b-62b62cdf01af,
iProject5,Digital input DI4,BOOL,-A1_0:2.4 DI4 :   Crane Number Identification,="2.4",S1AA1_0,CI501-IO (V3),AC500_PM592_ETH_V2_3\Extension_Bus\CM579_PNIO_A02\CM579_Master\S1AA1,7000.Digital_Input_DI4,c70dc232-c36c-4d00-919b-62b62cdf01af,
iProject6,Digital input DI5,BOOL,-A1_0:2.5 DI5 :   Crane Number Identification,="2.5",S1AA1_0,CI501-IO (V3),AC500_PM592_ETH_V2_3\Extension_Bus\CM579_PNIO_A02\CM579_Master\S1AA1,7000.Digital_Input_DI5,c70dc232-c36c-4d00-919b-62b62cdf01af,
iProject7,Digital input DI6,BOOL,-A1_0:2.6 DI6 :   Crane Number Identification,="2.6",S1AA1_0,CI501-IO (V3),AC500_PM592_ETH_V2_3\Extension_Bus\CM579_PNIO_A02\CM579_Master\S1AA1,7000.Digital_Input_DI6,c70dc232-c36c-4d00-919b-62b62cdf01af,
iProject8,Digital input DI7,BOOL,-A1_0:2.7 DI7 :   Crane Number Identification,="2.7",S1AA1_0,CI501-IO (V3),AC500_PM592_ETH_V2_3\Extension_Bus\CM579_PNIO_A02\CM579_Master\S1AA1,7000.Digital_Input_DI7,c70dc232-c36c-4d00-919b-62b62cdf01af,
,Analog output AO0+,INT,,="1.5",S1AA1_0,CI501-IO (V3),AC500_PM592_ETH_V2_3\Extension_Bus\CM579_PNIO_A02\CM579_Master\S1AA1,8500,c70dc232-c36c-4d00-919b-62b62cdf01af,
,Analog output AO1+,INT,,="1.6",S1AA1_0,CI501-IO (V3),AC500_PM592_ETH_V2_3\Extension_Bus\CM579_PNIO_A02\CM579_Master\S1AA1,8501,c70dc232-c36c-4d00-919b-62b62cdf01af,
,Digital outputs DO0 - DO7,BYTE,,,S1AA1_0,CI501-IO (V3),AC500_PM592_ETH_V2_3\Extension_Bus\CM579_PNIO_A02\CM579_Master\S1AA1,8000,c70dc232-c36c-4d00-919b-62b62cdf01af,
,Digital output DO0,BOOL,,="3.0",S1AA1_0,CI501-IO (V3),AC500_PM592_ETH_V2_3\Extension_Bus\CM579_PNIO_A02\CM579_Master\S1AA1,8000.Digital_Output_DO0,c70dc232-c36c-4d00-919b-62b62cdf01af,
,Digital output DO1,BOOL,,="3.1",S1AA1_0,CI501-IO (V3),AC500_PM592_ETH_V2_3\Extension_Bus\CM579_PNIO_A02\CM579_Master\S1AA1,8000.Digital_Output_DO1,c70dc232-c36c-4d00-919b-62b62cdf01af,
,Digital output DO2,BOOL,,="3.2",S1AA1_0,CI501-IO (V3),AC500_PM592_ETH_V2_3\Extension_Bus\CM579_PNIO_A02\CM579_Master\S1AA1,8000.Digital_Output_DO2,c70dc232-c36c-4d00-919b-62b62cdf01af,
,Digital output DO3,BOOL,,="3.3",S1AA1_0,CI501-IO (V3),AC500_PM592_ETH_V2_3\Extension_Bus\CM579_PNIO_A02\CM579_Master\S1AA1,8000.Digital_Output_DO3,c70dc232-c36c-4d00-919b-62b62cdf01af,
,Digital output DO4,BOOL,,="3.4",S1AA1_0,CI501-IO (V3),AC500_PM592_ETH_V2_3\Extension_Bus\CM579_PNIO_A02\CM579_Master\S1AA1,8000.Digital_Output_DO4,c70dc232-c36c-4d00-919b-62b62cdf01af,
,Digital output DO5,BOOL,,="3.5",S1AA1_0,CI501-IO (V3),AC500_PM592_ETH_V2_3\Extension_Bus\CM579_PNIO_A02\CM579_Master\S1AA1,8000.Digital_Output_DO5,c70dc232-c36c-4d00-919b-62b62cdf01af,
,Digital output DO6,BOOL,,="3.6",S1AA1_0,CI501-IO (V3),AC500_PM592_ETH_V2_3\Extension_Bus\CM579_PNIO_A02\CM579_Master\S1AA1,8000.Digital_Output_DO6,c70dc232-c36c-4d00-919b-62b62cdf01af,
,Digital output DO7,BOOL,,="3.7",S1AA1_0,CI501-IO (V3),AC500_PM592_ETH_V2_3\Extension_Bus\CM579_PNIO_A02\CM579_Master\S1AA1,8000.Digital_Output_DO7,c70dc232-c36c-4d00-919b-62b62cdf01af,
,Fast counter : Actual value 1,DWORD,,,S1AA1_0,CI501-IO (V3),AC500_PM592_ETH_V2_3\Extension_Bus\CM579_PNIO_A02\CM579_Master\S1AA1,7900,c70dc232-c36c-4d00-919b-62b62cdf01af,
,Fast counter : Actual value 2,DWORD,,,S1AA1_0,CI501-IO (V3),AC500_PM592_ETH_V2_3\Extension_Bus\CM579_PNIO_A02\CM579_Master\S1AA1,7901,c70dc232-c36c-4d00-919b-62b62cdf01af,
,Fast counter : State Byte 1,BYTE,,,S1AA1_0,CI501-IO (V3),AC500_PM592_ETH_V2_3\Extension_Bus\CM579_PNIO_A02\CM579_Master\S1AA1,7902,c70dc232-c36c-4d00-919b-62b62cdf01af,
,Fast counter : State Byte 2,BYTE,,,S1AA1_0,CI501-IO (V3),AC500_PM592_ETH_V2_3\Extension_Bus\CM579_PNIO_A02\CM579_Master\S1AA1,7903,c70dc232-c36c-4d00-919b-62b62cdf01af,
,Fast counter : Start value 1,DWORD,,,S1AA1_0,CI501-IO (V3),AC500_PM592_ETH_V2_3\Extension_Bus\CM579_PNIO_A02\CM579_Master\S1AA1,8900,c70dc232-c36c-4d00-919b-62b62cdf01af,
,Fast counter : End value 1,DWORD,,,S1AA1_0,CI501-IO (V3),AC500_PM592_ETH_V2_3\Extension_Bus\CM579_PNIO_A02\CM579_Master\S1AA1,8901,c70dc232-c36c-4d00-919b-62b62cdf01af,
,Fast counter : Start value 2,DWORD,,,S1AA1_0,CI501-IO (V3),AC500_PM592_ETH_V2_3\Extension_Bus\CM579_PNIO_A02\CM579_Master\S1AA1,8902,c70dc232-c36c-4d00-919b-62b62cdf01af,
,Fast counter : End value 2,DWORD,,,S1AA1_0,CI501-IO (V3),AC500_PM592_ETH_V2_3\Extension_Bus\CM579_PNIO_A02\CM579_Master\S1AA1,8903,c70dc232-c36c-4d00-919b-62b62cdf01af,
,Fast counter : Control Byte 1,BYTE,,,S1AA1_0,CI501-IO (V3),AC500_PM592_ETH_V2_3\Extension_Bus\CM579_PNIO_A02\CM579_Master\S1AA1,8904,c70dc232-c36c-4d00-919b-62b62cdf01af,
,Fast counter : Control Byte 2,BYTE,,,S1AA1_0,CI501-IO (V3),AC500_PM592_ETH_V2_3\Extension_Bus\CM579_PNIO_A02\CM579_Master\S1AA1,8905,c70dc232-c36c-4d00-919b-62b62cdf01af,
//S1AA1_1 (AC500_PM592_ETH_V2_3\Extension_Bus\CM579_PNIO_A02\CM579_Master\S1AA1)
,Digital inputs I0 - I31,DWORD,,,S1AA1_1,DI524,AC500_PM592_ETH_V2_3\Extension_Bus\CM579_PNIO_A02\CM579_Master\S1AA1,7000.Typ_DWord,33adbea9-a5f6-4a73-bf69-1959d0a3169c,
,Digital inputs I0 - I15,WORD,,,S1AA1_1,DI524,AC500_PM592_ETH_V2_3\Extension_Bus\CM579_PNIO_A02\CM579_Master\S1AA1,7000.Words.Word0,33adbea9-a5f6-4a73-bf69-1959d0a3169c,
,Digital inputs I16 - I31,WORD,,,S1AA1_1,DI524,AC500_PM592_ETH_V2_3\Extension_Bus\CM579_PNIO_A02\CM579_Master\S1AA1,7000.Words.Word1,33adbea9-a5f6-4a73-bf69-1959d0a3169c,
,Digital inputs I0 - I7,BYTE,,,S1AA1_1,DI524,AC500_PM592_ETH_V2_3\Extension_Bus\CM579_PNIO_A02\CM579_Master\S1AA1,7000.Bytes.Byte0,33adbea9-a5f6-4a73-bf69-1959d0a3169c,
iEStop_1_S1,Digital input I0,BOOL,-A1_1:1.0  I0 : =S1+A-S1 E-Stop 1 S1 (E-House),="1.0",S1AA1_1,DI524,AC500_PM592_ETH_V2_3\Extension_Bus\CM579_PNIO_A02\CM579_Master\S1AA1,7000.Bytes.Byte0.Digital_Input_I0,33adbea9-a5f6-4a73-bf69-1959d0a3169c,
iHighVoltageAlarm,Digital input I1,BOOL,-A1_1:1.1  I1 : =S1+A-P1 High Voltage Alarm,="1.1",S1AA1_1,DI524,AC500_PM592_ETH_V2_3\Extension_Bus\CM579_PNIO_A02\CM579_Master\S1AA1,7000.Bytes.Byte0.Digital_Input_I1,33adbea9-a5f6-4a73-bf69-1959d0a3169c,
,Digital input I2,BOOL,,="1.2",S1AA1_1,DI524,AC500_PM592_ETH_V2_3\Extension_Bus\CM579_PNIO_A02\CM579_Master\S1AA1,7000.Bytes.Byte0.Digital_Input_I2,33adbea9-a5f6-4a73-bf69-1959d0a3169c,
iC_SteerExtendRam_S1,Digital input I3,BOOL,-A1_1:1.3  I3 : =S1+F-S4 Steering Extend Command S1,="1.3",S1AA1_1,DI524,AC500_PM592_ETH_V2_3\Extension_Bus\CM579_PNIO_A02\CM579_Master\S1AA1,7000.Bytes.Byte0.Digital_Input_I3,33adbea9-a5f6-4a73-bf69-1959d0a3169c,
iEStop_MainBeam,Digital input I4,BOOL,-A1_1:1.4  I4 : =G+A-S8 E-Stop Mainbeam,="1.4",S1AA1_1,DI524,AC500_PM592_ETH_V2_3\Extension_Bus\CM579_PNIO_A02\CM579_Master\S1AA1,7000.Bytes.Byte0.Digital_Input_I4,33adbea9-a5f6-4a73-bf69-1959d0a3169c,
iQ_AuxTrafoSec_400V,Digital input I5,BOOL,-A1_1:1.5  I5 : =S1+R-Q81 Aux. Trafo Secondary 400V CB,="1.5",S1AA1_1,DI524,AC500_PM592_ETH_V2_3\Extension_Bus\CM579_PNIO_A02\CM579_Master\S1AA1,7000.Bytes.Byte0.Digital_Input_I5,33adbea9-a5f6-4a73-bf69-1959d0a3169c,
iC_SteerRetractRam_S1,Digital input I6,BOOL,-A1_1:1.6  I6 : =S1+F-S3 Steering Retract Command S1,="1.6",S1AA1_1,DI524,AC500_PM592_ETH_V2_3\Extension_Bus\CM579_PNIO_A02\CM579_Master\S1AA1,7000.Bytes.Byte0.Digital_Input_I6,33adbea9-a5f6-4a73-bf69-1959d0a3169c,
,Digital input I7,BOOL,,="1.7",S1AA1_1,DI524,AC500_PM592_ETH_V2_3\Extension_Bus\CM579_PNIO_A02\CM579_Master\S1AA1,7000.Bytes.Byte0.Digital_Input_I7,33adbea9-a5f6-4a73-bf69-1959d0a3169c,
,Digital inputs I8 - I15,BYTE,,,S1AA1_1,DI524,AC500_PM592_ETH_V2_3\Extension_Bus\CM579_PNIO_A02\CM579_Master\S1AA1,7000.Bytes.Byte1,33adbea9-a5f6-4a73-bf69-1959d0a3169c,
iQ_TravelBrakes,Digital input I8,BOOL,-A1_1:2.0  I8 : =S1+F-Q8 Travel Brakes CB,="2.0",S1AA1_1,DI524,AC500_PM592_ETH_V2_3\Extension_Bus\CM579_PNIO_A02\CM579_Master\S1AA1,7000.Bytes.Byte1.Digital_Input_I8,33adbea9-a5f6-4a73-bf69-1959d0a3169c,
iC_SteerRam1_S1,Digital input I9,BOOL,-A1_1:2.1  I9 : =S1+F-S5-1 Steering Ram 1 Command S1,="2.1",S1AA1_1,DI524,AC500_PM592_ETH_V2_3\Extension_Bus\CM579_PNIO_A02\CM579_Master\S1AA1,7000.Bytes.Byte1.Digital_Input_I9,33adbea9-a5f6-4a73-bf69-1959d0a3169c,
,Digital input I10,BOOL,,="2.2",S1AA1_1,DI524,AC500_PM592_ETH_V2_3\Extension_Bus\CM579_PNIO_A02\CM579_Master\S1AA1,7000.Bytes.Byte1.Digital_Input_I10,33adbea9-a5f6-4a73-bf69-1959d0a3169c,
iEHouseTempOK,Digital input I11,BOOL,-A1_1:2.3 I11 : =S1+A-S3 E-House Temperature OK,="2.3",S1AA1_1,DI524,AC500_PM592_ETH_V2_3\Extension_Bus\CM579_PNIO_A02\CM579_Master\S1AA1,7000.Bytes.Byte1.Digital_Input_I11,33adbea9-a5f6-4a73-bf69-1959d0a3169c,
,Digital input I12,BOOL,,="2.4",S1AA1_1,DI524,AC500_PM592_ETH_V2_3\Extension_Bus\CM579_PNIO_A02\CM579_Master\S1AA1,7000.Bytes.Byte1.Digital_Input_I12,33adbea9-a5f6-4a73-bf69-1959d0a3169c,
iC_SteerRam2_S1,Digital input I13,BOOL,-A1_1:2.5 I13 : =S1+F-S5-2 Steering Ram 2 Command S1,="2.5",S1AA1_1,DI524,AC500_PM592_ETH_V2_3\Extension_Bus\CM579_PNIO_A02\CM579_Master\S1AA1,7000.Bytes.Byte1.Digital_Input_I13,33adbea9-a5f6-4a73-bf69-1959d0a3169c,
iF_WarningBells,Digital input I14,BOOL,-A1_1:2.6 I14 : =S1+A-F9 Warning Bells supply,="2.6",S1AA1_1,DI524,AC500_PM592_ETH_V2_3\Extension_Bus\CM579_PNIO_A02\CM579_Master\S1AA1,7000.Bytes.Byte1.Digital_Input_I14,33adbea9-a5f6-4a73-bf69-1959d0a3169c,
iF_24V_DC_SupplyF13,Digital input I15,BOOL,-A1_1:2.7 I15 : =S1+A-F13 Control Voltage 24V DC supply F13,="2.7",S1AA1_1,DI524,AC500_PM592_ETH_V2_3\Extension_Bus\CM579_PNIO_A02\CM579_Master\S1AA1,7000.Bytes.Byte1.Digital_Input_I15,33adbea9-a5f6-4a73-bf69-1959d0a3169c,
,Digital inputs I16 - I23,BYTE,,,S1AA1_1,DI524,AC500_PM592_ETH_V2_3\Extension_Bus\CM579_PNIO_A02\CM579_Master\S1AA1,7000.Bytes.Byte2,33adbea9-a5f6-4a73-bf69-1959d0a3169c,
iF_24V_DC_SupplyF12,Digital input I16,BOOL,-A1_1:3.0 I16 : =S1+A-F12 Control Voltage 24V DC supply F12,="3.0",S1AA1_1,DI524,AC500_PM592_ETH_V2_3\Extension_Bus\CM579_PNIO_A02\CM579_Master\S1AA1,7000.Bytes.Byte2.Digital_Input_I16,33adbea9-a5f6-4a73-bf69-1959d0a3169c,
iC_SpareSwitch2_S1,Digital input I17,BOOL,-A1_1:3.1 I17 : =S1+A-S15 Spare Switch 2 Prewired Command S1,="3.1",S1AA1_1,DI524,AC500_PM592_ETH_V2_3\Extension_Bus\CM579_PNIO_A02\CM579_Master\S1AA1,7000.Bytes.Byte2.Digital_Input_I17,33adbea9-a5f6-4a73-bf69-1959d0a3169c,
iC_SteerRam3_S1,Digital input I18,BOOL,-A1_1:3.2 I18 : =S1+F-S5-3 Steering Ram 3 Command S1,="3.2",S1AA1_1,DI524,AC500_PM592_ETH_V2_3\Extension_Bus\CM579_PNIO_A02\CM579_Master\S1AA1,7000.Bytes.Byte2.Digital_Input_I18,33adbea9-a5f6-4a73-bf69-1959d0a3169c,
iF_115V_AC_SupplyF10,Digital input I19,BOOL,-A1_1:3.3 I19 : =S1+A-F10 Control Voltage 115V AC supply F10,="3.3",S1AA1_1,DI524,AC500_PM592_ETH_V2_3\Extension_Bus\CM579_PNIO_A02\CM579_Master\S1AA1,7000.Bytes.Byte2.Digital_Input_I19,33adbea9-a5f6-4a73-bf69-1959d0a3169c,
iC_SteerRam4_S1,Digital input I20,BOOL,-A1_1:3.4 I20 : =S1+F-S5-4 Steering Ram 4 Command S1,="3.4",S1AA1_1,DI524,AC500_PM592_ETH_V2_3\Extension_Bus\CM579_PNIO_A02\CM579_Master\S1AA1,7000.Bytes.Byte2.Digital_Input_I20,33adbea9-a5f6-4a73-bf69-1959d0a3169c,
,Digital input I21,BOOL,,="3.5",S1AA1_1,DI524,AC500_PM592_ETH_V2_3\Extension_Bus\CM579_PNIO_A02\CM579_Master\S1AA1,7000.Bytes.Byte2.Digital_Input_I21,33adbea9-a5f6-4a73-bf69-1959d0a3169c,
iC_SpareSwitch1_S1,Digital input I22,BOOL,-A1_1:3.6 I22 : =S1+A-S14 Spare Switch 1 Prewired Command S1,="3.6",S1AA1_1,DI524,AC500_PM592_ETH_V2_3\Extension_Bus\CM579_PNIO_A02\CM579_Master\S1AA1,7000.Bytes.Byte2.Digital_Input_I22,33adbea9-a5f6-4a73-bf69-1959d0a3169c,
,Digital input I23,BOOL,,="3.7",S1AA1_1,DI524,AC500_PM592_ETH_V2_3\Extension_Bus\CM579_PNIO_A02\CM579_Master\S1AA1,7000.Bytes.Byte2.Digital_Input_I23,33adbea9-a5f6-4a73-bf69-1959d0a3169c,
,Digital inputs I24 - I31,BYTE,,,S1AA1_1,DI524,AC500_PM592_ETH_V2_3\Extension_Bus\CM579_PNIO_A02\CM579_Master\S1AA1,7000.Bytes.Byte3,33adbea9-a5f6-4a73-bf69-1959d0a3169c,
iQ_WheelTurnMotorFL,Digital input I24,BOOL,-A1_1:4.0 I24 : =S1+F-Q81 Wheel Turn Motor Front Left CB,="4.0",S1AA1_1,DI524,AC500_PM592_ETH_V2_3\Extension_Bus\CM579_PNIO_A02\CM579_Master\S1AA1,7000.Bytes.Byte3.Digital_Input_I24,33adbea9-a5f6-4a73-bf69-1959d0a3169c,
iQ_WheelTurnMotorBR,Digital input I25,BOOL,-A1_1:4.1 I25 : =S1+F-Q83 Wheel Turn Motor Back Right CB,="4.1",S1AA1_1,DI524,AC500_PM592_ETH_V2_3\Extension_Bus\CM579_PNIO_A02\CM579_Master\S1AA1,7000.Bytes.Byte3.Digital_Input_I25,33adbea9-a5f6-4a73-bf69-1959d0a3169c,
iK_StackAntiCollRight,Digital input I26,BOOL,-A1_1:4.2 I26 : =S1+F-K6 Stack Anti Collision Right Contactor On,="4.2",S1AA1_1,DI524,AC500_PM592_ETH_V2_3\Extension_Bus\CM579_PNIO_A02\CM579_Master\S1AA1,7000.Bytes.Byte3.Digital_Input_I26,33adbea9-a5f6-4a73-bf69-1959d0a3169c,
,Digital input I27,BOOL,,="4.3",S1AA1_1,DI524,AC500_PM592_ETH_V2_3\Extension_Bus\CM579_PNIO_A02\CM579_Master\S1AA1,7000.Bytes.Byte3.Digital_Input_I27,33adbea9-a5f6-4a73-bf69-1959d0a3169c,
iQ_WheelTurnMotorFR,Digital input I28,BOOL,-A1_1:4.4 I28 : =S1+F-Q82 Wheel Turn Motor Front Right CB,="4.4",S1AA1_1,DI524,AC500_PM592_ETH_V2_3\Extension_Bus\CM579_PNIO_A02\CM579_Master\S1AA1,7000.Bytes.Byte3.Digital_Input_I28,33adbea9-a5f6-4a73-bf69-1959d0a3169c,
iQ_WheelTurnMotorBL,Digital input I29,BOOL,-A1_1:4.5 I29 : =S1+F-Q84 Wheel Turn Motor Back Left CB,="4.5",S1AA1_1,DI524,AC500_PM592_ETH_V2_3\Extension_Bus\CM579_PNIO_A02\CM579_Master\S1AA1,7000.Bytes.Byte3.Digital_Input_I29,33adbea9-a5f6-4a73-bf69-1959d0a3169c,
iK_StackAntiCollLeft,Digital input I30,BOOL,-A1_1:4.6 I30 : =S1+F-K8 Stack Anti Collision Left Contactor On,="4.6",S1AA1_1,DI524,AC500_PM592_ETH_V2_3\Extension_Bus\CM579_PNIO_A02\CM579_Master\S1AA1,7000.Bytes.Byte3.Digital_Input_I30,33adbea9-a5f6-4a73-bf69-1959d0a3169c,
,Digital input I31,BOOL,,="4.7",S1AA1_1,DI524,AC500_PM592_ETH_V2_3\Extension_Bus\CM579_PNIO_A02\CM579_Master\S1AA1,7000.Bytes.Byte3.Digital_Input_I31,33adbea9-a5f6-4a73-bf69-1959d0a3169c,
//S1AA1_2 (AC500_PM592_ETH_V2_3\Extension_Bus\CM579_PNIO_A02\CM579_Master\S1AA1)
,Digital inputs I0 - I31,DWORD,,,S1AA1_2,DI524,AC500_PM592_ETH_V2_3\Extension_Bus\CM579_PNIO_A02\CM579_Master\S1AA1,7000.Typ_DWord,3248a174-6b7a-4116-bda1-57f4bd94439a,
,Digital inputs I0 - I15,WORD,,,S1AA1_2,DI524,AC500_PM592_ETH_V2_3\Extension_Bus\CM579_PNIO_A02\CM579_Master\S1AA1,7000.Words.Word0,3248a174-6b7a-4116-bda1-57f4bd94439a,
,Digital inputs I16 - I31,WORD,,,S1AA1_2,DI524,AC500_PM592_ETH_V2_3\Extension_Bus\CM579_PNIO_A02\CM579_Master\S1AA1,7000.Words.Word1,3248a174-6b7a-4116-bda1-57f4bd94439a,
,Digital inputs I0 - I7,BYTE,,,S1AA1_2,DI524,AC500_PM592_ETH_V2_3\Extension_Bus\CM579_PNIO_A02\CM579_Master\S1AA1,7000.Bytes.Byte0,3248a174-6b7a-4116-bda1-57f4bd94439a,
iLS_WheelFL_0_90Deg,Digital input I0,BOOL,-A1_2:1.0  I0 : =E+F-B13 Wheel Front Left 0-90 Degree Limitswitch,="1.0",S1AA1_2,DI524,AC500_PM592_ETH_V2_3\Extension_Bus\CM579_PNIO_A02\CM579_Master\S1AA1,7000.Bytes.Byte0.Digital_Input_I0,3248a174-6b7a-4116-bda1-57f4bd94439a,
iLS_WheelFR_0_90Deg,Digital input I1,BOOL,-A1_2:1.1  I1 : =E+F-B23 Wheel Front Right 0-90 Degree Limitswitch,="1.1",S1AA1_2,DI524,AC500_PM592_ETH_V2_3\Extension_Bus\CM579_PNIO_A02\CM579_Master\S1AA1,7000.Bytes.Byte0.Digital_Input_I1,3248a174-6b7a-4116-bda1-57f4bd94439a,
iLS_WheelBL_0_90Deg,Digital input I2,BOOL,-A1_2:1.2  I2 : =E+F-B43 Wheel Back Left 0-90 Degree Limitswitch,="1.2",S1AA1_2,DI524,AC500_PM592_ETH_V2_3\Extension_Bus\CM579_PNIO_A02\CM579_Master\S1AA1,7000.Bytes.Byte0.Digital_Input_I2,3248a174-6b7a-4116-bda1-57f4bd94439a,
iLS_WheelFL_45Deg,Digital input I3,BOOL,-A1_2:1.3  I3 : =E+F-B15 Wheel Front Left 45 Degree Limitswitch,="1.3",S1AA1_2,DI524,AC500_PM592_ETH_V2_3\Extension_Bus\CM579_PNIO_A02\CM579_Master\S1AA1,7000.Bytes.Byte0.Digital_Input_I3,3248a174-6b7a-4116-bda1-57f4bd94439a,
iLS_WheelFR_45Deg,Digital input I4,BOOL,-A1_2:1.4  I4 : =E+F-B25 Wheel Front Right 45 Degree Limitswitch,="1.4",S1AA1_2,DI524,AC500_PM592_ETH_V2_3\Extension_Bus\CM579_PNIO_A02\CM579_Master\S1AA1,7000.Bytes.Byte0.Digital_Input_I4,3248a174-6b7a-4116-bda1-57f4bd94439a,
iLS_WheelBR_45Deg,Digital input I5,BOOL,-A1_2:1.5  I5 : =E+F-B35 Wheel Back Right 45 Degree Limitswitch,="1.5",S1AA1_2,DI524,AC500_PM592_ETH_V2_3\Extension_Bus\CM579_PNIO_A02\CM579_Master\S1AA1,7000.Bytes.Byte0.Digital_Input_I5,3248a174-6b7a-4116-bda1-57f4bd94439a,
iLS_WheelBL_45Deg,Digital input I6,BOOL,-A1_2:1.6  I6 : =E+F-B45 Wheel Back Left 45 Degree Limitswitch,="1.6",S1AA1_2,DI524,AC500_PM592_ETH_V2_3\Extension_Bus\CM579_PNIO_A02\CM579_Master\S1AA1,7000.Bytes.Byte0.Digital_Input_I6,3248a174-6b7a-4116-bda1-57f4bd94439a,
iLS_WheelFL_SpinPosition,Digital input I7,BOOL,-A1_2:1.7  I7 : =E+F-B16 Wheel Front Left Spin Position Limitswitch,="1.7",S1AA1_2,DI524,AC500_PM592_ETH_V2_3\Extension_Bus\CM579_PNIO_A02\CM579_Master\S1AA1,7000.Bytes.Byte0.Digital_Input_I7,3248a174-6b7a-4116-bda1-57f4bd94439a,
,Digital inputs I8 - I15,BYTE,,,S1AA1_2,DI524,AC500_PM592_ETH_V2_3\Extension_Bus\CM579_PNIO_A02\CM579_Master\S1AA1,7000.Bytes.Byte1,3248a174-6b7a-4116-bda1-57f4bd94439a,
iLS_WheelBR_SpinPosition,Digital input I8,BOOL,-A1_2:2.0  I8 : =E+F-B36 Wheel Back Right Spin Position Limitswitch,="2.0",S1AA1_2,DI524,AC500_PM592_ETH_V2_3\Extension_Bus\CM579_PNIO_A02\CM579_Master\S1AA1,7000.Bytes.Byte1.Digital_Input_I8,3248a174-6b7a-4116-bda1-57f4bd94439a,
iLS_WheelBR_0_90Deg,Digital input I9,BOOL,-A1_2:2.1  I9 : =E+F-B33 Wheel Back Right 0-90 Degree Limitswitch,="2.1",S1AA1_2,DI524,AC500_PM592_ETH_V2_3\Extension_Bus\CM579_PNIO_A02\CM579_Master\S1AA1,7000.Bytes.Byte1.Digital_Input_I9,3248a174-6b7a-4116-bda1-57f4bd94439a,
,Digital input I10,BOOL,,="2.2",S1AA1_2,DI524,AC500_PM592_ETH_V2_3\Extension_Bus\CM579_PNIO_A02\CM579_Master\S1AA1,7000.Bytes.Byte1.Digital_Input_I10,3248a174-6b7a-4116-bda1-57f4bd94439a,
iLS_WheelFR_SpinPosition,Digital input I11,BOOL,-A1_2:2.3 I11 : =E+F-B26 Wheel Front Right Spin Position Limitswitch,="2.3",S1AA1_2,DI524,AC500_PM592_ETH_V2_3\Extension_Bus\CM579_PNIO_A02\CM579_Master\S1AA1,7000.Bytes.Byte1.Digital_Input_I11,3248a174-6b7a-4116-bda1-57f4bd94439a,
iLS_WheelBL_SpinPosition,Digital input I12,BOOL,-A1_2:2.4 I12 : =E+F-B46 Wheel Back Left Spin Position Limitswitch,="2.4",S1AA1_2,DI524,AC500_PM592_ETH_V2_3\Extension_Bus\CM579_PNIO_A02\CM579_Master\S1AA1,7000.Bytes.Byte1.Digital_Input_I12,3248a174-6b7a-4116-bda1-57f4bd94439a,
,Digital input I13,BOOL,,="2.5",S1AA1_2,DI524,AC500_PM592_ETH_V2_3\Extension_Bus\CM579_PNIO_A02\CM579_Master\S1AA1,7000.Bytes.Byte1.Digital_Input_I13,3248a174-6b7a-4116-bda1-57f4bd94439a,
iC_ElectricalBypass_S1,Digital input I14,BOOL,-A1_2:2.6 I14 : =S1+A-S70 Electrical Bypass Command S1,="2.6",S1AA1_2,DI524,AC500_PM592_ETH_V2_3\Extension_Bus\CM579_PNIO_A02\CM579_Master\S1AA1,7000.Bytes.Byte1.Digital_Input_I14,3248a174-6b7a-4116-bda1-57f4bd94439a,
iTravelMotorsPTC,Digital input I15,BOOL,-A1_2:2.7 I15 : =S1+F-F5 Travel Motors PTC,="2.7",S1AA1_2,DI524,AC500_PM592_ETH_V2_3\Extension_Bus\CM579_PNIO_A02\CM579_Master\S1AA1,7000.Bytes.Byte1.Digital_Input_I15,3248a174-6b7a-4116-bda1-57f4bd94439a,
,Digital inputs I16 - I23,BYTE,,,S1AA1_2,DI524,AC500_PM592_ETH_V2_3\Extension_Bus\CM579_PNIO_A02\CM579_Master\S1AA1,7000.Bytes.Byte2,3248a174-6b7a-4116-bda1-57f4bd94439a,
iF_TrolleyMotor1_Overcurrent,Digital input I16,BOOL,-A1_2:3.0 I16 : =S1+K-F11 Trolley Overcurrent Motor 1 (FL),="3.0",S1AA1_2,DI524,AC500_PM592_ETH_V2_3\Extension_Bus\CM579_PNIO_A02\CM579_Master\S1AA1,7000.Bytes.Byte2.Digital_Input_I16,3248a174-6b7a-4116-bda1-57f4bd94439a,
iC_CraneOff_S1,Digital input I17,BOOL,-A1_2:3.1 I17 : =S1+A-S4 Crane Off Command S1,="3.1",S1AA1_2,DI524,AC500_PM592_ETH_V2_3\Extension_Bus\CM579_PNIO_A02\CM579_Master\S1AA1,7000.Bytes.Byte2.Digital_Input_I17,3248a174-6b7a-4116-bda1-57f4bd94439a,
iC_CraneOn_NC_S1,Digital input I18,BOOL,-A1_2:3.2 I18 : =S1+A-S5-N/C Crane On (N/C) Command S1,="3.2",S1AA1_2,DI524,AC500_PM592_ETH_V2_3\Extension_Bus\CM579_PNIO_A02\CM579_Master\S1AA1,7000.Bytes.Byte2.Digital_Input_I18,3248a174-6b7a-4116-bda1-57f4bd94439a,
iF_FireAlarm,Digital input I19,BOOL,-A1_2:3.3 I19 : =S1+A-F24 Fire Alarm Fuse,="3.3",S1AA1_2,DI524,AC500_PM592_ETH_V2_3\Extension_Bus\CM579_PNIO_A02\CM579_Master\S1AA1,7000.Bytes.Byte2.Digital_Input_I19,3248a174-6b7a-4116-bda1-57f4bd94439a,
iF_TrolleyMotor2_Overcurrent,Digital input I20,BOOL,-A1_2:3.4 I20 : =S1+K-F12 Trolley Overcurrent Motor 2 (FR),="3.4",S1AA1_2,DI524,AC500_PM592_ETH_V2_3\Extension_Bus\CM579_PNIO_A02\CM579_Master\S1AA1,7000.Bytes.Byte2.Digital_Input_I20,3248a174-6b7a-4116-bda1-57f4bd94439a,
iC_CraneOn_NO_S1,Digital input I21,BOOL,-A1_2:3.5 I21 : =S1+A-S5-N/O Crane On (N/O) Command S1,="3.5",S1AA1_2,DI524,AC500_PM592_ETH_V2_3\Extension_Bus\CM579_PNIO_A02\CM579_Master\S1AA1,7000.Bytes.Byte2.Digital_Input_I21,3248a174-6b7a-4116-bda1-57f4bd94439a,
iTravelObstacleAntiCollStopFL,Digital input I22,BOOL,-A1_2:3.6 I22 : =E+F-B11 Travel Obstacle AntiCollision FL Stop (off if activated),="3.6",S1AA1_2,DI524,AC500_PM592_ETH_V2_3\Extension_Bus\CM579_PNIO_A02\CM579_Master\S1AA1,7000.Bytes.Byte2.Digital_Input_I22,3248a174-6b7a-4116-bda1-57f4bd94439a,
iC_Reset_S1,Digital input I23,BOOL,-A1_2:3.7 I23 : =S1+A-S73 Reset Command S1,="3.7",S1AA1_2,DI524,AC500_PM592_ETH_V2_3\Extension_Bus\CM579_PNIO_A02\CM579_Master\S1AA1,7000.Bytes.Byte2.Digital_Input_I23,3248a174-6b7a-4116-bda1-57f4bd94439a,
,Digital inputs I24 - I31,BYTE,,,S1AA1_2,DI524,AC500_PM592_ETH_V2_3\Extension_Bus\CM579_PNIO_A02\CM579_Master\S1AA1,7000.Bytes.Byte3,3248a174-6b7a-4116-bda1-57f4bd94439a,
iEStop_EndCarr1_2,Digital input I24,BOOL,-A1_2:4.0 I24 : =E+F-S11 E-Stop Endcarriage 1-2,="4.0",S1AA1_2,DI524,AC500_PM592_ETH_V2_3\Extension_Bus\CM579_PNIO_A02\CM579_Master\S1AA1,7000.Bytes.Byte3.Digital_Input_I24,3248a174-6b7a-4116-bda1-57f4bd94439a,
iC_EnableSteerAdjust_S1,Digital input I25,BOOL,-A1_2:4.1 I25 : =S1+F-S74 Enable Steering Adjustment Command S1,="4.1",S1AA1_2,DI524,AC500_PM592_ETH_V2_3\Extension_Bus\CM579_PNIO_A02\CM579_Master\S1AA1,7000.Bytes.Byte3.Digital_Input_I25,3248a174-6b7a-4116-bda1-57f4bd94439a,
iFC_TrolleyBrakeOff,Digital input I26,BOOL,-A1_2:4.2 I26 : =S1+K-U1 Trolley FC Brake signal Off,="4.2",S1AA1_2,DI524,AC500_PM592_ETH_V2_3\Extension_Bus\CM579_PNIO_A02\CM579_Master\S1AA1,7000.Bytes.Byte3.Digital_Input_I26,3248a174-6b7a-4116-bda1-57f4bd94439a,
iTravelObstacleAntiCollPre10_FL,Digital input I27,BOOL,-A1_2:4.3 I27 : =E+F-B11 Travel Obstacle AntiCollision FL Pre 10% (off if activated),="4.3",S1AA1_2,DI524,AC500_PM592_ETH_V2_3\Extension_Bus\CM579_PNIO_A02\CM579_Master\S1AA1,7000.Bytes.Byte3.Digital_Input_I27,3248a174-6b7a-4116-bda1-57f4bd94439a,
iEStop_EndCarr3_4,Digital input I28,BOOL,-A1_2:4.4 I28 : =E+F-S12 E-Stop Endcarriage 3-4,="4.4",S1AA1_2,DI524,AC500_PM592_ETH_V2_3\Extension_Bus\CM579_PNIO_A02\CM579_Master\S1AA1,7000.Bytes.Byte3.Digital_Input_I28,3248a174-6b7a-4116-bda1-57f4bd94439a,
iTravelObstacleAntiCollStopFR,Digital input I29,BOOL,-A1_2:4.5 I29 : =E+F-B21 Travel Obstacle AntiCollision FR Stop (off if activated),="4.5",S1AA1_2,DI524,AC500_PM592_ETH_V2_3\Extension_Bus\CM579_PNIO_A02\CM579_Master\S1AA1,7000.Bytes.Byte3.Digital_Input_I29,3248a174-6b7a-4116-bda1-57f4bd94439a,
,Digital input I30,BOOL,,="4.6",S1AA1_2,DI524,AC500_PM592_ETH_V2_3\Extension_Bus\CM579_PNIO_A02\CM579_Master\S1AA1,7000.Bytes.Byte3.Digital_Input_I30,3248a174-6b7a-4116-bda1-57f4bd94439a,
,Digital input I31,BOOL,,="4.7",S1AA1_2,DI524,AC500_PM592_ETH_V2_3\Extension_Bus\CM579_PNIO_A02\CM579_Master\S1AA1,7000.Bytes.Byte3.Digital_Input_I31,3248a174-6b7a-4116-bda1-57f4bd94439a,
//S1AA1_3 (AC500_PM592_ETH_V2_3\Extension_Bus\CM579_PNIO_A02\CM579_Master\S1AA1)
,Digital inputs I0 - I31,DWORD,,,S1AA1_3,DI524,AC500_PM592_ETH_V2_3\Extension_Bus\CM579_PNIO_A02\CM579_Master\S1AA1,7000.Typ_DWord,e713a3ff-eb1d-4d30-b6a2-13095f014f78,
,Digital inputs I0 - I15,WORD,,,S1AA1_3,DI524,AC500_PM592_ETH_V2_3\Extension_Bus\CM579_PNIO_A02\CM579_Master\S1AA1,7000.Words.Word0,e713a3ff-eb1d-4d30-b6a2-13095f014f78,
,Digital inputs I16 - I31,WORD,,,S1AA1_3,DI524,AC500_PM592_ETH_V2_3\Extension_Bus\CM579_PNIO_A02\CM579_Master\S1AA1,7000.Words.Word1,e713a3ff-eb1d-4d30-b6a2-13095f014f78,
,Digital inputs I0 - I7,BYTE,,,S1AA1_3,DI524,AC500_PM592_ETH_V2_3\Extension_Bus\CM579_PNIO_A02\CM579_Master\S1AA1,7000.Bytes.Byte0,e713a3ff-eb1d-4d30-b6a2-13095f014f78,
iLowFuelLevel,Digital input I0,BOOL,-A1_3:1.0  I0 : =E+A-G1 Low Fuel Level,="1.0",S1AA1_3,DI524,AC500_PM592_ETH_V2_3\Extension_Bus\CM579_PNIO_A02\CM579_Master\S1AA1,7000.Bytes.Byte0.Digital_Input_I0,e713a3ff-eb1d-4d30-b6a2-13095f014f78,
,Digital input I1,BOOL,,="1.1",S1AA1_3,DI524,AC500_PM592_ETH_V2_3\Extension_Bus\CM579_PNIO_A02\CM579_Master\S1AA1,7000.Bytes.Byte0.Digital_Input_I1,e713a3ff-eb1d-4d30-b6a2-13095f014f78,
iK_ReadyToLoad,Digital input I2,BOOL,-A1_3:1.2  I2 : =S1+A-K18 Ready To Load Contactor On,="1.2",S1AA1_3,DI524,AC500_PM592_ETH_V2_3\Extension_Bus\CM579_PNIO_A02\CM579_Master\S1AA1,7000.Bytes.Byte0.Digital_Input_I2,e713a3ff-eb1d-4d30-b6a2-13095f014f78,
iK_DieselOn,Digital input I3,BOOL,-A1_3:1.3  I3 : =S1+A-K15 Diesel On Contactor,="1.3",S1AA1_3,DI524,AC500_PM592_ETH_V2_3\Extension_Bus\CM579_PNIO_A02\CM579_Master\S1AA1,7000.Bytes.Byte0.Digital_Input_I3,e713a3ff-eb1d-4d30-b6a2-13095f014f78,
iDieselWarning,Digital input I4,BOOL,-A1_3:1.4  I4 : =E+A-G1 Diesel Warning,="1.4",S1AA1_3,DI524,AC500_PM592_ETH_V2_3\Extension_Bus\CM579_PNIO_A02\CM579_Master\S1AA1,7000.Bytes.Byte0.Digital_Input_I4,e713a3ff-eb1d-4d30-b6a2-13095f014f78,
iAuxInvReady,Digital input I5,BOOL,-A1_3:1.5  I5 : =S1+A-U1 Auxiliary Inverter Ready,="1.5",S1AA1_3,DI524,AC500_PM592_ETH_V2_3\Extension_Bus\CM579_PNIO_A02\CM579_Master\S1AA1,7000.Bytes.Byte0.Digital_Input_I5,e713a3ff-eb1d-4d30-b6a2-13095f014f78,
iK_LoadDumpOverload,Digital input I6,BOOL,-A1_3:1.6  I6 : =S1+A-K19 Load Dump Overload Contactor On,="1.6",S1AA1_3,DI524,AC500_PM592_ETH_V2_3\Extension_Bus\CM579_PNIO_A02\CM579_Master\S1AA1,7000.Bytes.Byte0.Digital_Input_I6,e713a3ff-eb1d-4d30-b6a2-13095f014f78,
iAuxInvRun,Digital input I7,BOOL,-A1_3:1.7  I7 : =S1+A-U1 Auxiliary Inverter Run,="1.7",S1AA1_3,DI524,AC500_PM592_ETH_V2_3\Extension_Bus\CM579_PNIO_A02\CM579_Master\S1AA1,7000.Bytes.Byte0.Digital_Input_I7,e713a3ff-eb1d-4d30-b6a2-13095f014f78,
,Digital inputs I8 - I15,BYTE,,,S1AA1_3,DI524,AC500_PM592_ETH_V2_3\Extension_Bus\CM579_PNIO_A02\CM579_Master\S1AA1,7000.Bytes.Byte1,e713a3ff-eb1d-4d30-b6a2-13095f014f78,
iQ_SupplyAuxInv,Digital input I8,BOOL,-A1_3:2.0  I8 : =S1+A-Q5 Supply Auxiliary Inverter CB,="2.0",S1AA1_3,DI524,AC500_PM592_ETH_V2_3\Extension_Bus\CM579_PNIO_A02\CM579_Master\S1AA1,7000.Bytes.Byte1.Digital_Input_I8,e713a3ff-eb1d-4d30-b6a2-13095f014f78,
iK_ResetEStop,Digital input I9,BOOL,-A1_3:2.1  I9 : =S1+A-K01 Reset E-Stop,="2.1",S1AA1_3,DI524,AC500_PM592_ETH_V2_3\Extension_Bus\CM579_PNIO_A02\CM579_Master\S1AA1,7000.Bytes.Byte1.Digital_Input_I9,e713a3ff-eb1d-4d30-b6a2-13095f014f78,
,Digital input I10,BOOL,,="2.2",S1AA1_3,DI524,AC500_PM592_ETH_V2_3\Extension_Bus\CM579_PNIO_A02\CM579_Master\S1AA1,7000.Bytes.Byte1.Digital_Input_I10,e713a3ff-eb1d-4d30-b6a2-13095f014f78,
,Digital input I11,BOOL,,="2.3",S1AA1_3,DI524,AC500_PM592_ETH_V2_3\Extension_Bus\CM579_PNIO_A02\CM579_Master\S1AA1,7000.Bytes.Byte1.Digital_Input_I11,e713a3ff-eb1d-4d30-b6a2-13095f014f78,
iHighInputVoltage,Digital input I12,BOOL,-A1_3:2.4 I12 : =S1+A-U1 Inverter High Input Voltage,="2.4",S1AA1_3,DI524,AC500_PM592_ETH_V2_3\Extension_Bus\CM579_PNIO_A02\CM579_Master\S1AA1,7000.Bytes.Byte1.Digital_Input_I12,e713a3ff-eb1d-4d30-b6a2-13095f014f78,
iK_Maincontactor,Digital input I13,BOOL,-A1_3:2.5 I13 : =S1+A-K1M Main Contactor On,="2.5",S1AA1_3,DI524,AC500_PM592_ETH_V2_3\Extension_Bus\CM579_PNIO_A02\CM579_Master\S1AA1,7000.Bytes.Byte1.Digital_Input_I13,e713a3ff-eb1d-4d30-b6a2-13095f014f78,
iTempWarningDiesel,Digital input I14,BOOL,-A1_3:2.6 I14 : =E+A-G1 Temperature Warning Diesel,="2.6",S1AA1_3,DI524,AC500_PM592_ETH_V2_3\Extension_Bus\CM579_PNIO_A02\CM579_Master\S1AA1,7000.Bytes.Byte1.Digital_Input_I14,e713a3ff-eb1d-4d30-b6a2-13095f014f78,
iTempShutdownDiesel,Digital input I15,BOOL,-A1_3:2.7 I15 : =E+A-G1 Temperature Shutdown Diesel,="2.7",S1AA1_3,DI524,AC500_PM592_ETH_V2_3\Extension_Bus\CM579_PNIO_A02\CM579_Master\S1AA1,7000.Bytes.Byte1.Digital_Input_I15,e713a3ff-eb1d-4d30-b6a2-13095f014f78,
,Digital inputs I16 - I23,BYTE,,,S1AA1_3,DI524,AC500_PM592_ETH_V2_3\Extension_Bus\CM579_PNIO_A02\CM579_Master\S1AA1,7000.Bytes.Byte2,e713a3ff-eb1d-4d30-b6a2-13095f014f78,
iQ_Hoist1Mainswitch,Digital input I16,BOOL,-A1_3:3.0 I16 : =S1+H-Q1 Hoist 1 Mainswitch CB,="3.0",S1AA1_3,DI524,AC500_PM592_ETH_V2_3\Extension_Bus\CM579_PNIO_A02\CM579_Master\S1AA1,7000.Bytes.Byte2.Digital_Input_I16,e713a3ff-eb1d-4d30-b6a2-13095f014f78,
iQ_Travel2_Mainswitch,Digital input I17,BOOL,-A1_3:3.1 I17 : =S1+F-Q11 Travel 2 Mainswitch CB,="3.1",S1AA1_3,DI524,AC500_PM592_ETH_V2_3\Extension_Bus\CM579_PNIO_A02\CM579_Master\S1AA1,7000.Bytes.Byte2.Digital_Input_I17,e713a3ff-eb1d-4d30-b6a2-13095f014f78,
iK_IdleModeMaincontactor,Digital input I18,BOOL,-A1_3:3.2 I18 : =S1+A-K7M Idle Mode Main Contactor On,="3.2",S1AA1_3,DI524,AC500_PM592_ETH_V2_3\Extension_Bus\CM579_PNIO_A02\CM579_Master\S1AA1,7000.Bytes.Byte2.Digital_Input_I18,e713a3ff-eb1d-4d30-b6a2-13095f014f78,
iQ_IdleSupplyDrives,Digital input I19,BOOL,-A1_3:3.3 I19 : =S1+A-Q2M Idle Supply Drives CB,="3.3",S1AA1_3,DI524,AC500_PM592_ETH_V2_3\Extension_Bus\CM579_PNIO_A02\CM579_Master\S1AA1,7000.Bytes.Byte2.Digital_Input_I19,e713a3ff-eb1d-4d30-b6a2-13095f014f78,
iQ_Travel1_Mainswitch,Digital input I20,BOOL,-A1_3:3.4 I20 : =S1+F-Q1 Travel 1 Mainswitch CB,="3.4",S1AA1_3,DI524,AC500_PM592_ETH_V2_3\Extension_Bus\CM579_PNIO_A02\CM579_Master\S1AA1,7000.Bytes.Byte2.Digital_Input_I20,e713a3ff-eb1d-4d30-b6a2-13095f014f78,
iQ_TrolleyMainswitch,Digital input I21,BOOL,-A1_3:3.5 I21 : =S1+K-Q1 Trolley Mainswitch CB,="3.5",S1AA1_3,DI524,AC500_PM592_ETH_V2_3\Extension_Bus\CM579_PNIO_A02\CM579_Master\S1AA1,7000.Bytes.Byte2.Digital_Input_I21,e713a3ff-eb1d-4d30-b6a2-13095f014f78,
iQ_DrivesMainswitch,Digital input I22,BOOL,-A1_3:3.6 I22 : =S1+A-Q4 Drives Mainswitch CB,="3.6",S1AA1_3,DI524,AC500_PM592_ETH_V2_3\Extension_Bus\CM579_PNIO_A02\CM579_Master\S1AA1,7000.Bytes.Byte2.Digital_Input_I22,e713a3ff-eb1d-4d30-b6a2-13095f014f78,
iQ_Control115V_AC,Digital input I23,BOOL,-A1_3:3.7 I23 : =S1+A-Q11 Control 115VAC CB,="3.7",S1AA1_3,DI524,AC500_PM592_ETH_V2_3\Extension_Bus\CM579_PNIO_A02\CM579_Master\S1AA1,7000.Bytes.Byte2.Digital_Input_I23,e713a3ff-eb1d-4d30-b6a2-13095f014f78,
,Digital inputs I24 - I31,BYTE,,,S1AA1_3,DI524,AC500_PM592_ETH_V2_3\Extension_Bus\CM579_PNIO_A02\CM579_Master\S1AA1,7000.Bytes.Byte3,e713a3ff-eb1d-4d30-b6a2-13095f014f78,
iK_DieselSupplyMaincontactor,Digital input I24,BOOL,-A1_3:4.0 I24 : =S1+A-K6M Diesel Supply Main Contactor On,="4.0",S1AA1_3,DI524,AC500_PM592_ETH_V2_3\Extension_Bus\CM579_PNIO_A02\CM579_Master\S1AA1,7000.Bytes.Byte3.Digital_Input_I24,e713a3ff-eb1d-4d30-b6a2-13095f014f78,
iQ_MainDieselSupply,Digital input I25,BOOL,-A1_3:4.1 I25 : =S1+A-Q2 Main Diesel Supply CB,="4.1",S1AA1_3,DI524,AC500_PM592_ETH_V2_3\Extension_Bus\CM579_PNIO_A02\CM579_Master\S1AA1,7000.Bytes.Byte3.Digital_Input_I25,e713a3ff-eb1d-4d30-b6a2-13095f014f78,
iK_ShoreSupplyInterlock,Digital input I26,BOOL,-A1_3:4.2 I26 : =S1+A-K8 Shore Supply Interlock Contactor On,="4.2",S1AA1_3,DI524,AC500_PM592_ETH_V2_3\Extension_Bus\CM579_PNIO_A02\CM579_Master\S1AA1,7000.Bytes.Byte3.Digital_Input_I26,e713a3ff-eb1d-4d30-b6a2-13095f014f78,
iK_MaincontactorOn,Digital input I27,BOOL,-A1_3:4.3 I27 : =S1+A-K3 Main Contactor On Control relay,="4.3",S1AA1_3,DI524,AC500_PM592_ETH_V2_3\Extension_Bus\CM579_PNIO_A02\CM579_Master\S1AA1,7000.Bytes.Byte3.Digital_Input_I27,e713a3ff-eb1d-4d30-b6a2-13095f014f78,
iK_ShoreSupplyPluggedIn,Digital input I28,BOOL,-A1_3:4.4 I28 : =S1+A-K8M Shore Supply Plugged In Contactor On,="4.4",S1AA1_3,DI524,AC500_PM592_ETH_V2_3\Extension_Bus\CM579_PNIO_A02\CM579_Master\S1AA1,7000.Bytes.Byte3.Digital_Input_I28,e713a3ff-eb1d-4d30-b6a2-13095f014f78,
iQ_AuxShoreSupply,Digital input I29,BOOL,-A1_3:4.5 I29 : =S1+A-Q3 Auxiliary Shore Supply CB,="4.5",S1AA1_3,DI524,AC500_PM592_ETH_V2_3\Extension_Bus\CM579_PNIO_A02\CM579_Master\S1AA1,7000.Bytes.Byte3.Digital_Input_I29,e713a3ff-eb1d-4d30-b6a2-13095f014f78,
iF_24V_DC_SupplyF8,Digital input I30,BOOL,-A1_3:4.6 I30 : =S1+A-F8 Control Voltage 24V DC supply F8,="4.6",S1AA1_3,DI524,AC500_PM592_ETH_V2_3\Extension_Bus\CM579_PNIO_A02\CM579_Master\S1AA1,7000.Bytes.Byte3.Digital_Input_I30,e713a3ff-eb1d-4d30-b6a2-13095f014f78,
iC_IdleModeBypass_S1,Digital input I31,BOOL,-A1_3:4.7 I31 : =S1+A-S11 Idle Mode Bypass Command S1,="4.7",S1AA1_3,DI524,AC500_PM592_ETH_V2_3\Extension_Bus\CM579_PNIO_A02\CM579_Master\S1AA1,7000.Bytes.Byte3.Digital_Input_I31,e713a3ff-eb1d-4d30-b6a2-13095f014f78,
//S1AA1_4 (AC500_PM592_ETH_V2_3\Extension_Bus\CM579_PNIO_A02\CM579_Master\S1AA1)
,Digital inputs I0 - I31,DWORD,,,S1AA1_4,DI524,AC500_PM592_ETH_V2_3\Extension_Bus\CM579_PNIO_A02\CM579_Master\S1AA1,7000.Typ_DWord,8ae96225-1e4e-4aba-8393-015f111db3ac,
,Digital inputs I0 - I15,WORD,,,S1AA1_4,DI524,AC500_PM592_ETH_V2_3\Extension_Bus\CM579_PNIO_A02\CM579_Master\S1AA1,7000.Words.Word0,8ae96225-1e4e-4aba-8393-015f111db3ac,
,Digital inputs I16 - I31,WORD,,,S1AA1_4,DI524,AC500_PM592_ETH_V2_3\Extension_Bus\CM579_PNIO_A02\CM579_Master\S1AA1,7000.Words.Word1,8ae96225-1e4e-4aba-8393-015f111db3ac,
,Digital inputs I0 - I7,BYTE,,,S1AA1_4,DI524,AC500_PM592_ETH_V2_3\Extension_Bus\CM579_PNIO_A02\CM579_Master\S1AA1,7000.Bytes.Byte0,8ae96225-1e4e-4aba-8393-015f111db3ac,
iFC_TrolleyReady,Digital input I0,BOOL,-A1_4:1.0  I0 : =S1+K-U1 Trolley FC Ready signal,="1.0",S1AA1_4,DI524,AC500_PM592_ETH_V2_3\Extension_Bus\CM579_PNIO_A02\CM579_Master\S1AA1,7000.Bytes.Byte0.Digital_Input_I0,8ae96225-1e4e-4aba-8393-015f111db3ac,
iTravelObstacleAntiCollPre10_FR,Digital input I1,BOOL,-A1_4:1.1  I1 : =E+F-B21 Travel Obstacle AntiCollision FR Pre 10% (off if activated),="1.1",S1AA1_4,DI524,AC500_PM592_ETH_V2_3\Extension_Bus\CM579_PNIO_A02\CM579_Master\S1AA1,7000.Bytes.Byte0.Digital_Input_I1,8ae96225-1e4e-4aba-8393-015f111db3ac,
iTravelObstacleAntiCollStopBL,Digital input I2,BOOL,-A1_4:1.2  I2 : =E+F-B41 Travel Obstacle AntiCollision BL Stop (off if activated),="1.2",S1AA1_4,DI524,AC500_PM592_ETH_V2_3\Extension_Bus\CM579_PNIO_A02\CM579_Master\S1AA1,7000.Bytes.Byte0.Digital_Input_I2,8ae96225-1e4e-4aba-8393-015f111db3ac,
iFC_Travel2_Ready,Digital input I3,BOOL,-A1_4:1.3  I3 : =S1+F-U2 Travel 2 FC Ready signal,="1.3",S1AA1_4,DI524,AC500_PM592_ETH_V2_3\Extension_Bus\CM579_PNIO_A02\CM579_Master\S1AA1,7000.Bytes.Byte0.Digital_Input_I3,8ae96225-1e4e-4aba-8393-015f111db3ac,
iTravelObstacleAntiCollPre10_BL,Digital input I4,BOOL,-A1_4:1.4  I4 : =E+F-B41 Travel Obstacle AntiCollision BL Pre 10% (off if activated),="1.4",S1AA1_4,DI524,AC500_PM592_ETH_V2_3\Extension_Bus\CM579_PNIO_A02\CM579_Master\S1AA1,7000.Bytes.Byte0.Digital_Input_I4,8ae96225-1e4e-4aba-8393-015f111db3ac,
iTravelObstacleAntiCollStopBR,Digital input I5,BOOL,-A1_4:1.5  I5 : =E+F-B31 Travel Obstacle AntiCollision BR Stop (off if activated),="1.5",S1AA1_4,DI524,AC500_PM592_ETH_V2_3\Extension_Bus\CM579_PNIO_A02\CM579_Master\S1AA1,7000.Bytes.Byte0.Digital_Input_I5,8ae96225-1e4e-4aba-8393-015f111db3ac,
iTravelObstacleAntiCollPre10_BR,Digital input I6,BOOL,-A1_4:1.6  I6 : =E+F-B31 Travel Obstacle AntiCollision BR Pre 10% (off if activated),="1.6",S1AA1_4,DI524,AC500_PM592_ETH_V2_3\Extension_Bus\CM579_PNIO_A02\CM579_Master\S1AA1,7000.Bytes.Byte0.Digital_Input_I6,8ae96225-1e4e-4aba-8393-015f111db3ac,
iFC_Travel1_Ready,Digital input I7,BOOL,-A1_4:1.7  I7 : =S1+F-U1 Travel 1 FC Ready signal,="1.7",S1AA1_4,DI524,AC500_PM592_ETH_V2_3\Extension_Bus\CM579_PNIO_A02\CM579_Master\S1AA1,7000.Bytes.Byte0.Digital_Input_I7,8ae96225-1e4e-4aba-8393-015f111db3ac,
,Digital inputs I8 - I15,BYTE,,,S1AA1_4,DI524,AC500_PM592_ETH_V2_3\Extension_Bus\CM579_PNIO_A02\CM579_Master\S1AA1,7000.Bytes.Byte1,8ae96225-1e4e-4aba-8393-015f111db3ac,
iK_IdleModeSupplyDrives,Digital input I8,BOOL,-A1_4:2.0  I8 : =S1+A-K2M Idle Mode Supply Drives Contactor On,="2.0",S1AA1_4,DI524,AC500_PM592_ETH_V2_3\Extension_Bus\CM579_PNIO_A02\CM579_Master\S1AA1,7000.Bytes.Byte1.Digital_Input_I8,8ae96225-1e4e-4aba-8393-015f111db3ac,
iFC_Hoist1_BrakeOff,Digital input I9,BOOL,-A1_4:2.1  I9 : =S1+H-U1 Hoist 1 FC Brake Off signal,="2.1",S1AA1_4,DI524,AC500_PM592_ETH_V2_3\Extension_Bus\CM579_PNIO_A02\CM579_Master\S1AA1,7000.Bytes.Byte1.Digital_Input_I9,8ae96225-1e4e-4aba-8393-015f111db3ac,
iF_EHouseAirCon2,Digital input I10,BOOL,-A1_4:2.2 I10 : =S1+R-F37 E-House Air Conditioning 2 Supply,="2.2",S1AA1_4,DI524,AC500_PM592_ETH_V2_3\Extension_Bus\CM579_PNIO_A02\CM579_Master\S1AA1,7000.Bytes.Byte1.Digital_Input_I10,8ae96225-1e4e-4aba-8393-015f111db3ac,
iLS_DieselInterlock,Digital input I11,BOOL,-A1_4:2.3 I11 : =S1+A-B2 Diesel Interlock Door Limitswitch,="2.3",S1AA1_4,DI524,AC500_PM592_ETH_V2_3\Extension_Bus\CM579_PNIO_A02\CM579_Master\S1AA1,7000.Bytes.Byte1.Digital_Input_I11,8ae96225-1e4e-4aba-8393-015f111db3ac,
,Digital input I12,BOOL,,="2.4",S1AA1_4,DI524,AC500_PM592_ETH_V2_3\Extension_Bus\CM579_PNIO_A02\CM579_Master\S1AA1,7000.Bytes.Byte1.Digital_Input_I12,8ae96225-1e4e-4aba-8393-015f111db3ac,
,Digital input I13,BOOL,,="2.5",S1AA1_4,DI524,AC500_PM592_ETH_V2_3\Extension_Bus\CM579_PNIO_A02\CM579_Master\S1AA1,7000.Bytes.Byte1.Digital_Input_I13,8ae96225-1e4e-4aba-8393-015f111db3ac,
iK_Lowering,Digital input I14,BOOL,-A1_4:2.6 I14 : =S1+H-K3 Lowering Direction Contactor,="2.6",S1AA1_4,DI524,AC500_PM592_ETH_V2_3\Extension_Bus\CM579_PNIO_A02\CM579_Master\S1AA1,7000.Bytes.Byte1.Digital_Input_I14,8ae96225-1e4e-4aba-8393-015f111db3ac,
iFC_Hoist1_Ready,Digital input I15,BOOL,-A1_4:2.7 I15 : =S1+H-U1 Hoist 1 FC Ready,="2.7",S1AA1_4,DI524,AC500_PM592_ETH_V2_3\Extension_Bus\CM579_PNIO_A02\CM579_Master\S1AA1,7000.Bytes.Byte1.Digital_Input_I15,8ae96225-1e4e-4aba-8393-015f111db3ac,
,Digital inputs I16 - I23,BYTE,,,S1AA1_4,DI524,AC500_PM592_ETH_V2_3\Extension_Bus\CM579_PNIO_A02\CM579_Master\S1AA1,7000.Bytes.Byte2,8ae96225-1e4e-4aba-8393-015f111db3ac,
iF_TravelMotor3_Overcurrent,Digital input I16,BOOL,-A1_4:3.0 I16 : =S1+F-F21 Travel Motor 3 Current Monitor,="3.0",S1AA1_4,DI524,AC500_PM592_ETH_V2_3\Extension_Bus\CM579_PNIO_A02\CM579_Master\S1AA1,7000.Bytes.Byte2.Digital_Input_I16,8ae96225-1e4e-4aba-8393-015f111db3ac,
iF_TravelMotor1_Overcurrent,Digital input I17,BOOL,-A1_4:3.1 I17 : =S1+F-F11 Travel Motor 1 Current Monitor,="3.1",S1AA1_4,DI524,AC500_PM592_ETH_V2_3\Extension_Bus\CM579_PNIO_A02\CM579_Master\S1AA1,7000.Bytes.Byte2.Digital_Input_I17,8ae96225-1e4e-4aba-8393-015f111db3ac,
iQ_TravelBrakeBR,Digital input I18,BOOL,-A1_4:3.2 I18 : =S1+F-Q23 Travel Brake Back Right CB,="3.2",S1AA1_4,DI524,AC500_PM592_ETH_V2_3\Extension_Bus\CM579_PNIO_A02\CM579_Master\S1AA1,7000.Bytes.Byte2.Digital_Input_I18,8ae96225-1e4e-4aba-8393-015f111db3ac,
iQ_TravelBrakeFR,Digital input I19,BOOL,-A1_4:3.3 I19 : =S1+F-Q13 Travel Brake Front Right CB,="3.3",S1AA1_4,DI524,AC500_PM592_ETH_V2_3\Extension_Bus\CM579_PNIO_A02\CM579_Master\S1AA1,7000.Bytes.Byte2.Digital_Input_I19,8ae96225-1e4e-4aba-8393-015f111db3ac,
iF_TravelMotor4_Overcurrent,Digital input I20,BOOL,-A1_4:3.4 I20 : =S1+F-F22 Travel Motor 4 Current Monitor,="3.4",S1AA1_4,DI524,AC500_PM592_ETH_V2_3\Extension_Bus\CM579_PNIO_A02\CM579_Master\S1AA1,7000.Bytes.Byte2.Digital_Input_I20,8ae96225-1e4e-4aba-8393-015f111db3ac,
iF_TravelMotor2_Overcurrent,Digital input I21,BOOL,-A1_4:3.5 I21 : =S1+F-F12 Travel Motor 2 Current Monitor,="3.5",S1AA1_4,DI524,AC500_PM592_ETH_V2_3\Extension_Bus\CM579_PNIO_A02\CM579_Master\S1AA1,7000.Bytes.Byte2.Digital_Input_I21,8ae96225-1e4e-4aba-8393-015f111db3ac,
iQ_TravelBrakeBL,Digital input I22,BOOL,-A1_4:3.6 I22 : =S1+F-Q33 Travel Brake Back Left CB,="3.6",S1AA1_4,DI524,AC500_PM592_ETH_V2_3\Extension_Bus\CM579_PNIO_A02\CM579_Master\S1AA1,7000.Bytes.Byte2.Digital_Input_I22,8ae96225-1e4e-4aba-8393-015f111db3ac,
iQ_TravelBrakeFL,Digital input I23,BOOL,-A1_4:3.7 I23 : =S1+F-Q3 Travel Brake Front Left CB,="3.7",S1AA1_4,DI524,AC500_PM592_ETH_V2_3\Extension_Bus\CM579_PNIO_A02\CM579_Master\S1AA1,7000.Bytes.Byte2.Digital_Input_I23,8ae96225-1e4e-4aba-8393-015f111db3ac,
,Digital inputs I24 - I31,BYTE,,,S1AA1_4,DI524,AC500_PM592_ETH_V2_3\Extension_Bus\CM579_PNIO_A02\CM579_Master\S1AA1,7000.Bytes.Byte3,8ae96225-1e4e-4aba-8393-015f111db3ac,
iFC_Travel1_BrakeOff,Digital input I24,BOOL,-A1_4:4.0 I24 : =S1+F-U1 Travel 1 FC Brake signal Off,="4.0",S1AA1_4,DI524,AC500_PM592_ETH_V2_3\Extension_Bus\CM579_PNIO_A02\CM579_Master\S1AA1,7000.Bytes.Byte3.Digital_Input_I24,8ae96225-1e4e-4aba-8393-015f111db3ac,
iF_AntiConHeaters_S1,Digital input I25,BOOL,-A1_4:4.1 I25 : =S1+R-F53 Anti-Condensation Heating S1,="4.1",S1AA1_4,DI524,AC500_PM592_ETH_V2_3\Extension_Bus\CM579_PNIO_A02\CM579_Master\S1AA1,7000.Bytes.Byte3.Digital_Input_I25,8ae96225-1e4e-4aba-8393-015f111db3ac,
iQ_S2_Supply,Digital input I26,BOOL,-A1_4:4.2 I26 : =S1+R-Q10 Switchbox S2 CB,="4.2",S1AA1_4,DI524,AC500_PM592_ETH_V2_3\Extension_Bus\CM579_PNIO_A02\CM579_Master\S1AA1,7000.Bytes.Byte3.Digital_Input_I26,8ae96225-1e4e-4aba-8393-015f111db3ac,
iFC_Travel2_BrakeOff,Digital input I27,BOOL,-A1_4:4.3 I27 : =S1+F-U2 Travel 2 FC Brake signal Off,="4.3",S1AA1_4,DI524,AC500_PM592_ETH_V2_3\Extension_Bus\CM579_PNIO_A02\CM579_Master\S1AA1,7000.Bytes.Byte3.Digital_Input_I27,8ae96225-1e4e-4aba-8393-015f111db3ac,
iF_DieselAntiConHeaters,Digital input I28,BOOL,-A1_4:4.4 I28 : =S1+R-F54 Anti-Condensation Heating Diesel supply,="4.4",S1AA1_4,DI524,AC500_PM592_ETH_V2_3\Extension_Bus\CM579_PNIO_A02\CM579_Master\S1AA1,7000.Bytes.Byte3.Digital_Input_I28,8ae96225-1e4e-4aba-8393-015f111db3ac,
iF_EHouseAirCon1,Digital input I29,BOOL,-A1_4:4.5 I29 : =S1+R-F38 E-House Air Conditioning 1 Supply,="4.5",S1AA1_4,DI524,AC500_PM592_ETH_V2_3\Extension_Bus\CM579_PNIO_A02\CM579_Master\S1AA1,7000.Bytes.Byte3.Digital_Input_I29,8ae96225-1e4e-4aba-8393-015f111db3ac,
iQ_AuxSupply_S2,Digital input I30,BOOL,-A1_4:4.6 I30 : =S1+R-Q12 Auxiliary Supply S2 CB,="4.6",S1AA1_4,DI524,AC500_PM592_ETH_V2_3\Extension_Bus\CM579_PNIO_A02\CM579_Master\S1AA1,7000.Bytes.Byte3.Digital_Input_I30,8ae96225-1e4e-4aba-8393-015f111db3ac,
iQ_Control24V_DC,Digital input I31,BOOL,-A1_4:4.7 I31 : =S1+A-Q1 Control 24VDC CB,="4.7",S1AA1_4,DI524,AC500_PM592_ETH_V2_3\Extension_Bus\CM579_PNIO_A02\CM579_Master\S1AA1,7000.Bytes.Byte3.Digital_Input_I31,8ae96225-1e4e-4aba-8393-015f111db3ac,
//S1AA1_5 (AC500_PM592_ETH_V2_3\Extension_Bus\CM579_PNIO_A02\CM579_Master\S1AA1)
,Digital inputs C0 - C7,BYTE,,,S1AA1_5,DC523,AC500_PM592_ETH_V2_3\Extension_Bus\CM579_PNIO_A02\CM579_Master\S1AA1,7000,00a00840-7abf-4c03-ac17-df5669349c0d,
,Digital input C0,BOOL,,="2.0",S1AA1_5,DC523,AC500_PM592_ETH_V2_3\Extension_Bus\CM579_PNIO_A02\CM579_Master\S1AA1,7000.Digital_Input_C0,00a00840-7abf-4c03-ac17-df5669349c0d,
,Digital input C1,BOOL,,="2.1",S1AA1_5,DC523,AC500_PM592_ETH_V2_3\Extension_Bus\CM579_PNIO_A02\CM579_Master\S1AA1,7000.Digital_Input_C1,00a00840-7abf-4c03-ac17-df5669349c0d,
,Digital input C2,BOOL,,="2.2",S1AA1_5,DC523,AC500_PM592_ETH_V2_3\Extension_Bus\CM579_PNIO_A02\CM579_Master\S1AA1,7000.Digital_Input_C2,00a00840-7abf-4c03-ac17-df5669349c0d,
,Digital input C3,BOOL,,="2.3",S1AA1_5,DC523,AC500_PM592_ETH_V2_3\Extension_Bus\CM579_PNIO_A02\CM579_Master\S1AA1,7000.Digital_Input_C3,00a00840-7abf-4c03-ac17-df5669349c0d,
,Digital input C4,BOOL,,="2.4",S1AA1_5,DC523,AC500_PM592_ETH_V2_3\Extension_Bus\CM579_PNIO_A02\CM579_Master\S1AA1,7000.Digital_Input_C4,00a00840-7abf-4c03-ac17-df5669349c0d,
,Digital input C5,BOOL,,="2.5",S1AA1_5,DC523,AC500_PM592_ETH_V2_3\Extension_Bus\CM579_PNIO_A02\CM579_Master\S1AA1,7000.Digital_Input_C5,00a00840-7abf-4c03-ac17-df5669349c0d,
,Digital input C6,BOOL,,="2.6",S1AA1_5,DC523,AC500_PM592_ETH_V2_3\Extension_Bus\CM579_PNIO_A02\CM579_Master\S1AA1,7000.Digital_Input_C6,00a00840-7abf-4c03-ac17-df5669349c0d,
,Digital input C7,BOOL,,="2.7",S1AA1_5,DC523,AC500_PM592_ETH_V2_3\Extension_Bus\CM579_PNIO_A02\CM579_Master\S1AA1,7000.Digital_Input_C7,00a00840-7abf-4c03-ac17-df5669349c0d,
,Digital inputs C8 - C15,BYTE,,,S1AA1_5,DC523,AC500_PM592_ETH_V2_3\Extension_Bus\CM579_PNIO_A02\CM579_Master\S1AA1,7001,00a00840-7abf-4c03-ac17-df5669349c0d,
,Digital input C8,BOOL,,="3.0",S1AA1_5,DC523,AC500_PM592_ETH_V2_3\Extension_Bus\CM579_PNIO_A02\CM579_Master\S1AA1,7001.Digital_Input_C8,00a00840-7abf-4c03-ac17-df5669349c0d,
,Digital input C9,BOOL,,="3.1",S1AA1_5,DC523,AC500_PM592_ETH_V2_3\Extension_Bus\CM579_PNIO_A02\CM579_Master\S1AA1,7001.Digital_Input_C9,00a00840-7abf-4c03-ac17-df5669349c0d,
,Digital input C10,BOOL,,="3.2",S1AA1_5,DC523,AC500_PM592_ETH_V2_3\Extension_Bus\CM579_PNIO_A02\CM579_Master\S1AA1,7001.Digital_Input_C10,00a00840-7abf-4c03-ac17-df5669349c0d,
,Digital input C11,BOOL,,="3.3",S1AA1_5,DC523,AC500_PM592_ETH_V2_3\Extension_Bus\CM579_PNIO_A02\CM579_Master\S1AA1,7001.Digital_Input_C11,00a00840-7abf-4c03-ac17-df5669349c0d,
,Digital input C12,BOOL,,="3.4",S1AA1_5,DC523,AC500_PM592_ETH_V2_3\Extension_Bus\CM579_PNIO_A02\CM579_Master\S1AA1,7001.Digital_Input_C12,00a00840-7abf-4c03-ac17-df5669349c0d,
,Digital input C13,BOOL,,="3.5",S1AA1_5,DC523,AC500_PM592_ETH_V2_3\Extension_Bus\CM579_PNIO_A02\CM579_Master\S1AA1,7001.Digital_Input_C13,00a00840-7abf-4c03-ac17-df5669349c0d,
,Digital input C14,BOOL,,="3.6",S1AA1_5,DC523,AC500_PM592_ETH_V2_3\Extension_Bus\CM579_PNIO_A02\CM579_Master\S1AA1,7001.Digital_Input_C14,00a00840-7abf-4c03-ac17-df5669349c0d,
,Digital input C15,BOOL,,="3.7",S1AA1_5,DC523,AC500_PM592_ETH_V2_3\Extension_Bus\CM579_PNIO_A02\CM579_Master\S1AA1,7001.Digital_Input_C15,00a00840-7abf-4c03-ac17-df5669349c0d,
,Digital inputs C16 - C23,BYTE,,,S1AA1_5,DC523,AC500_PM592_ETH_V2_3\Extension_Bus\CM579_PNIO_A02\CM579_Master\S1AA1,7002,00a00840-7abf-4c03-ac17-df5669349c0d,
,Digital input C16,BOOL,,="4.0",S1AA1_5,DC523,AC500_PM592_ETH_V2_3\Extension_Bus\CM579_PNIO_A02\CM579_Master\S1AA1,7002.Digital_Input_C16,00a00840-7abf-4c03-ac17-df5669349c0d,
,Digital input C17,BOOL,,="4.1",S1AA1_5,DC523,AC500_PM592_ETH_V2_3\Extension_Bus\CM579_PNIO_A02\CM579_Master\S1AA1,7002.Digital_Input_C17,00a00840-7abf-4c03-ac17-df5669349c0d,
,Digital input C18,BOOL,,="4.2",S1AA1_5,DC523,AC500_PM592_ETH_V2_3\Extension_Bus\CM579_PNIO_A02\CM579_Master\S1AA1,7002.Digital_Input_C18,00a00840-7abf-4c03-ac17-df5669349c0d,
,Digital input C19,BOOL,,="4.3",S1AA1_5,DC523,AC500_PM592_ETH_V2_3\Extension_Bus\CM579_PNIO_A02\CM579_Master\S1AA1,7002.Digital_Input_C19,00a00840-7abf-4c03-ac17-df5669349c0d,
,Digital input C20,BOOL,,="4.4",S1AA1_5,DC523,AC500_PM592_ETH_V2_3\Extension_Bus\CM579_PNIO_A02\CM579_Master\S1AA1,7002.Digital_Input_C20,00a00840-7abf-4c03-ac17-df5669349c0d,
,Digital input C21,BOOL,,="4.5",S1AA1_5,DC523,AC500_PM592_ETH_V2_3\Extension_Bus\CM579_PNIO_A02\CM579_Master\S1AA1,7002.Digital_Input_C21,00a00840-7abf-4c03-ac17-df5669349c0d,
,Digital input C22,BOOL,,="4.6",S1AA1_5,DC523,AC500_PM592_ETH_V2_3\Extension_Bus\CM579_PNIO_A02\CM579_Master\S1AA1,7002.Digital_Input_C22,00a00840-7abf-4c03-ac17-df5669349c0d,
,Digital input C23,BOOL,,="4.7",S1AA1_5,DC523,AC500_PM592_ETH_V2_3\Extension_Bus\CM579_PNIO_A02\CM579_Master\S1AA1,7002.Digital_Input_C23,00a00840-7abf-4c03-ac17-df5669349c0d,
,Digital outputs C0 - C7,BYTE,,,S1AA1_5,DC523,AC500_PM592_ETH_V2_3\Extension_Bus\CM579_PNIO_A02\CM579_Master\S1AA1,8000,00a00840-7abf-4c03-ac17-df5669349c0d,
,Digital output C0,BOOL,,="2.0",S1AA1_5,DC523,AC500_PM592_ETH_V2_3\Extension_Bus\CM579_PNIO_A02\CM579_Master\S1AA1,8000.Digital_Output_C0,00a00840-7abf-4c03-ac17-df5669349c0d,
,Digital output C1,BOOL,,="2.1",S1AA1_5,DC523,AC500_PM592_ETH_V2_3\Extension_Bus\CM579_PNIO_A02\CM579_Master\S1AA1,8000.Digital_Output_C1,00a00840-7abf-4c03-ac17-df5669349c0d,
qBypassStackAntiColl,Digital output C2,BOOL,-A1_5:2.2  C2 : =S1+F-K7 Bypass Stack Anti Collision,="2.2",S1AA1_5,DC523,AC500_PM592_ETH_V2_3\Extension_Bus\CM579_PNIO_A02\CM579_Master\S1AA1,8000.Digital_Output_C2,00a00840-7abf-4c03-ac17-df5669349c0d,
qSteerExtendRamBR,Digital output C3,BOOL,-A1_5:2.3  C3 : =S1+F-K83.1 Steering Extend Ram Back Right,="2.3",S1AA1_5,DC523,AC500_PM592_ETH_V2_3\Extension_Bus\CM579_PNIO_A02\CM579_Master\S1AA1,8000.Digital_Output_C3,00a00840-7abf-4c03-ac17-df5669349c0d,
qSteerRetractRamBL,Digital output C4,BOOL,-A1_5:2.4  C4 : =S1+F-K84 Steering Retract Ram Back Left,="2.4",S1AA1_5,DC523,AC500_PM592_ETH_V2_3\Extension_Bus\CM579_PNIO_A02\CM579_Master\S1AA1,8000.Digital_Output_C4,00a00840-7abf-4c03-ac17-df5669349c0d,
qSteerExtendRamBL,Digital output C5,BOOL,-A1_5:2.5  C5 : =S1+F-K84.1 Steering Extend Ram Back Left,="2.5",S1AA1_5,DC523,AC500_PM592_ETH_V2_3\Extension_Bus\CM579_PNIO_A02\CM579_Master\S1AA1,8000.Digital_Output_C5,00a00840-7abf-4c03-ac17-df5669349c0d,
qWheelTurnAlarm,Digital output C6,BOOL,-A1_5:2.6  C6 : =S1+F-K90 Wheel Turn Alarm,="2.6",S1AA1_5,DC523,AC500_PM592_ETH_V2_3\Extension_Bus\CM579_PNIO_A02\CM579_Master\S1AA1,8000.Digital_Output_C6,00a00840-7abf-4c03-ac17-df5669349c0d,
,Digital output C7,BOOL,,="2.7",S1AA1_5,DC523,AC500_PM592_ETH_V2_3\Extension_Bus\CM579_PNIO_A02\CM579_Master\S1AA1,8000.Digital_Output_C7,00a00840-7abf-4c03-ac17-df5669349c0d,
,Digital outputs C8 - C15,BYTE,,,S1AA1_5,DC523,AC500_PM592_ETH_V2_3\Extension_Bus\CM579_PNIO_A02\CM579_Master\S1AA1,8001,00a00840-7abf-4c03-ac17-df5669349c0d,
,Digital output C8,BOOL,,="3.0",S1AA1_5,DC523,AC500_PM592_ETH_V2_3\Extension_Bus\CM579_PNIO_A02\CM579_Master\S1AA1,8001.Digital_Output_C8,00a00840-7abf-4c03-ac17-df5669349c0d,
,Digital output C9,BOOL,,="3.1",S1AA1_5,DC523,AC500_PM592_ETH_V2_3\Extension_Bus\CM579_PNIO_A02\CM579_Master\S1AA1,8001.Digital_Output_C9,00a00840-7abf-4c03-ac17-df5669349c0d,
qIdleModeBypass,Digital output C10,BOOL,-A1_5:3.2 C10 : =S1+A-K16 Idle Mode Bypass,="3.2",S1AA1_5,DC523,AC500_PM592_ETH_V2_3\Extension_Bus\CM579_PNIO_A02\CM579_Master\S1AA1,8001.Digital_Output_C10,00a00840-7abf-4c03-ac17-df5669349c0d,
,Digital output C11,BOOL,,="3.3",S1AA1_5,DC523,AC500_PM592_ETH_V2_3\Extension_Bus\CM579_PNIO_A02\CM579_Master\S1AA1,8001.Digital_Output_C11,00a00840-7abf-4c03-ac17-df5669349c0d,
qResetEStop,Digital output C12,BOOL,-A1_5:3.4 C12 : =S1+A-K01 Reset E-Stop,="3.4",S1AA1_5,DC523,AC500_PM592_ETH_V2_3\Extension_Bus\CM579_PNIO_A02\CM579_Master\S1AA1,8001.Digital_Output_C12,00a00840-7abf-4c03-ac17-df5669349c0d,
qMaincontactorOn,Digital output C13,BOOL,-A1_5:3.5 C13 : =S1+A-K3 Maintcontactor On,="3.5",S1AA1_5,DC523,AC500_PM592_ETH_V2_3\Extension_Bus\CM579_PNIO_A02\CM579_Master\S1AA1,8001.Digital_Output_C13,00a00840-7abf-4c03-ac17-df5669349c0d,
qLifeSign_HW_WD_Relay,Digital output C14,BOOL,-A1_5:3.6 C14 : =S1+A-K20T Lifesign Hardware Watchdog relay,="3.6",S1AA1_5,DC523,AC500_PM592_ETH_V2_3\Extension_Bus\CM579_PNIO_A02\CM579_Master\S1AA1,8001.Digital_Output_C14,00a00840-7abf-4c03-ac17-df5669349c0d,
qIdleModeSelect,Digital output C15,BOOL,-A1_5:3.7 C15 : =S1+A-K17 Idle Mode Diesel Selected,="3.7",S1AA1_5,DC523,AC500_PM592_ETH_V2_3\Extension_Bus\CM579_PNIO_A02\CM579_Master\S1AA1,8001.Digital_Output_C15,00a00840-7abf-4c03-ac17-df5669349c0d,
,Digital outputs C16 - C23,BYTE,,,S1AA1_5,DC523,AC500_PM592_ETH_V2_3\Extension_Bus\CM579_PNIO_A02\CM579_Master\S1AA1,8002,00a00840-7abf-4c03-ac17-df5669349c0d,
qTravelDirectionRev,Digital output C16,BOOL,-A1_5:4.0 C16 : =S1+F-K14 Travel Direction Reverse Motor,="4.0",S1AA1_5,DC523,AC500_PM592_ETH_V2_3\Extension_Bus\CM579_PNIO_A02\CM579_Master\S1AA1,8002.Digital_Output_C16,00a00840-7abf-4c03-ac17-df5669349c0d,
qIdleMode,Digital output C17,BOOL,-A1_5:4.1 C17 : =S1+A-K11T IDLE MODE,="4.1",S1AA1_5,DC523,AC500_PM592_ETH_V2_3\Extension_Bus\CM579_PNIO_A02\CM579_Master\S1AA1,8002.Digital_Output_C17,00a00840-7abf-4c03-ac17-df5669349c0d,
qH_Reset_S1,Digital output C18,BOOL,-A1_5:4.2 C18 : =S1+A-H73 Reset Button Lamp S1,="4.2",S1AA1_5,DC523,AC500_PM592_ETH_V2_3\Extension_Bus\CM579_PNIO_A02\CM579_Master\S1AA1,8002.Digital_Output_C18,00a00840-7abf-4c03-ac17-df5669349c0d,
qHornGround,Digital output C19,BOOL,-A1_5:4.3 C19 : =S1+A-K24 Horn at Ground Level,="4.3",S1AA1_5,DC523,AC500_PM592_ETH_V2_3\Extension_Bus\CM579_PNIO_A02\CM579_Master\S1AA1,8002.Digital_Output_C19,00a00840-7abf-4c03-ac17-df5669349c0d,
qIdleModeSupplyDrives,Digital output C20,BOOL,-A1_5:4.4 C20 : =S1+A-K2M Idle Mode Supply Drives,="4.4",S1AA1_5,DC523,AC500_PM592_ETH_V2_3\Extension_Bus\CM579_PNIO_A02\CM579_Master\S1AA1,8002.Digital_Output_C20,00a00840-7abf-4c03-ac17-df5669349c0d,
qMainDieselStop,Digital output C21,BOOL,-A1_5:4.5 C21 : =S1+A-K10 Main Diesel Stop,="4.5",S1AA1_5,DC523,AC500_PM592_ETH_V2_3\Extension_Bus\CM579_PNIO_A02\CM579_Master\S1AA1,8002.Digital_Output_C21,00a00840-7abf-4c03-ac17-df5669349c0d,
qTwistlockCounter,Digital output C22,BOOL,-A1_5:4.6 C22 : =S1+C-P1C Twistlock counter,="4.6",S1AA1_5,DC523,AC500_PM592_ETH_V2_3\Extension_Bus\CM579_PNIO_A02\CM579_Master\S1AA1,8002.Digital_Output_C22,00a00840-7abf-4c03-ac17-df5669349c0d,
qStart_HW_WD_Relay,Digital output C23,BOOL,-A1_5:4.7 C23 : =S1+A-K20T Start Hardware Watchdog relay,="4.7",S1AA1_5,DC523,AC500_PM592_ETH_V2_3\Extension_Bus\CM579_PNIO_A02\CM579_Master\S1AA1,8002.Digital_Output_C23,00a00840-7abf-4c03-ac17-df5669349c0d,
//S1AA1_6 (AC500_PM592_ETH_V2_3\Extension_Bus\CM579_PNIO_A02\CM579_Master\S1AA1)
,Digital inputs C0 - C7,BYTE,,,S1AA1_6,DC523,AC500_PM592_ETH_V2_3\Extension_Bus\CM579_PNIO_A02\CM579_Master\S1AA1,7000,2da5c61d-ec3f-444a-b3fa-9e466f824d54,
,Digital input C0,BOOL,,="2.0",S1AA1_6,DC523,AC500_PM592_ETH_V2_3\Extension_Bus\CM579_PNIO_A02\CM579_Master\S1AA1,7000.Digital_Input_C0,2da5c61d-ec3f-444a-b3fa-9e466f824d54,
,Digital input C1,BOOL,,="2.1",S1AA1_6,DC523,AC500_PM592_ETH_V2_3\Extension_Bus\CM579_PNIO_A02\CM579_Master\S1AA1,7000.Digital_Input_C1,2da5c61d-ec3f-444a-b3fa-9e466f824d54,
,Digital input C2,BOOL,,="2.2",S1AA1_6,DC523,AC500_PM592_ETH_V2_3\Extension_Bus\CM579_PNIO_A02\CM579_Master\S1AA1,7000.Digital_Input_C2,2da5c61d-ec3f-444a-b3fa-9e466f824d54,
,Digital input C3,BOOL,,="2.3",S1AA1_6,DC523,AC500_PM592_ETH_V2_3\Extension_Bus\CM579_PNIO_A02\CM579_Master\S1AA1,7000.Digital_Input_C3,2da5c61d-ec3f-444a-b3fa-9e466f824d54,
,Digital input C4,BOOL,,="2.4",S1AA1_6,DC523,AC500_PM592_ETH_V2_3\Extension_Bus\CM579_PNIO_A02\CM579_Master\S1AA1,7000.Digital_Input_C4,2da5c61d-ec3f-444a-b3fa-9e466f824d54,
,Digital input C5,BOOL,,="2.5",S1AA1_6,DC523,AC500_PM592_ETH_V2_3\Extension_Bus\CM579_PNIO_A02\CM579_Master\S1AA1,7000.Digital_Input_C5,2da5c61d-ec3f-444a-b3fa-9e466f824d54,
,Digital input C6,BOOL,,="2.6",S1AA1_6,DC523,AC500_PM592_ETH_V2_3\Extension_Bus\CM579_PNIO_A02\CM579_Master\S1AA1,7000.Digital_Input_C6,2da5c61d-ec3f-444a-b3fa-9e466f824d54,
,Digital input C7,BOOL,,="2.7",S1AA1_6,DC523,AC500_PM592_ETH_V2_3\Extension_Bus\CM579_PNIO_A02\CM579_Master\S1AA1,7000.Digital_Input_C7,2da5c61d-ec3f-444a-b3fa-9e466f824d54,
,Digital inputs C8 - C15,BYTE,,,S1AA1_6,DC523,AC500_PM592_ETH_V2_3\Extension_Bus\CM579_PNIO_A02\CM579_Master\S1AA1,7001,2da5c61d-ec3f-444a-b3fa-9e466f824d54,
,Digital input C8,BOOL,,="3.0",S1AA1_6,DC523,AC500_PM592_ETH_V2_3\Extension_Bus\CM579_PNIO_A02\CM579_Master\S1AA1,7001.Digital_Input_C8,2da5c61d-ec3f-444a-b3fa-9e466f824d54,
,Digital input C9,BOOL,,="3.1",S1AA1_6,DC523,AC500_PM592_ETH_V2_3\Extension_Bus\CM579_PNIO_A02\CM579_Master\S1AA1,7001.Digital_Input_C9,2da5c61d-ec3f-444a-b3fa-9e466f824d54,
,Digital input C10,BOOL,,="3.2",S1AA1_6,DC523,AC500_PM592_ETH_V2_3\Extension_Bus\CM579_PNIO_A02\CM579_Master\S1AA1,7001.Digital_Input_C10,2da5c61d-ec3f-444a-b3fa-9e466f824d54,
,Digital input C11,BOOL,,="3.3",S1AA1_6,DC523,AC500_PM592_ETH_V2_3\Extension_Bus\CM579_PNIO_A02\CM579_Master\S1AA1,7001.Digital_Input_C11,2da5c61d-ec3f-444a-b3fa-9e466f824d54,
,Digital input C12,BOOL,,="3.4",S1AA1_6,DC523,AC500_PM592_ETH_V2_3\Extension_Bus\CM579_PNIO_A02\CM579_Master\S1AA1,7001.Digital_Input_C12,2da5c61d-ec3f-444a-b3fa-9e466f824d54,
,Digital input C13,BOOL,,="3.5",S1AA1_6,DC523,AC500_PM592_ETH_V2_3\Extension_Bus\CM579_PNIO_A02\CM579_Master\S1AA1,7001.Digital_Input_C13,2da5c61d-ec3f-444a-b3fa-9e466f824d54,
,Digital input C14,BOOL,,="3.6",S1AA1_6,DC523,AC500_PM592_ETH_V2_3\Extension_Bus\CM579_PNIO_A02\CM579_Master\S1AA1,7001.Digital_Input_C14,2da5c61d-ec3f-444a-b3fa-9e466f824d54,
,Digital input C15,BOOL,,="3.7",S1AA1_6,DC523,AC500_PM592_ETH_V2_3\Extension_Bus\CM579_PNIO_A02\CM579_Master\S1AA1,7001.Digital_Input_C15,2da5c61d-ec3f-444a-b3fa-9e466f824d54,
,Digital inputs C16 - C23,BYTE,,,S1AA1_6,DC523,AC500_PM592_ETH_V2_3\Extension_Bus\CM579_PNIO_A02\CM579_Master\S1AA1,7002,2da5c61d-ec3f-444a-b3fa-9e466f824d54,
,Digital input C16,BOOL,,="4.0",S1AA1_6,DC523,AC500_PM592_ETH_V2_3\Extension_Bus\CM579_PNIO_A02\CM579_Master\S1AA1,7002.Digital_Input_C16,2da5c61d-ec3f-444a-b3fa-9e466f824d54,
,Digital input C17,BOOL,,="4.1",S1AA1_6,DC523,AC500_PM592_ETH_V2_3\Extension_Bus\CM579_PNIO_A02\CM579_Master\S1AA1,7002.Digital_Input_C17,2da5c61d-ec3f-444a-b3fa-9e466f824d54,
,Digital input C18,BOOL,,="4.2",S1AA1_6,DC523,AC500_PM592_ETH_V2_3\Extension_Bus\CM579_PNIO_A02\CM579_Master\S1AA1,7002.Digital_Input_C18,2da5c61d-ec3f-444a-b3fa-9e466f824d54,
,Digital input C19,BOOL,,="4.3",S1AA1_6,DC523,AC500_PM592_ETH_V2_3\Extension_Bus\CM579_PNIO_A02\CM579_Master\S1AA1,7002.Digital_Input_C19,2da5c61d-ec3f-444a-b3fa-9e466f824d54,
,Digital input C20,BOOL,,="4.4",S1AA1_6,DC523,AC500_PM592_ETH_V2_3\Extension_Bus\CM579_PNIO_A02\CM579_Master\S1AA1,7002.Digital_Input_C20,2da5c61d-ec3f-444a-b3fa-9e466f824d54,
,Digital input C21,BOOL,,="4.5",S1AA1_6,DC523,AC500_PM592_ETH_V2_3\Extension_Bus\CM579_PNIO_A02\CM579_Master\S1AA1,7002.Digital_Input_C21,2da5c61d-ec3f-444a-b3fa-9e466f824d54,
,Digital input C22,BOOL,,="4.6",S1AA1_6,DC523,AC500_PM592_ETH_V2_3\Extension_Bus\CM579_PNIO_A02\CM579_Master\S1AA1,7002.Digital_Input_C22,2da5c61d-ec3f-444a-b3fa-9e466f824d54,
,Digital input C23,BOOL,,="4.7",S1AA1_6,DC523,AC500_PM592_ETH_V2_3\Extension_Bus\CM579_PNIO_A02\CM579_Master\S1AA1,7002.Digital_Input_C23,2da5c61d-ec3f-444a-b3fa-9e466f824d54,
,Digital outputs C0 - C7,BYTE,,,S1AA1_6,DC523,AC500_PM592_ETH_V2_3\Extension_Bus\CM579_PNIO_A02\CM579_Master\S1AA1,8000,2da5c61d-ec3f-444a-b3fa-9e466f824d54,
,Digital output C0,BOOL,,="2.0",S1AA1_6,DC523,AC500_PM592_ETH_V2_3\Extension_Bus\CM579_PNIO_A02\CM579_Master\S1AA1,8000.Digital_Output_C0,2da5c61d-ec3f-444a-b3fa-9e466f824d54,
,Digital output C1,BOOL,,="2.1",S1AA1_6,DC523,AC500_PM592_ETH_V2_3\Extension_Bus\CM579_PNIO_A02\CM579_Master\S1AA1,8000.Digital_Output_C1,2da5c61d-ec3f-444a-b3fa-9e466f824d54,
,Digital output C2,BOOL,,="2.2",S1AA1_6,DC523,AC500_PM592_ETH_V2_3\Extension_Bus\CM579_PNIO_A02\CM579_Master\S1AA1,8000.Digital_Output_C2,2da5c61d-ec3f-444a-b3fa-9e466f824d54,
,Digital output C3,BOOL,,="2.3",S1AA1_6,DC523,AC500_PM592_ETH_V2_3\Extension_Bus\CM579_PNIO_A02\CM579_Master\S1AA1,8000.Digital_Output_C3,2da5c61d-ec3f-444a-b3fa-9e466f824d54,
,Digital output C4,BOOL,,="2.4",S1AA1_6,DC523,AC500_PM592_ETH_V2_3\Extension_Bus\CM579_PNIO_A02\CM579_Master\S1AA1,8000.Digital_Output_C4,2da5c61d-ec3f-444a-b3fa-9e466f824d54,
,Digital output C5,BOOL,,="2.5",S1AA1_6,DC523,AC500_PM592_ETH_V2_3\Extension_Bus\CM579_PNIO_A02\CM579_Master\S1AA1,8000.Digital_Output_C5,2da5c61d-ec3f-444a-b3fa-9e466f824d54,
,Digital output C6,BOOL,,="2.6",S1AA1_6,DC523,AC500_PM592_ETH_V2_3\Extension_Bus\CM579_PNIO_A02\CM579_Master\S1AA1,8000.Digital_Output_C6,2da5c61d-ec3f-444a-b3fa-9e466f824d54,
,Digital output C7,BOOL,,="2.7",S1AA1_6,DC523,AC500_PM592_ETH_V2_3\Extension_Bus\CM579_PNIO_A02\CM579_Master\S1AA1,8000.Digital_Output_C7,2da5c61d-ec3f-444a-b3fa-9e466f824d54,
,Digital outputs C8 - C15,BYTE,,,S1AA1_6,DC523,AC500_PM592_ETH_V2_3\Extension_Bus\CM579_PNIO_A02\CM579_Master\S1AA1,8001,2da5c61d-ec3f-444a-b3fa-9e466f824d54,
qFU2_Terminal32,Digital output C8,BOOL,-A1_6:3.0  C8 : =S1+F-U2 Travel 2 FC Terminal 32,="3.0",S1AA1_6,DC523,AC500_PM592_ETH_V2_3\Extension_Bus\CM579_PNIO_A02\CM579_Master\S1AA1,8001.Digital_Output_C8,2da5c61d-ec3f-444a-b3fa-9e466f824d54,
qFU1_Terminal33,Digital output C9,BOOL,-A1_6:3.1  C9 : =S1+F-U1 Travel 1 FC Terminal 33,="3.1",S1AA1_6,DC523,AC500_PM592_ETH_V2_3\Extension_Bus\CM579_PNIO_A02\CM579_Master\S1AA1,8001.Digital_Output_C9,2da5c61d-ec3f-444a-b3fa-9e466f824d54,
qKU1_Terminal29,Digital output C10,BOOL,-A1_6:3.2 C10 : =S1+K-U1 Trolley FC Terminal 29,="3.2",S1AA1_6,DC523,AC500_PM592_ETH_V2_3\Extension_Bus\CM579_PNIO_A02\CM579_Master\S1AA1,8001.Digital_Output_C10,2da5c61d-ec3f-444a-b3fa-9e466f824d54,
qTrolleyForward,Digital output C11,BOOL,-A1_6:3.3 C11 : =S1+K-U1 TROLLEY FORWARD,="3.3",S1AA1_6,DC523,AC500_PM592_ETH_V2_3\Extension_Bus\CM579_PNIO_A02\CM579_Master\S1AA1,8001.Digital_Output_C11,2da5c61d-ec3f-444a-b3fa-9e466f824d54,
qFU1_Terminal32,Digital output C12,BOOL,-A1_6:3.4 C12 : =S1+F-U1 Travel 1 FC Terminal 32,="3.4",S1AA1_6,DC523,AC500_PM592_ETH_V2_3\Extension_Bus\CM579_PNIO_A02\CM579_Master\S1AA1,8001.Digital_Output_C12,2da5c61d-ec3f-444a-b3fa-9e466f824d54,
qKU1_Terminal27,Digital output C13,BOOL,-A1_6:3.5 C13 : =S1+K-U1 Trolley FC Terminal 27,="3.5",S1AA1_6,DC523,AC500_PM592_ETH_V2_3\Extension_Bus\CM579_PNIO_A02\CM579_Master\S1AA1,8001.Digital_Output_C13,2da5c61d-ec3f-444a-b3fa-9e466f824d54,
qTrolleyReverse,Digital output C14,BOOL,-A1_6:3.6 C14 : =S1+K-U1 TROLLEY REVERSE,="3.6",S1AA1_6,DC523,AC500_PM592_ETH_V2_3\Extension_Bus\CM579_PNIO_A02\CM579_Master\S1AA1,8001.Digital_Output_C14,2da5c61d-ec3f-444a-b3fa-9e466f824d54,
qFC_TrolleyIGBT_Release,Digital output C15,BOOL,-A1_6:3.7 C15 : =S1+K-U1 Trolley FC IGBT Release,="3.7",S1AA1_6,DC523,AC500_PM592_ETH_V2_3\Extension_Bus\CM579_PNIO_A02\CM579_Master\S1AA1,8001.Digital_Output_C15,2da5c61d-ec3f-444a-b3fa-9e466f824d54,
,Digital outputs C16 - C23,BYTE,,,S1AA1_6,DC523,AC500_PM592_ETH_V2_3\Extension_Bus\CM579_PNIO_A02\CM579_Master\S1AA1,8002,2da5c61d-ec3f-444a-b3fa-9e466f824d54,
qKU1_Terminal32,Digital output C16,BOOL,-A1_6:4.0 C16 : =S1+K-U1 Trolley FC Terminal 32,="4.0",S1AA1_6,DC523,AC500_PM592_ETH_V2_3\Extension_Bus\CM579_PNIO_A02\CM579_Master\S1AA1,8002.Digital_Output_C16,2da5c61d-ec3f-444a-b3fa-9e466f824d54,
qTravel2Right,Digital output C17,BOOL,-A1_6:4.1 C17 : =S1+F-U2 Travel 2 Right,="4.1",S1AA1_6,DC523,AC500_PM592_ETH_V2_3\Extension_Bus\CM579_PNIO_A02\CM579_Master\S1AA1,8002.Digital_Output_C17,2da5c61d-ec3f-444a-b3fa-9e466f824d54,
qFU2_Terminal33,Digital output C18,BOOL,-A1_6:4.2 C18 : =S1+F-U2 Travel 2 FC Terminal 33,="4.2",S1AA1_6,DC523,AC500_PM592_ETH_V2_3\Extension_Bus\CM579_PNIO_A02\CM579_Master\S1AA1,8002.Digital_Output_C18,2da5c61d-ec3f-444a-b3fa-9e466f824d54,
qFU2_Terminal27,Digital output C19,BOOL,-A1_6:4.3 C19 : =S1+F-U2 Travel 2 FC Terminal 27,="4.3",S1AA1_6,DC523,AC500_PM592_ETH_V2_3\Extension_Bus\CM579_PNIO_A02\CM579_Master\S1AA1,8002.Digital_Output_C19,2da5c61d-ec3f-444a-b3fa-9e466f824d54,
qKU1_Terminal33,Digital output C20,BOOL,-A1_6:4.4 C20 : =S1+K-U1 Trolley FC Terminal 33,="4.4",S1AA1_6,DC523,AC500_PM592_ETH_V2_3\Extension_Bus\CM579_PNIO_A02\CM579_Master\S1AA1,8002.Digital_Output_C20,2da5c61d-ec3f-444a-b3fa-9e466f824d54,
qTravel2Left,Digital output C21,BOOL,-A1_6:4.5 C21 : =S1+F-U2 Travel 2 Left,="4.5",S1AA1_6,DC523,AC500_PM592_ETH_V2_3\Extension_Bus\CM579_PNIO_A02\CM579_Master\S1AA1,8002.Digital_Output_C21,2da5c61d-ec3f-444a-b3fa-9e466f824d54,
qFU1_Terminal29,Digital output C22,BOOL,-A1_6:4.6 C22 : =S1+F-U1 Travel 1 FC Terminal 29,="4.6",S1AA1_6,DC523,AC500_PM592_ETH_V2_3\Extension_Bus\CM579_PNIO_A02\CM579_Master\S1AA1,8002.Digital_Output_C22,2da5c61d-ec3f-444a-b3fa-9e466f824d54,
qFU2_Terminal29,Digital output C23,BOOL,-A1_6:4.7 C23 : =S1+F-U2 Travel 2 FC Terminal 29,="4.7",S1AA1_6,DC523,AC500_PM592_ETH_V2_3\Extension_Bus\CM579_PNIO_A02\CM579_Master\S1AA1,8002.Digital_Output_C23,2da5c61d-ec3f-444a-b3fa-9e466f824d54,
//S1AA1_7 (AC500_PM592_ETH_V2_3\Extension_Bus\CM579_PNIO_A02\CM579_Master\S1AA1)
,Digital inputs C0 - C7,BYTE,,,S1AA1_7,DC523,AC500_PM592_ETH_V2_3\Extension_Bus\CM579_PNIO_A02\CM579_Master\S1AA1,7000,4d4fa8c3-76ac-4e8e-9de2-40436e4b6891,
,Digital input C0,BOOL,,="2.0",S1AA1_7,DC523,AC500_PM592_ETH_V2_3\Extension_Bus\CM579_PNIO_A02\CM579_Master\S1AA1,7000.Digital_Input_C0,4d4fa8c3-76ac-4e8e-9de2-40436e4b6891,
,Digital input C1,BOOL,,="2.1",S1AA1_7,DC523,AC500_PM592_ETH_V2_3\Extension_Bus\CM579_PNIO_A02\CM579_Master\S1AA1,7000.Digital_Input_C1,4d4fa8c3-76ac-4e8e-9de2-40436e4b6891,
,Digital input C2,BOOL,,="2.2",S1AA1_7,DC523,AC500_PM592_ETH_V2_3\Extension_Bus\CM579_PNIO_A02\CM579_Master\S1AA1,7000.Digital_Input_C2,4d4fa8c3-76ac-4e8e-9de2-40436e4b6891,
,Digital input C3,BOOL,,="2.3",S1AA1_7,DC523,AC500_PM592_ETH_V2_3\Extension_Bus\CM579_PNIO_A02\CM579_Master\S1AA1,7000.Digital_Input_C3,4d4fa8c3-76ac-4e8e-9de2-40436e4b6891,
,Digital input C4,BOOL,,="2.4",S1AA1_7,DC523,AC500_PM592_ETH_V2_3\Extension_Bus\CM579_PNIO_A02\CM579_Master\S1AA1,7000.Digital_Input_C4,4d4fa8c3-76ac-4e8e-9de2-40436e4b6891,
,Digital input C5,BOOL,,="2.5",S1AA1_7,DC523,AC500_PM592_ETH_V2_3\Extension_Bus\CM579_PNIO_A02\CM579_Master\S1AA1,7000.Digital_Input_C5,4d4fa8c3-76ac-4e8e-9de2-40436e4b6891,
,Digital input C6,BOOL,,="2.6",S1AA1_7,DC523,AC500_PM592_ETH_V2_3\Extension_Bus\CM579_PNIO_A02\CM579_Master\S1AA1,7000.Digital_Input_C6,4d4fa8c3-76ac-4e8e-9de2-40436e4b6891,
,Digital input C7,BOOL,,="2.7",S1AA1_7,DC523,AC500_PM592_ETH_V2_3\Extension_Bus\CM579_PNIO_A02\CM579_Master\S1AA1,7000.Digital_Input_C7,4d4fa8c3-76ac-4e8e-9de2-40436e4b6891,
,Digital inputs C8 - C15,BYTE,,,S1AA1_7,DC523,AC500_PM592_ETH_V2_3\Extension_Bus\CM579_PNIO_A02\CM579_Master\S1AA1,7001,4d4fa8c3-76ac-4e8e-9de2-40436e4b6891,
,Digital input C8,BOOL,,="3.0",S1AA1_7,DC523,AC500_PM592_ETH_V2_3\Extension_Bus\CM579_PNIO_A02\CM579_Master\S1AA1,7001.Digital_Input_C8,4d4fa8c3-76ac-4e8e-9de2-40436e4b6891,
,Digital input C9,BOOL,,="3.1",S1AA1_7,DC523,AC500_PM592_ETH_V2_3\Extension_Bus\CM579_PNIO_A02\CM579_Master\S1AA1,7001.Digital_Input_C9,4d4fa8c3-76ac-4e8e-9de2-40436e4b6891,
,Digital input C10,BOOL,,="3.2",S1AA1_7,DC523,AC500_PM592_ETH_V2_3\Extension_Bus\CM579_PNIO_A02\CM579_Master\S1AA1,7001.Digital_Input_C10,4d4fa8c3-76ac-4e8e-9de2-40436e4b6891,
,Digital input C11,BOOL,,="3.3",S1AA1_7,DC523,AC500_PM592_ETH_V2_3\Extension_Bus\CM579_PNIO_A02\CM579_Master\S1AA1,7001.Digital_Input_C11,4d4fa8c3-76ac-4e8e-9de2-40436e4b6891,
,Digital input C12,BOOL,,="3.4",S1AA1_7,DC523,AC500_PM592_ETH_V2_3\Extension_Bus\CM579_PNIO_A02\CM579_Master\S1AA1,7001.Digital_Input_C12,4d4fa8c3-76ac-4e8e-9de2-40436e4b6891,
,Digital input C13,BOOL,,="3.5",S1AA1_7,DC523,AC500_PM592_ETH_V2_3\Extension_Bus\CM579_PNIO_A02\CM579_Master\S1AA1,7001.Digital_Input_C13,4d4fa8c3-76ac-4e8e-9de2-40436e4b6891,
,Digital input C14,BOOL,,="3.6",S1AA1_7,DC523,AC500_PM592_ETH_V2_3\Extension_Bus\CM579_PNIO_A02\CM579_Master\S1AA1,7001.Digital_Input_C14,4d4fa8c3-76ac-4e8e-9de2-40436e4b6891,
,Digital input C15,BOOL,,="3.7",S1AA1_7,DC523,AC500_PM592_ETH_V2_3\Extension_Bus\CM579_PNIO_A02\CM579_Master\S1AA1,7001.Digital_Input_C15,4d4fa8c3-76ac-4e8e-9de2-40436e4b6891,
,Digital inputs C16 - C23,BYTE,,,S1AA1_7,DC523,AC500_PM592_ETH_V2_3\Extension_Bus\CM579_PNIO_A02\CM579_Master\S1AA1,7002,4d4fa8c3-76ac-4e8e-9de2-40436e4b6891,
,Digital input C16,BOOL,,="4.0",S1AA1_7,DC523,AC500_PM592_ETH_V2_3\Extension_Bus\CM579_PNIO_A02\CM579_Master\S1AA1,7002.Digital_Input_C16,4d4fa8c3-76ac-4e8e-9de2-40436e4b6891,
,Digital input C17,BOOL,,="4.1",S1AA1_7,DC523,AC500_PM592_ETH_V2_3\Extension_Bus\CM579_PNIO_A02\CM579_Master\S1AA1,7002.Digital_Input_C17,4d4fa8c3-76ac-4e8e-9de2-40436e4b6891,
,Digital input C18,BOOL,,="4.2",S1AA1_7,DC523,AC500_PM592_ETH_V2_3\Extension_Bus\CM579_PNIO_A02\CM579_Master\S1AA1,7002.Digital_Input_C18,4d4fa8c3-76ac-4e8e-9de2-40436e4b6891,
,Digital input C19,BOOL,,="4.3",S1AA1_7,DC523,AC500_PM592_ETH_V2_3\Extension_Bus\CM579_PNIO_A02\CM579_Master\S1AA1,7002.Digital_Input_C19,4d4fa8c3-76ac-4e8e-9de2-40436e4b6891,
,Digital input C20,BOOL,,="4.4",S1AA1_7,DC523,AC500_PM592_ETH_V2_3\Extension_Bus\CM579_PNIO_A02\CM579_Master\S1AA1,7002.Digital_Input_C20,4d4fa8c3-76ac-4e8e-9de2-40436e4b6891,
,Digital input C21,BOOL,,="4.5",S1AA1_7,DC523,AC500_PM592_ETH_V2_3\Extension_Bus\CM579_PNIO_A02\CM579_Master\S1AA1,7002.Digital_Input_C21,4d4fa8c3-76ac-4e8e-9de2-40436e4b6891,
,Digital input C22,BOOL,,="4.6",S1AA1_7,DC523,AC500_PM592_ETH_V2_3\Extension_Bus\CM579_PNIO_A02\CM579_Master\S1AA1,7002.Digital_Input_C22,4d4fa8c3-76ac-4e8e-9de2-40436e4b6891,
,Digital input C23,BOOL,,="4.7",S1AA1_7,DC523,AC500_PM592_ETH_V2_3\Extension_Bus\CM579_PNIO_A02\CM579_Master\S1AA1,7002.Digital_Input_C23,4d4fa8c3-76ac-4e8e-9de2-40436e4b6891,
,Digital outputs C0 - C7,BYTE,,,S1AA1_7,DC523,AC500_PM592_ETH_V2_3\Extension_Bus\CM579_PNIO_A02\CM579_Master\S1AA1,8000,4d4fa8c3-76ac-4e8e-9de2-40436e4b6891,
qFC_TravelIGBT_Release,Digital output C0,BOOL,-A1_7:2.0  C0 : =S1+F-U1 Travel FC IGBT Release,="2.0",S1AA1_7,DC523,AC500_PM592_ETH_V2_3\Extension_Bus\CM579_PNIO_A02\CM579_Master\S1AA1,8000.Digital_Output_C0,4d4fa8c3-76ac-4e8e-9de2-40436e4b6891,
qTravel1Left,Digital output C1,BOOL,-A1_7:2.1  C1 : =S1+F-U1 Travel 1 Left,="2.1",S1AA1_7,DC523,AC500_PM592_ETH_V2_3\Extension_Bus\CM579_PNIO_A02\CM579_Master\S1AA1,8000.Digital_Output_C1,4d4fa8c3-76ac-4e8e-9de2-40436e4b6891,
qFU1_Terminal27,Digital output C2,BOOL,-A1_7:2.2  C2 : =S1+F-U1 Travel 1 FC Terminal 27,="2.2",S1AA1_7,DC523,AC500_PM592_ETH_V2_3\Extension_Bus\CM579_PNIO_A02\CM579_Master\S1AA1,8000.Digital_Output_C2,4d4fa8c3-76ac-4e8e-9de2-40436e4b6891,
qTravel1Right,Digital output C3,BOOL,-A1_7:2.3  C3 : =S1+F-U1 Travel 1 Right,="2.3",S1AA1_7,DC523,AC500_PM592_ETH_V2_3\Extension_Bus\CM579_PNIO_A02\CM579_Master\S1AA1,8000.Digital_Output_C3,4d4fa8c3-76ac-4e8e-9de2-40436e4b6891,
qSpare_A1_7_O4,Digital output C4,BOOL,-A1_7:2.4  C4 : =S1+A-X1:VID1 Spare Output Prewired,="2.4",S1AA1_7,DC523,AC500_PM592_ETH_V2_3\Extension_Bus\CM579_PNIO_A02\CM579_Master\S1AA1,8000.Digital_Output_C4,4d4fa8c3-76ac-4e8e-9de2-40436e4b6891,
qHoistDown,Digital output C5,BOOL,-A1_7:2.5  C5 : =S1+H-K3 Lower Down,="2.5",S1AA1_7,DC523,AC500_PM592_ETH_V2_3\Extension_Bus\CM579_PNIO_A02\CM579_Master\S1AA1,8000.Digital_Output_C5,4d4fa8c3-76ac-4e8e-9de2-40436e4b6891,
qHU1_Terminal33,Digital output C6,BOOL,-A1_7:2.6  C6 : =S1+H-U1 Hoist 1 FC Terminal 33,="2.6",S1AA1_7,DC523,AC500_PM592_ETH_V2_3\Extension_Bus\CM579_PNIO_A02\CM579_Master\S1AA1,8000.Digital_Output_C6,4d4fa8c3-76ac-4e8e-9de2-40436e4b6891,
qHU1_Terminal32,Digital output C7,BOOL,-A1_7:2.7  C7 : =S1+H-U1 Hoist 1 FC Terminal 32,="2.7",S1AA1_7,DC523,AC500_PM592_ETH_V2_3\Extension_Bus\CM579_PNIO_A02\CM579_Master\S1AA1,8000.Digital_Output_C7,4d4fa8c3-76ac-4e8e-9de2-40436e4b6891,
,Digital outputs C8 - C15,BYTE,,,S1AA1_7,DC523,AC500_PM592_ETH_V2_3\Extension_Bus\CM579_PNIO_A02\CM579_Master\S1AA1,8001,4d4fa8c3-76ac-4e8e-9de2-40436e4b6891,
qSpare_A1_7_O8,Digital output C8,BOOL,-A1_7:3.0  C8 : =S1+A-X2:VID2 Spare Output Prewired,="3.0",S1AA1_7,DC523,AC500_PM592_ETH_V2_3\Extension_Bus\CM579_PNIO_A02\CM579_Master\S1AA1,8001.Digital_Output_C8,4d4fa8c3-76ac-4e8e-9de2-40436e4b6891,
qHU1_Terminal27,Digital output C9,BOOL,-A1_7:3.1  C9 : =S1+H-U1 Hoist 1 FC Terminal 27,="3.1",S1AA1_7,DC523,AC500_PM592_ETH_V2_3\Extension_Bus\CM579_PNIO_A02\CM579_Master\S1AA1,8001.Digital_Output_C9,4d4fa8c3-76ac-4e8e-9de2-40436e4b6891,
qSteerRetractRamFL,Digital output C10,BOOL,-A1_7:3.2 C10 : =S1+F-K81 Steering Retract Ram Front Left,="3.2",S1AA1_7,DC523,AC500_PM592_ETH_V2_3\Extension_Bus\CM579_PNIO_A02\CM579_Master\S1AA1,8001.Digital_Output_C10,4d4fa8c3-76ac-4e8e-9de2-40436e4b6891,
qSteerExtendRamFL,Digital output C11,BOOL,-A1_7:3.3 C11 : =S1+F-K81.1 Steering Extend Ram Front Left,="3.3",S1AA1_7,DC523,AC500_PM592_ETH_V2_3\Extension_Bus\CM579_PNIO_A02\CM579_Master\S1AA1,8001.Digital_Output_C11,4d4fa8c3-76ac-4e8e-9de2-40436e4b6891,
,Digital output C12,BOOL,,="3.4",S1AA1_7,DC523,AC500_PM592_ETH_V2_3\Extension_Bus\CM579_PNIO_A02\CM579_Master\S1AA1,8001.Digital_Output_C12,4d4fa8c3-76ac-4e8e-9de2-40436e4b6891,
qSpare_A1_7_O13,Digital output C13,BOOL,-A1_7:3.5 C13 : =S1+F-K50 Spare Output Prewired,="3.5",S1AA1_7,DC523,AC500_PM592_ETH_V2_3\Extension_Bus\CM579_PNIO_A02\CM579_Master\S1AA1,8001.Digital_Output_C13,4d4fa8c3-76ac-4e8e-9de2-40436e4b6891,
,Digital output C14,BOOL,,="3.6",S1AA1_7,DC523,AC500_PM592_ETH_V2_3\Extension_Bus\CM579_PNIO_A02\CM579_Master\S1AA1,8001.Digital_Output_C14,4d4fa8c3-76ac-4e8e-9de2-40436e4b6891,
,Digital output C15,BOOL,,="3.7",S1AA1_7,DC523,AC500_PM592_ETH_V2_3\Extension_Bus\CM579_PNIO_A02\CM579_Master\S1AA1,8001.Digital_Output_C15,4d4fa8c3-76ac-4e8e-9de2-40436e4b6891,
,Digital outputs C16 - C23,BYTE,,,S1AA1_7,DC523,AC500_PM592_ETH_V2_3\Extension_Bus\CM579_PNIO_A02\CM579_Master\S1AA1,8002,4d4fa8c3-76ac-4e8e-9de2-40436e4b6891,
,Digital output C16,BOOL,,="4.0",S1AA1_7,DC523,AC500_PM592_ETH_V2_3\Extension_Bus\CM579_PNIO_A02\CM579_Master\S1AA1,8002.Digital_Output_C16,4d4fa8c3-76ac-4e8e-9de2-40436e4b6891,
,Digital output C17,BOOL,,="4.1",S1AA1_7,DC523,AC500_PM592_ETH_V2_3\Extension_Bus\CM579_PNIO_A02\CM579_Master\S1AA1,8002.Digital_Output_C17,4d4fa8c3-76ac-4e8e-9de2-40436e4b6891,
,Digital output C18,BOOL,,="4.2",S1AA1_7,DC523,AC500_PM592_ETH_V2_3\Extension_Bus\CM579_PNIO_A02\CM579_Master\S1AA1,8002.Digital_Output_C18,4d4fa8c3-76ac-4e8e-9de2-40436e4b6891,
,Digital output C19,BOOL,,="4.3",S1AA1_7,DC523,AC500_PM592_ETH_V2_3\Extension_Bus\CM579_PNIO_A02\CM579_Master\S1AA1,8002.Digital_Output_C19,4d4fa8c3-76ac-4e8e-9de2-40436e4b6891,
qInterruptReleaseAuxInv,Digital output C20,BOOL,-A1_7:4.4 C20 : =S1+A-K25 Interrupt Release Auxiliary Inverter,="4.4",S1AA1_7,DC523,AC500_PM592_ETH_V2_3\Extension_Bus\CM579_PNIO_A02\CM579_Master\S1AA1,8002.Digital_Output_C20,4d4fa8c3-76ac-4e8e-9de2-40436e4b6891,
qSteerRetractRamFR,Digital output C21,BOOL,-A1_7:4.5 C21 : =S1+F-K82 Steering Retract Ram Front Right,="4.5",S1AA1_7,DC523,AC500_PM592_ETH_V2_3\Extension_Bus\CM579_PNIO_A02\CM579_Master\S1AA1,8002.Digital_Output_C21,4d4fa8c3-76ac-4e8e-9de2-40436e4b6891,
qSteerExtendRamFR,Digital output C22,BOOL,-A1_7:4.6 C22 : =S1+F-K82.1 Steering Extend Ram Front Right,="4.6",S1AA1_7,DC523,AC500_PM592_ETH_V2_3\Extension_Bus\CM579_PNIO_A02\CM579_Master\S1AA1,8002.Digital_Output_C22,4d4fa8c3-76ac-4e8e-9de2-40436e4b6891,
qSteerRetractRamBR,Digital output C23,BOOL,-A1_7:4.7 C23 : =S1+F-K83 Steering Retract Ram Back Right,="4.7",S1AA1_7,DC523,AC500_PM592_ETH_V2_3\Extension_Bus\CM579_PNIO_A02\CM579_Master\S1AA1,8002.Digital_Output_C23,4d4fa8c3-76ac-4e8e-9de2-40436e4b6891,
//S1AA1_8 (AC500_PM592_ETH_V2_3\Extension_Bus\CM579_PNIO_A02\CM579_Master\S1AA1)
,Analog input I0+,INT,,="2.0",S1AA1_8,AX521,AC500_PM592_ETH_V2_3\Extension_Bus\CM579_PNIO_A02\CM579_Master\S1AA1,7500,4147bf9a-2ec7-43c1-a5d3-fbfd25346d99,
,Digital input I0+,BOOL,,="2.0",S1AA1_8,AX521,AC500_PM592_ETH_V2_3\Extension_Bus\CM579_PNIO_A02\CM579_Master\S1AA1,7500.Digital_Input_I0,4147bf9a-2ec7-43c1-a5d3-fbfd25346d99,
iA_FC_HoistSpeed,Analog input I1+,INT,-A1_8:2.1 I1+ : =S1+H-U1 Hoist  FC Speed,="2.1",S1AA1_8,AX521,AC500_PM592_ETH_V2_3\Extension_Bus\CM579_PNIO_A02\CM579_Master\S1AA1,7501,4147bf9a-2ec7-43c1-a5d3-fbfd25346d99,
,Digital input I1+,BOOL,,="2.1",S1AA1_8,AX521,AC500_PM592_ETH_V2_3\Extension_Bus\CM579_PNIO_A02\CM579_Master\S1AA1,7501.Digital_Input_I1,4147bf9a-2ec7-43c1-a5d3-fbfd25346d99,
iA_FuelLevel,Analog input I2+,INT,-A1_8:2.2 I2+ : =E+A-G1  Fuel Level,="2.2",S1AA1_8,AX521,AC500_PM592_ETH_V2_3\Extension_Bus\CM579_PNIO_A02\CM579_Master\S1AA1,7502,4147bf9a-2ec7-43c1-a5d3-fbfd25346d99,
,Digital input I2+,BOOL,,="2.2",S1AA1_8,AX521,AC500_PM592_ETH_V2_3\Extension_Bus\CM579_PNIO_A02\CM579_Master\S1AA1,7502.Digital_Input_I2,4147bf9a-2ec7-43c1-a5d3-fbfd25346d99,
,Analog input I3+,INT,,="2.3",S1AA1_8,AX521,AC500_PM592_ETH_V2_3\Extension_Bus\CM579_PNIO_A02\CM579_Master\S1AA1,7503,4147bf9a-2ec7-43c1-a5d3-fbfd25346d99,
,Digital input I3+,BOOL,,="2.3",S1AA1_8,AX521,AC500_PM592_ETH_V2_3\Extension_Bus\CM579_PNIO_A02\CM579_Master\S1AA1,7503.Digital_Input_I3,4147bf9a-2ec7-43c1-a5d3-fbfd25346d99,
qA_Hoist1_SetValue,Analog output O0+,INT,-A1_8:4.0 O0+ : =S1+H-U1 Hoist 1 Speed Reference,="4.0",S1AA1_8,AX521,AC500_PM592_ETH_V2_3\Extension_Bus\CM579_PNIO_A02\CM579_Master\S1AA1,8500,4147bf9a-2ec7-43c1-a5d3-fbfd25346d99,
qA_TrolleySetValue,Analog output O1+,INT,-A1_8:4.1 O1+ : =S1+K-U1 Trolley Speed Reference,="4.1",S1AA1_8,AX521,AC500_PM592_ETH_V2_3\Extension_Bus\CM579_PNIO_A02\CM579_Master\S1AA1,8501,4147bf9a-2ec7-43c1-a5d3-fbfd25346d99,
qA_Travel1SetValue,Analog output O2+,INT,-A1_8:4.2 O2+ : =S1+F-U1 Travel 1 Speed Reference,="4.2",S1AA1_8,AX521,AC500_PM592_ETH_V2_3\Extension_Bus\CM579_PNIO_A02\CM579_Master\S1AA1,8502,4147bf9a-2ec7-43c1-a5d3-fbfd25346d99,
qA_Travel2SetValue,Analog output O3+,INT,-A1_8:4.3 O3+ : =S1+F-U2 Travel 2 Speed Reference,="4.3",S1AA1_8,AX521,AC500_PM592_ETH_V2_3\Extension_Bus\CM579_PNIO_A02\CM579_Master\S1AA1,8503,4147bf9a-2ec7-43c1-a5d3-fbfd25346d99,
//S1AA1_9 (AC500_PM592_ETH_V2_3\Extension_Bus\CM579_PNIO_A02\CM579_Master\S1AA1)
iA_FC_Travel1Speed,Analog input I0+,INT,-A1_9:2.0 I0+ : =S1+F-U1 Travel1 FC Speed,="2.0",S1AA1_9,AX521,AC500_PM592_ETH_V2_3\Extension_Bus\CM579_PNIO_A02\CM579_Master\S1AA1,7500,7a9a00e2-d67d-43ab-a1cb-c2014328d7fe,
,Digital input I0+,BOOL,,="2.0",S1AA1_9,AX521,AC500_PM592_ETH_V2_3\Extension_Bus\CM579_PNIO_A02\CM579_Master\S1AA1,7500.Digital_Input_I0,7a9a00e2-d67d-43ab-a1cb-c2014328d7fe,
iA_FC_Travel2Speed,Analog input I1+,INT,-A1_9:2.1 I1+ : =S1+F-U2 Travel2 FC Speed,="2.1",S1AA1_9,AX521,AC500_PM592_ETH_V2_3\Extension_Bus\CM579_PNIO_A02\CM579_Master\S1AA1,7501,7a9a00e2-d67d-43ab-a1cb-c2014328d7fe,
,Digital input I1+,BOOL,,="2.1",S1AA1_9,AX521,AC500_PM592_ETH_V2_3\Extension_Bus\CM579_PNIO_A02\CM579_Master\S1AA1,7501.Digital_Input_I1,7a9a00e2-d67d-43ab-a1cb-c2014328d7fe,
iA_FC_TrolleySpeed,Analog input I2+,INT,-A1_9:2.2 I2+ : =S1+K-U1 Trolley FC Speed,="2.2",S1AA1_9,AX521,AC500_PM592_ETH_V2_3\Extension_Bus\CM579_PNIO_A02\CM579_Master\S1AA1,7502,7a9a00e2-d67d-43ab-a1cb-c2014328d7fe,
,Digital input I2+,BOOL,,="2.2",S1AA1_9,AX521,AC500_PM592_ETH_V2_3\Extension_Bus\CM579_PNIO_A02\CM579_Master\S1AA1,7502.Digital_Input_I2,7a9a00e2-d67d-43ab-a1cb-c2014328d7fe,
,Analog input I3+,INT,,="2.3",S1AA1_9,AX521,AC500_PM592_ETH_V2_3\Extension_Bus\CM579_PNIO_A02\CM579_Master\S1AA1,7503,7a9a00e2-d67d-43ab-a1cb-c2014328d7fe,
,Digital input I3+,BOOL,,="2.3",S1AA1_9,AX521,AC500_PM592_ETH_V2_3\Extension_Bus\CM579_PNIO_A02\CM579_Master\S1AA1,7503.Digital_Input_I3,7a9a00e2-d67d-43ab-a1cb-c2014328d7fe,
,Analog output O0+,INT,,="4.0",S1AA1_9,AX521,AC500_PM592_ETH_V2_3\Extension_Bus\CM579_PNIO_A02\CM579_Master\S1AA1,8500,7a9a00e2-d67d-43ab-a1cb-c2014328d7fe,
,Analog output O1+,INT,,="4.1",S1AA1_9,AX521,AC500_PM592_ETH_V2_3\Extension_Bus\CM579_PNIO_A02\CM579_Master\S1AA1,8501,7a9a00e2-d67d-43ab-a1cb-c2014328d7fe,
,Analog output O2+,INT,,="4.2",S1AA1_9,AX521,AC500_PM592_ETH_V2_3\Extension_Bus\CM579_PNIO_A02\CM579_Master\S1AA1,8502,7a9a00e2-d67d-43ab-a1cb-c2014328d7fe,
,Analog output O3+,INT,,="4.3",S1AA1_9,AX521,AC500_PM592_ETH_V2_3\Extension_Bus\CM579_PNIO_A02\CM579_Master\S1AA1,8503,7a9a00e2-d67d-43ab-a1cb-c2014328d7fe,
//S1AA1_10 (AC500_PM592_ETH_V2_3\Extension_Bus\CM579_PNIO_A02\CM579_Master\S1AA1)
,Digital inputs I0 - I31,DWORD,,,S1AA1_10,DI524,AC500_PM592_ETH_V2_3\Extension_Bus\CM579_PNIO_A02\CM579_Master\S1AA1,7000.Typ_DWord,a6bdb0aa-7d14-48fd-8b1d-9d4c3b0327b2,
,Digital inputs I0 - I15,WORD,,,S1AA1_10,DI524,AC500_PM592_ETH_V2_3\Extension_Bus\CM579_PNIO_A02\CM579_Master\S1AA1,7000.Words.Word0,a6bdb0aa-7d14-48fd-8b1d-9d4c3b0327b2,
,Digital inputs I16 - I31,WORD,,,S1AA1_10,DI524,AC500_PM592_ETH_V2_3\Extension_Bus\CM579_PNIO_A02\CM579_Master\S1AA1,7000.Words.Word1,a6bdb0aa-7d14-48fd-8b1d-9d4c3b0327b2,
,Digital inputs I0 - I7,BYTE,,,S1AA1_10,DI524,AC500_PM592_ETH_V2_3\Extension_Bus\CM579_PNIO_A02\CM579_Master\S1AA1,7000.Bytes.Byte0,a6bdb0aa-7d14-48fd-8b1d-9d4c3b0327b2,
iSmokeDetectorEHouse,Digital input I0,BOOL,-A1_10:1.0  I0 : =S1+A-D1 Smoke Detector E-House,="1.0",S1AA1_10,DI524,AC500_PM592_ETH_V2_3\Extension_Bus\CM579_PNIO_A02\CM579_Master\S1AA1,7000.Bytes.Byte0.Digital_Input_I0,a6bdb0aa-7d14-48fd-8b1d-9d4c3b0327b2,
,Digital input I1,BOOL,,="1.1",S1AA1_10,DI524,AC500_PM592_ETH_V2_3\Extension_Bus\CM579_PNIO_A02\CM579_Master\S1AA1,7000.Bytes.Byte0.Digital_Input_I1,a6bdb0aa-7d14-48fd-8b1d-9d4c3b0327b2,
iHeatDetectorGenset,Digital input I2,BOOL,-A1_10:1.2  I2 : =E+A-G1 Heat Detector Genset,="1.2",S1AA1_10,DI524,AC500_PM592_ETH_V2_3\Extension_Bus\CM579_PNIO_A02\CM579_Master\S1AA1,7000.Bytes.Byte0.Digital_Input_I2,a6bdb0aa-7d14-48fd-8b1d-9d4c3b0327b2,
iQ_PowerMeter,Digital input I3,BOOL,-A1_10:1.3  I3 : =S1+A-Q12 Power Meter CB,="1.3",S1AA1_10,DI524,AC500_PM592_ETH_V2_3\Extension_Bus\CM579_PNIO_A02\CM579_Master\S1AA1,7000.Bytes.Byte0.Digital_Input_I3,a6bdb0aa-7d14-48fd-8b1d-9d4c3b0327b2,
,Digital input I4,BOOL,,="1.4",S1AA1_10,DI524,AC500_PM592_ETH_V2_3\Extension_Bus\CM579_PNIO_A02\CM579_Master\S1AA1,7000.Bytes.Byte0.Digital_Input_I4,a6bdb0aa-7d14-48fd-8b1d-9d4c3b0327b2,
,Digital input I5,BOOL,,="1.5",S1AA1_10,DI524,AC500_PM592_ETH_V2_3\Extension_Bus\CM579_PNIO_A02\CM579_Master\S1AA1,7000.Bytes.Byte0.Digital_Input_I5,a6bdb0aa-7d14-48fd-8b1d-9d4c3b0327b2,
,Digital input I6,BOOL,,="1.6",S1AA1_10,DI524,AC500_PM592_ETH_V2_3\Extension_Bus\CM579_PNIO_A02\CM579_Master\S1AA1,7000.Bytes.Byte0.Digital_Input_I6,a6bdb0aa-7d14-48fd-8b1d-9d4c3b0327b2,
,Digital input I7,BOOL,,="1.7",S1AA1_10,DI524,AC500_PM592_ETH_V2_3\Extension_Bus\CM579_PNIO_A02\CM579_Master\S1AA1,7000.Bytes.Byte0.Digital_Input_I7,a6bdb0aa-7d14-48fd-8b1d-9d4c3b0327b2,
,Digital inputs I8 - I15,BYTE,,,S1AA1_10,DI524,AC500_PM592_ETH_V2_3\Extension_Bus\CM579_PNIO_A02\CM579_Master\S1AA1,7000.Bytes.Byte1,a6bdb0aa-7d14-48fd-8b1d-9d4c3b0327b2,
,Digital input I8,BOOL,,="2.0",S1AA1_10,DI524,AC500_PM592_ETH_V2_3\Extension_Bus\CM579_PNIO_A02\CM579_Master\S1AA1,7000.Bytes.Byte1.Digital_Input_I8,a6bdb0aa-7d14-48fd-8b1d-9d4c3b0327b2,
,Digital input I9,BOOL,,="2.1",S1AA1_10,DI524,AC500_PM592_ETH_V2_3\Extension_Bus\CM579_PNIO_A02\CM579_Master\S1AA1,7000.Bytes.Byte1.Digital_Input_I9,a6bdb0aa-7d14-48fd-8b1d-9d4c3b0327b2,
,Digital input I10,BOOL,,="2.2",S1AA1_10,DI524,AC500_PM592_ETH_V2_3\Extension_Bus\CM579_PNIO_A02\CM579_Master\S1AA1,7000.Bytes.Byte1.Digital_Input_I10,a6bdb0aa-7d14-48fd-8b1d-9d4c3b0327b2,
,Digital input I11,BOOL,,="2.3",S1AA1_10,DI524,AC500_PM592_ETH_V2_3\Extension_Bus\CM579_PNIO_A02\CM579_Master\S1AA1,7000.Bytes.Byte1.Digital_Input_I11,a6bdb0aa-7d14-48fd-8b1d-9d4c3b0327b2,
,Digital input I12,BOOL,,="2.4",S1AA1_10,DI524,AC500_PM592_ETH_V2_3\Extension_Bus\CM579_PNIO_A02\CM579_Master\S1AA1,7000.Bytes.Byte1.Digital_Input_I12,a6bdb0aa-7d14-48fd-8b1d-9d4c3b0327b2,
,Digital input I13,BOOL,,="2.5",S1AA1_10,DI524,AC500_PM592_ETH_V2_3\Extension_Bus\CM579_PNIO_A02\CM579_Master\S1AA1,7000.Bytes.Byte1.Digital_Input_I13,a6bdb0aa-7d14-48fd-8b1d-9d4c3b0327b2,
,Digital input I14,BOOL,,="2.6",S1AA1_10,DI524,AC500_PM592_ETH_V2_3\Extension_Bus\CM579_PNIO_A02\CM579_Master\S1AA1,7000.Bytes.Byte1.Digital_Input_I14,a6bdb0aa-7d14-48fd-8b1d-9d4c3b0327b2,
,Digital input I15,BOOL,,="2.7",S1AA1_10,DI524,AC500_PM592_ETH_V2_3\Extension_Bus\CM579_PNIO_A02\CM579_Master\S1AA1,7000.Bytes.Byte1.Digital_Input_I15,a6bdb0aa-7d14-48fd-8b1d-9d4c3b0327b2,
,Digital inputs I16 - I23,BYTE,,,S1AA1_10,DI524,AC500_PM592_ETH_V2_3\Extension_Bus\CM579_PNIO_A02\CM579_Master\S1AA1,7000.Bytes.Byte2,a6bdb0aa-7d14-48fd-8b1d-9d4c3b0327b2,
iSpare_A1_10_I16,Digital input I16,BOOL,-A1_10:3.0 I16 :  Spare Input Prewired,="3.0",S1AA1_10,DI524,AC500_PM592_ETH_V2_3\Extension_Bus\CM579_PNIO_A02\CM579_Master\S1AA1,7000.Bytes.Byte2.Digital_Input_I16,a6bdb0aa-7d14-48fd-8b1d-9d4c3b0327b2,
iSpare_A1_10_I17,Digital input I17,BOOL,-A1_10:3.1 I17 :  Spare Input Prewired,="3.1",S1AA1_10,DI524,AC500_PM592_ETH_V2_3\Extension_Bus\CM579_PNIO_A02\CM579_Master\S1AA1,7000.Bytes.Byte2.Digital_Input_I17,a6bdb0aa-7d14-48fd-8b1d-9d4c3b0327b2,
iSpare_A1_10_I18,Digital input I18,BOOL,-A1_10:3.2 I18 :  Spare Input Prewired,="3.2",S1AA1_10,DI524,AC500_PM592_ETH_V2_3\Extension_Bus\CM579_PNIO_A02\CM579_Master\S1AA1,7000.Bytes.Byte2.Digital_Input_I18,a6bdb0aa-7d14-48fd-8b1d-9d4c3b0327b2,
iSpare_A1_10_I19,Digital input I19,BOOL,-A1_10:3.3 I19 :  Spare Input Prewired,="3.3",S1AA1_10,DI524,AC500_PM592_ETH_V2_3\Extension_Bus\CM579_PNIO_A02\CM579_Master\S1AA1,7000.Bytes.Byte2.Digital_Input_I19,a6bdb0aa-7d14-48fd-8b1d-9d4c3b0327b2,
iSpare_A1_10_I20,Digital input I20,BOOL,-A1_10:3.4 I20 :  Spare Input Prewired,="3.4",S1AA1_10,DI524,AC500_PM592_ETH_V2_3\Extension_Bus\CM579_PNIO_A02\CM579_Master\S1AA1,7000.Bytes.Byte2.Digital_Input_I20,a6bdb0aa-7d14-48fd-8b1d-9d4c3b0327b2,
iSpare_A1_10_I21,Digital input I21,BOOL,-A1_10:3.5 I21 :  Spare Input Prewired,="3.5",S1AA1_10,DI524,AC500_PM592_ETH_V2_3\Extension_Bus\CM579_PNIO_A02\CM579_Master\S1AA1,7000.Bytes.Byte2.Digital_Input_I21,a6bdb0aa-7d14-48fd-8b1d-9d4c3b0327b2,
iSpare_A1_10_I22,Digital input I22,BOOL,-A1_10:3.6 I22 :  Spare Input Prewired,="3.6",S1AA1_10,DI524,AC500_PM592_ETH_V2_3\Extension_Bus\CM579_PNIO_A02\CM579_Master\S1AA1,7000.Bytes.Byte2.Digital_Input_I22,a6bdb0aa-7d14-48fd-8b1d-9d4c3b0327b2,
iSpare_A1_10_I23,Digital input I23,BOOL,-A1_10:3.7 I23 :  Spare Input Prewired,="3.7",S1AA1_10,DI524,AC500_PM592_ETH_V2_3\Extension_Bus\CM579_PNIO_A02\CM579_Master\S1AA1,7000.Bytes.Byte2.Digital_Input_I23,a6bdb0aa-7d14-48fd-8b1d-9d4c3b0327b2,
,Digital inputs I24 - I31,BYTE,,,S1AA1_10,DI524,AC500_PM592_ETH_V2_3\Extension_Bus\CM579_PNIO_A02\CM579_Master\S1AA1,7000.Bytes.Byte3,a6bdb0aa-7d14-48fd-8b1d-9d4c3b0327b2,
iSpare_A1_10_I24,Digital input I24,BOOL,-A1_10:4.0 I24 :  Spare Input Prewired,="4.0",S1AA1_10,DI524,AC500_PM592_ETH_V2_3\Extension_Bus\CM579_PNIO_A02\CM579_Master\S1AA1,7000.Bytes.Byte3.Digital_Input_I24,a6bdb0aa-7d14-48fd-8b1d-9d4c3b0327b2,
iSpare_A1_10_I25,Digital input I25,BOOL,-A1_10:4.1 I25 :  Spare Input Prewired,="4.1",S1AA1_10,DI524,AC500_PM592_ETH_V2_3\Extension_Bus\CM579_PNIO_A02\CM579_Master\S1AA1,7000.Bytes.Byte3.Digital_Input_I25,a6bdb0aa-7d14-48fd-8b1d-9d4c3b0327b2,
,Digital input I26,BOOL,,="4.2",S1AA1_10,DI524,AC500_PM592_ETH_V2_3\Extension_Bus\CM579_PNIO_A02\CM579_Master\S1AA1,7000.Bytes.Byte3.Digital_Input_I26,a6bdb0aa-7d14-48fd-8b1d-9d4c3b0327b2,
,Digital input I27,BOOL,,="4.3",S1AA1_10,DI524,AC500_PM592_ETH_V2_3\Extension_Bus\CM579_PNIO_A02\CM579_Master\S1AA1,7000.Bytes.Byte3.Digital_Input_I27,a6bdb0aa-7d14-48fd-8b1d-9d4c3b0327b2,
iLS_TravelBrake1_Open,Digital input I28,BOOL,-A1_10:4.4 I28 : =E+F-B1 Travel Brake 1 Open Limitswitch,="4.4",S1AA1_10,DI524,AC500_PM592_ETH_V2_3\Extension_Bus\CM579_PNIO_A02\CM579_Master\S1AA1,7000.Bytes.Byte3.Digital_Input_I28,a6bdb0aa-7d14-48fd-8b1d-9d4c3b0327b2,
iLS_TravelBrake2_Open,Digital input I29,BOOL,-A1_10:4.5 I29 : =E+F-B2 Travel Brake 2 Open Limitswitch,="4.5",S1AA1_10,DI524,AC500_PM592_ETH_V2_3\Extension_Bus\CM579_PNIO_A02\CM579_Master\S1AA1,7000.Bytes.Byte3.Digital_Input_I29,a6bdb0aa-7d14-48fd-8b1d-9d4c3b0327b2,
iLS_TravelBrake3_Open,Digital input I30,BOOL,-A1_10:4.6 I30 : =E+F-B3 Travel Brake 3 Open Limitswitch,="4.6",S1AA1_10,DI524,AC500_PM592_ETH_V2_3\Extension_Bus\CM579_PNIO_A02\CM579_Master\S1AA1,7000.Bytes.Byte3.Digital_Input_I30,a6bdb0aa-7d14-48fd-8b1d-9d4c3b0327b2,
iLS_TravelBrake4_Open,Digital input I31,BOOL,-A1_10:4.7 I31 : =E+F-B4 Brake 4 Open Limitswitch,="4.7",S1AA1_10,DI524,AC500_PM592_ETH_V2_3\Extension_Bus\CM579_PNIO_A02\CM579_Master\S1AA1,7000.Bytes.Byte3.Digital_Input_I31,a6bdb0aa-7d14-48fd-8b1d-9d4c3b0327b2,
//S1AA2_0 (AC500_PM592_ETH_V2_3\Extension_Bus\CM579_PNIO_A02\CM579_Master\S1AA2)
,Analog input AI0+,INT,,="1.0",S1AA2_0,CI501-IO (V3),AC500_PM592_ETH_V2_3\Extension_Bus\CM579_PNIO_A02\CM579_Master\S1AA2,7500,1e1f1402-b64d-426a-a2c1-b9504312b2b5,
,Analog input AI1+,INT,,="1.1",S1AA2_0,CI501-IO (V3),AC500_PM592_ETH_V2_3\Extension_Bus\CM579_PNIO_A02\CM579_Master\S1AA2,7501,1e1f1402-b64d-426a-a2c1-b9504312b2b5,
,Analog input AI2+,INT,,="1.2",S1AA2_0,CI501-IO (V3),AC500_PM592_ETH_V2_3\Extension_Bus\CM579_PNIO_A02\CM579_Master\S1AA2,7502,1e1f1402-b64d-426a-a2c1-b9504312b2b5,
,Analog input AI3+,INT,,="1.3",S1AA2_0,CI501-IO (V3),AC500_PM592_ETH_V2_3\Extension_Bus\CM579_PNIO_A02\CM579_Master\S1AA2,7503,1e1f1402-b64d-426a-a2c1-b9504312b2b5,
,Digital inputs DI0 - DI7,BYTE,,,S1AA2_0,CI501-IO (V3),AC500_PM592_ETH_V2_3\Extension_Bus\CM579_PNIO_A02\CM579_Master\S1AA2,7000,1e1f1402-b64d-426a-a2c1-b9504312b2b5,
,Digital input DI0,BOOL,,="2.0",S1AA2_0,CI501-IO (V3),AC500_PM592_ETH_V2_3\Extension_Bus\CM579_PNIO_A02\CM579_Master\S1AA2,7000.Digital_Input_DI0,1e1f1402-b64d-426a-a2c1-b9504312b2b5,
,Digital input DI1,BOOL,,="2.1",S1AA2_0,CI501-IO (V3),AC500_PM592_ETH_V2_3\Extension_Bus\CM579_PNIO_A02\CM579_Master\S1AA2,7000.Digital_Input_DI1,1e1f1402-b64d-426a-a2c1-b9504312b2b5,
,Digital input DI2,BOOL,,="2.2",S1AA2_0,CI501-IO (V3),AC500_PM592_ETH_V2_3\Extension_Bus\CM579_PNIO_A02\CM579_Master\S1AA2,7000.Digital_Input_DI2,1e1f1402-b64d-426a-a2c1-b9504312b2b5,
,Digital input DI3,BOOL,,="2.3",S1AA2_0,CI501-IO (V3),AC500_PM592_ETH_V2_3\Extension_Bus\CM579_PNIO_A02\CM579_Master\S1AA2,7000.Digital_Input_DI3,1e1f1402-b64d-426a-a2c1-b9504312b2b5,
,Digital input DI4,BOOL,,="2.4",S1AA2_0,CI501-IO (V3),AC500_PM592_ETH_V2_3\Extension_Bus\CM579_PNIO_A02\CM579_Master\S1AA2,7000.Digital_Input_DI4,1e1f1402-b64d-426a-a2c1-b9504312b2b5,
,Digital input DI5,BOOL,,="2.5",S1AA2_0,CI501-IO (V3),AC500_PM592_ETH_V2_3\Extension_Bus\CM579_PNIO_A02\CM579_Master\S1AA2,7000.Digital_Input_DI5,1e1f1402-b64d-426a-a2c1-b9504312b2b5,
,Digital input DI6,BOOL,,="2.6",S1AA2_0,CI501-IO (V3),AC500_PM592_ETH_V2_3\Extension_Bus\CM579_PNIO_A02\CM579_Master\S1AA2,7000.Digital_Input_DI6,1e1f1402-b64d-426a-a2c1-b9504312b2b5,
,Digital input DI7,BOOL,,="2.7",S1AA2_0,CI501-IO (V3),AC500_PM592_ETH_V2_3\Extension_Bus\CM579_PNIO_A02\CM579_Master\S1AA2,7000.Digital_Input_DI7,1e1f1402-b64d-426a-a2c1-b9504312b2b5,
,Analog output AO0+,INT,,="1.5",S1AA2_0,CI501-IO (V3),AC500_PM592_ETH_V2_3\Extension_Bus\CM579_PNIO_A02\CM579_Master\S1AA2,8500,1e1f1402-b64d-426a-a2c1-b9504312b2b5,
,Analog output AO1+,INT,,="1.6",S1AA2_0,CI501-IO (V3),AC500_PM592_ETH_V2_3\Extension_Bus\CM579_PNIO_A02\CM579_Master\S1AA2,8501,1e1f1402-b64d-426a-a2c1-b9504312b2b5,
,Digital outputs DO0 - DO7,BYTE,,,S1AA2_0,CI501-IO (V3),AC500_PM592_ETH_V2_3\Extension_Bus\CM579_PNIO_A02\CM579_Master\S1AA2,8000,1e1f1402-b64d-426a-a2c1-b9504312b2b5,
,Digital output DO0,BOOL,,="3.0",S1AA2_0,CI501-IO (V3),AC500_PM592_ETH_V2_3\Extension_Bus\CM579_PNIO_A02\CM579_Master\S1AA2,8000.Digital_Output_DO0,1e1f1402-b64d-426a-a2c1-b9504312b2b5,
,Digital output DO1,BOOL,,="3.1",S1AA2_0,CI501-IO (V3),AC500_PM592_ETH_V2_3\Extension_Bus\CM579_PNIO_A02\CM579_Master\S1AA2,8000.Digital_Output_DO1,1e1f1402-b64d-426a-a2c1-b9504312b2b5,
,Digital output DO2,BOOL,,="3.2",S1AA2_0,CI501-IO (V3),AC500_PM592_ETH_V2_3\Extension_Bus\CM579_PNIO_A02\CM579_Master\S1AA2,8000.Digital_Output_DO2,1e1f1402-b64d-426a-a2c1-b9504312b2b5,
,Digital output DO3,BOOL,,="3.3",S1AA2_0,CI501-IO (V3),AC500_PM592_ETH_V2_3\Extension_Bus\CM579_PNIO_A02\CM579_Master\S1AA2,8000.Digital_Output_DO3,1e1f1402-b64d-426a-a2c1-b9504312b2b5,
,Digital output DO4,BOOL,,="3.4",S1AA2_0,CI501-IO (V3),AC500_PM592_ETH_V2_3\Extension_Bus\CM579_PNIO_A02\CM579_Master\S1AA2,8000.Digital_Output_DO4,1e1f1402-b64d-426a-a2c1-b9504312b2b5,
,Digital output DO5,BOOL,,="3.5",S1AA2_0,CI501-IO (V3),AC500_PM592_ETH_V2_3\Extension_Bus\CM579_PNIO_A02\CM579_Master\S1AA2,8000.Digital_Output_DO5,1e1f1402-b64d-426a-a2c1-b9504312b2b5,
,Digital output DO6,BOOL,,="3.6",S1AA2_0,CI501-IO (V3),AC500_PM592_ETH_V2_3\Extension_Bus\CM579_PNIO_A02\CM579_Master\S1AA2,8000.Digital_Output_DO6,1e1f1402-b64d-426a-a2c1-b9504312b2b5,
,Digital output DO7,BOOL,,="3.7",S1AA2_0,CI501-IO (V3),AC500_PM592_ETH_V2_3\Extension_Bus\CM579_PNIO_A02\CM579_Master\S1AA2,8000.Digital_Output_DO7,1e1f1402-b64d-426a-a2c1-b9504312b2b5,
,Fast counter : Actual value 1,DWORD,,,S1AA2_0,CI501-IO (V3),AC500_PM592_ETH_V2_3\Extension_Bus\CM579_PNIO_A02\CM579_Master\S1AA2,7900,1e1f1402-b64d-426a-a2c1-b9504312b2b5,
,Fast counter : Actual value 2,DWORD,,,S1AA2_0,CI501-IO (V3),AC500_PM592_ETH_V2_3\Extension_Bus\CM579_PNIO_A02\CM579_Master\S1AA2,7901,1e1f1402-b64d-426a-a2c1-b9504312b2b5,
,Fast counter : State Byte 1,BYTE,,,S1AA2_0,CI501-IO (V3),AC500_PM592_ETH_V2_3\Extension_Bus\CM579_PNIO_A02\CM579_Master\S1AA2,7902,1e1f1402-b64d-426a-a2c1-b9504312b2b5,
,Fast counter : State Byte 2,BYTE,,,S1AA2_0,CI501-IO (V3),AC500_PM592_ETH_V2_3\Extension_Bus\CM579_PNIO_A02\CM579_Master\S1AA2,7903,1e1f1402-b64d-426a-a2c1-b9504312b2b5,
,Fast counter : Start value 1,DWORD,,,S1AA2_0,CI501-IO (V3),AC500_PM592_ETH_V2_3\Extension_Bus\CM579_PNIO_A02\CM579_Master\S1AA2,8900,1e1f1402-b64d-426a-a2c1-b9504312b2b5,
,Fast counter : End value 1,DWORD,,,S1AA2_0,CI501-IO (V3),AC500_PM592_ETH_V2_3\Extension_Bus\CM579_PNIO_A02\CM579_Master\S1AA2,8901,1e1f1402-b64d-426a-a2c1-b9504312b2b5,
,Fast counter : Start value 2,DWORD,,,S1AA2_0,CI501-IO (V3),AC500_PM592_ETH_V2_3\Extension_Bus\CM579_PNIO_A02\CM579_Master\S1AA2,8902,1e1f1402-b64d-426a-a2c1-b9504312b2b5,
,Fast counter : End value 2,DWORD,,,S1AA2_0,CI501-IO (V3),AC500_PM592_ETH_V2_3\Extension_Bus\CM579_PNIO_A02\CM579_Master\S1AA2,8903,1e1f1402-b64d-426a-a2c1-b9504312b2b5,
,Fast counter : Control Byte 1,BYTE,,,S1AA2_0,CI501-IO (V3),AC500_PM592_ETH_V2_3\Extension_Bus\CM579_PNIO_A02\CM579_Master\S1AA2,8904,1e1f1402-b64d-426a-a2c1-b9504312b2b5,
,Fast counter : Control Byte 2,BYTE,,,S1AA2_0,CI501-IO (V3),AC500_PM592_ETH_V2_3\Extension_Bus\CM579_PNIO_A02\CM579_Master\S1AA2,8905,1e1f1402-b64d-426a-a2c1-b9504312b2b5,
//S1AA2_1 (AC500_PM592_ETH_V2_3\Extension_Bus\CM579_PNIO_A02\CM579_Master\S1AA2)
,Digital inputs C0 - C7,BYTE,,,S1AA2_1,DC523,AC500_PM592_ETH_V2_3\Extension_Bus\CM579_PNIO_A02\CM579_Master\S1AA2,7000,455029bf-1ef6-41fa-95ce-ac8171ea9c62,
,Digital input C0,BOOL,,="2.0",S1AA2_1,DC523,AC500_PM592_ETH_V2_3\Extension_Bus\CM579_PNIO_A02\CM579_Master\S1AA2,7000.Digital_Input_C0,455029bf-1ef6-41fa-95ce-ac8171ea9c62,
,Digital input C1,BOOL,,="2.1",S1AA2_1,DC523,AC500_PM592_ETH_V2_3\Extension_Bus\CM579_PNIO_A02\CM579_Master\S1AA2,7000.Digital_Input_C1,455029bf-1ef6-41fa-95ce-ac8171ea9c62,
,Digital input C2,BOOL,,="2.2",S1AA2_1,DC523,AC500_PM592_ETH_V2_3\Extension_Bus\CM579_PNIO_A02\CM579_Master\S1AA2,7000.Digital_Input_C2,455029bf-1ef6-41fa-95ce-ac8171ea9c62,
,Digital input C3,BOOL,,="2.3",S1AA2_1,DC523,AC500_PM592_ETH_V2_3\Extension_Bus\CM579_PNIO_A02\CM579_Master\S1AA2,7000.Digital_Input_C3,455029bf-1ef6-41fa-95ce-ac8171ea9c62,
,Digital input C4,BOOL,,="2.4",S1AA2_1,DC523,AC500_PM592_ETH_V2_3\Extension_Bus\CM579_PNIO_A02\CM579_Master\S1AA2,7000.Digital_Input_C4,455029bf-1ef6-41fa-95ce-ac8171ea9c62,
,Digital input C5,BOOL,,="2.5",S1AA2_1,DC523,AC500_PM592_ETH_V2_3\Extension_Bus\CM579_PNIO_A02\CM579_Master\S1AA2,7000.Digital_Input_C5,455029bf-1ef6-41fa-95ce-ac8171ea9c62,
,Digital input C6,BOOL,,="2.6",S1AA2_1,DC523,AC500_PM592_ETH_V2_3\Extension_Bus\CM579_PNIO_A02\CM579_Master\S1AA2,7000.Digital_Input_C6,455029bf-1ef6-41fa-95ce-ac8171ea9c62,
,Digital input C7,BOOL,,="2.7",S1AA2_1,DC523,AC500_PM592_ETH_V2_3\Extension_Bus\CM579_PNIO_A02\CM579_Master\S1AA2,7000.Digital_Input_C7,455029bf-1ef6-41fa-95ce-ac8171ea9c62,
,Digital inputs C8 - C15,BYTE,,,S1AA2_1,DC523,AC500_PM592_ETH_V2_3\Extension_Bus\CM579_PNIO_A02\CM579_Master\S1AA2,7001,455029bf-1ef6-41fa-95ce-ac8171ea9c62,
,Digital input C8,BOOL,,="3.0",S1AA2_1,DC523,AC500_PM592_ETH_V2_3\Extension_Bus\CM579_PNIO_A02\CM579_Master\S1AA2,7001.Digital_Input_C8,455029bf-1ef6-41fa-95ce-ac8171ea9c62,
,Digital input C9,BOOL,,="3.1",S1AA2_1,DC523,AC500_PM592_ETH_V2_3\Extension_Bus\CM579_PNIO_A02\CM579_Master\S1AA2,7001.Digital_Input_C9,455029bf-1ef6-41fa-95ce-ac8171ea9c62,
,Digital input C10,BOOL,,="3.2",S1AA2_1,DC523,AC500_PM592_ETH_V2_3\Extension_Bus\CM579_PNIO_A02\CM579_Master\S1AA2,7001.Digital_Input_C10,455029bf-1ef6-41fa-95ce-ac8171ea9c62,
,Digital input C11,BOOL,,="3.3",S1AA2_1,DC523,AC500_PM592_ETH_V2_3\Extension_Bus\CM579_PNIO_A02\CM579_Master\S1AA2,7001.Digital_Input_C11,455029bf-1ef6-41fa-95ce-ac8171ea9c62,
,Digital input C12,BOOL,,="3.4",S1AA2_1,DC523,AC500_PM592_ETH_V2_3\Extension_Bus\CM579_PNIO_A02\CM579_Master\S1AA2,7001.Digital_Input_C12,455029bf-1ef6-41fa-95ce-ac8171ea9c62,
,Digital input C13,BOOL,,="3.5",S1AA2_1,DC523,AC500_PM592_ETH_V2_3\Extension_Bus\CM579_PNIO_A02\CM579_Master\S1AA2,7001.Digital_Input_C13,455029bf-1ef6-41fa-95ce-ac8171ea9c62,
,Digital input C14,BOOL,,="3.6",S1AA2_1,DC523,AC500_PM592_ETH_V2_3\Extension_Bus\CM579_PNIO_A02\CM579_Master\S1AA2,7001.Digital_Input_C14,455029bf-1ef6-41fa-95ce-ac8171ea9c62,
,Digital input C15,BOOL,,="3.7",S1AA2_1,DC523,AC500_PM592_ETH_V2_3\Extension_Bus\CM579_PNIO_A02\CM579_Master\S1AA2,7001.Digital_Input_C15,455029bf-1ef6-41fa-95ce-ac8171ea9c62,
,Digital inputs C16 - C23,BYTE,,,S1AA2_1,DC523,AC500_PM592_ETH_V2_3\Extension_Bus\CM579_PNIO_A02\CM579_Master\S1AA2,7002,455029bf-1ef6-41fa-95ce-ac8171ea9c62,
,Digital input C16,BOOL,,="4.0",S1AA2_1,DC523,AC500_PM592_ETH_V2_3\Extension_Bus\CM579_PNIO_A02\CM579_Master\S1AA2,7002.Digital_Input_C16,455029bf-1ef6-41fa-95ce-ac8171ea9c62,
,Digital input C17,BOOL,,="4.1",S1AA2_1,DC523,AC500_PM592_ETH_V2_3\Extension_Bus\CM579_PNIO_A02\CM579_Master\S1AA2,7002.Digital_Input_C17,455029bf-1ef6-41fa-95ce-ac8171ea9c62,
,Digital input C18,BOOL,,="4.2",S1AA2_1,DC523,AC500_PM592_ETH_V2_3\Extension_Bus\CM579_PNIO_A02\CM579_Master\S1AA2,7002.Digital_Input_C18,455029bf-1ef6-41fa-95ce-ac8171ea9c62,
,Digital input C19,BOOL,,="4.3",S1AA2_1,DC523,AC500_PM592_ETH_V2_3\Extension_Bus\CM579_PNIO_A02\CM579_Master\S1AA2,7002.Digital_Input_C19,455029bf-1ef6-41fa-95ce-ac8171ea9c62,
,Digital input C20,BOOL,,="4.4",S1AA2_1,DC523,AC500_PM592_ETH_V2_3\Extension_Bus\CM579_PNIO_A02\CM579_Master\S1AA2,7002.Digital_Input_C20,455029bf-1ef6-41fa-95ce-ac8171ea9c62,
,Digital input C21,BOOL,,="4.5",S1AA2_1,DC523,AC500_PM592_ETH_V2_3\Extension_Bus\CM579_PNIO_A02\CM579_Master\S1AA2,7002.Digital_Input_C21,455029bf-1ef6-41fa-95ce-ac8171ea9c62,
,Digital input C22,BOOL,,="4.6",S1AA2_1,DC523,AC500_PM592_ETH_V2_3\Extension_Bus\CM579_PNIO_A02\CM579_Master\S1AA2,7002.Digital_Input_C22,455029bf-1ef6-41fa-95ce-ac8171ea9c62,
,Digital input C23,BOOL,,="4.7",S1AA2_1,DC523,AC500_PM592_ETH_V2_3\Extension_Bus\CM579_PNIO_A02\CM579_Master\S1AA2,7002.Digital_Input_C23,455029bf-1ef6-41fa-95ce-ac8171ea9c62,
,Digital outputs C0 - C7,BYTE,,,S1AA2_1,DC523,AC500_PM592_ETH_V2_3\Extension_Bus\CM579_PNIO_A02\CM579_Master\S1AA2,8000,455029bf-1ef6-41fa-95ce-ac8171ea9c62,
qCraneOnGeneral,Digital output C0,BOOL,-A2_1:2.0  C0 : =S1+A-K6 Crane On General,="2.0",S1AA2_1,DC523,AC500_PM592_ETH_V2_3\Extension_Bus\CM579_PNIO_A02\CM579_Master\S1AA2,8000.Digital_Output_C0,455029bf-1ef6-41fa-95ce-ac8171ea9c62,
qHoistUp,Digital output C1,BOOL,-A2_1:2.1  C1 : =S1+H-K2 Hoist Up,="2.1",S1AA2_1,DC523,AC500_PM592_ETH_V2_3\Extension_Bus\CM579_PNIO_A02\CM579_Master\S1AA2,8000.Digital_Output_C1,455029bf-1ef6-41fa-95ce-ac8171ea9c62,
qFC_HoistIGBT_Release,Digital output C2,BOOL,-A2_1:2.2  C2 : =S1+H-K5 Hoist FC IGBT Release,="2.2",S1AA2_1,DC523,AC500_PM592_ETH_V2_3\Extension_Bus\CM579_PNIO_A02\CM579_Master\S1AA2,8000.Digital_Output_C2,455029bf-1ef6-41fa-95ce-ac8171ea9c62,
qHoistBrakes,Digital output C3,BOOL,-A2_1:2.3  C3 : =S1+H-K4 Hoist Brakes Open,="2.3",S1AA2_1,DC523,AC500_PM592_ETH_V2_3\Extension_Bus\CM579_PNIO_A02\CM579_Master\S1AA2,8000.Digital_Output_C3,455029bf-1ef6-41fa-95ce-ac8171ea9c62,
qTravelAntiCollLeft,Digital output C4,BOOL,-A2_1:2.4  C4 : =S1+F-K40 Travel Left AntiCollision on,="2.4",S1AA2_1,DC523,AC500_PM592_ETH_V2_3\Extension_Bus\CM579_PNIO_A02\CM579_Master\S1AA2,8000.Digital_Output_C4,455029bf-1ef6-41fa-95ce-ac8171ea9c62,
qTravelAntiCollRight,Digital output C5,BOOL,-A2_1:2.5  C5 : =S1+F-K41 Travel Right AntiCollision on,="2.5",S1AA2_1,DC523,AC500_PM592_ETH_V2_3\Extension_Bus\CM579_PNIO_A02\CM579_Master\S1AA2,8000.Digital_Output_C5,455029bf-1ef6-41fa-95ce-ac8171ea9c62,
qTravelBrake,Digital output C6,BOOL,-A2_1:2.6  C6 : =S1+F-K3M Travel Brakes Open,="2.6",S1AA2_1,DC523,AC500_PM592_ETH_V2_3\Extension_Bus\CM579_PNIO_A02\CM579_Master\S1AA2,8000.Digital_Output_C6,455029bf-1ef6-41fa-95ce-ac8171ea9c62,
qTrolleyBrake,Digital output C7,BOOL,-A2_1:2.7  C7 : =S1+K-K4 Trolley Brake On,="2.7",S1AA2_1,DC523,AC500_PM592_ETH_V2_3\Extension_Bus\CM579_PNIO_A02\CM579_Master\S1AA2,8000.Digital_Output_C7,455029bf-1ef6-41fa-95ce-ac8171ea9c62,
,Digital outputs C8 - C15,BYTE,,,S1AA2_1,DC523,AC500_PM592_ETH_V2_3\Extension_Bus\CM579_PNIO_A02\CM579_Master\S1AA2,8001,455029bf-1ef6-41fa-95ce-ac8171ea9c62,
qUnlock_CabinPortalGate1,Digital output C8,BOOL,-A2_1:3.0  C8 : =C+K-FQ1 Portal-Cabin Gate 1,="3.0",S1AA2_1,DC523,AC500_PM592_ETH_V2_3\Extension_Bus\CM579_PNIO_A02\CM579_Master\S1AA2,8001.Digital_Output_C8,455029bf-1ef6-41fa-95ce-ac8171ea9c62,
,Digital output C9,BOOL,,="3.1",S1AA2_1,DC523,AC500_PM592_ETH_V2_3\Extension_Bus\CM579_PNIO_A02\CM579_Master\S1AA2,8001.Digital_Output_C9,455029bf-1ef6-41fa-95ce-ac8171ea9c62,
,Digital output C10,BOOL,,="3.2",S1AA2_1,DC523,AC500_PM592_ETH_V2_3\Extension_Bus\CM579_PNIO_A02\CM579_Master\S1AA2,8001.Digital_Output_C10,455029bf-1ef6-41fa-95ce-ac8171ea9c62,
,Digital output C11,BOOL,,="3.3",S1AA2_1,DC523,AC500_PM592_ETH_V2_3\Extension_Bus\CM579_PNIO_A02\CM579_Master\S1AA2,8001.Digital_Output_C11,455029bf-1ef6-41fa-95ce-ac8171ea9c62,
,Digital output C12,BOOL,,="3.4",S1AA2_1,DC523,AC500_PM592_ETH_V2_3\Extension_Bus\CM579_PNIO_A02\CM579_Master\S1AA2,8001.Digital_Output_C12,455029bf-1ef6-41fa-95ce-ac8171ea9c62,
,Digital output C13,BOOL,,="3.5",S1AA2_1,DC523,AC500_PM592_ETH_V2_3\Extension_Bus\CM579_PNIO_A02\CM579_Master\S1AA2,8001.Digital_Output_C13,455029bf-1ef6-41fa-95ce-ac8171ea9c62,
,Digital output C14,BOOL,,="3.6",S1AA2_1,DC523,AC500_PM592_ETH_V2_3\Extension_Bus\CM579_PNIO_A02\CM579_Master\S1AA2,8001.Digital_Output_C14,455029bf-1ef6-41fa-95ce-ac8171ea9c62,
,Digital output C15,BOOL,,="3.7",S1AA2_1,DC523,AC500_PM592_ETH_V2_3\Extension_Bus\CM579_PNIO_A02\CM579_Master\S1AA2,8001.Digital_Output_C15,455029bf-1ef6-41fa-95ce-ac8171ea9c62,
,Digital outputs C16 - C23,BYTE,,,S1AA2_1,DC523,AC500_PM592_ETH_V2_3\Extension_Bus\CM579_PNIO_A02\CM579_Master\S1AA2,8002,455029bf-1ef6-41fa-95ce-ac8171ea9c62,
,Digital output C16,BOOL,,="4.0",S1AA2_1,DC523,AC500_PM592_ETH_V2_3\Extension_Bus\CM579_PNIO_A02\CM579_Master\S1AA2,8002.Digital_Output_C16,455029bf-1ef6-41fa-95ce-ac8171ea9c62,
,Digital output C17,BOOL,,="4.1",S1AA2_1,DC523,AC500_PM592_ETH_V2_3\Extension_Bus\CM579_PNIO_A02\CM579_Master\S1AA2,8002.Digital_Output_C17,455029bf-1ef6-41fa-95ce-ac8171ea9c62,
,Digital output C18,BOOL,,="4.2",S1AA2_1,DC523,AC500_PM592_ETH_V2_3\Extension_Bus\CM579_PNIO_A02\CM579_Master\S1AA2,8002.Digital_Output_C18,455029bf-1ef6-41fa-95ce-ac8171ea9c62,
,Digital output C19,BOOL,,="4.3",S1AA2_1,DC523,AC500_PM592_ETH_V2_3\Extension_Bus\CM579_PNIO_A02\CM579_Master\S1AA2,8002.Digital_Output_C19,455029bf-1ef6-41fa-95ce-ac8171ea9c62,
,Digital output C20,BOOL,,="4.4",S1AA2_1,DC523,AC500_PM592_ETH_V2_3\Extension_Bus\CM579_PNIO_A02\CM579_Master\S1AA2,8002.Digital_Output_C20,455029bf-1ef6-41fa-95ce-ac8171ea9c62,
,Digital output C21,BOOL,,="4.5",S1AA2_1,DC523,AC500_PM592_ETH_V2_3\Extension_Bus\CM579_PNIO_A02\CM579_Master\S1AA2,8002.Digital_Output_C21,455029bf-1ef6-41fa-95ce-ac8171ea9c62,
,Digital output C22,BOOL,,="4.6",S1AA2_1,DC523,AC500_PM592_ETH_V2_3\Extension_Bus\CM579_PNIO_A02\CM579_Master\S1AA2,8002.Digital_Output_C22,455029bf-1ef6-41fa-95ce-ac8171ea9c62,
,Digital output C23,BOOL,,="4.7",S1AA2_1,DC523,AC500_PM592_ETH_V2_3\Extension_Bus\CM579_PNIO_A02\CM579_Master\S1AA2,8002.Digital_Output_C23,455029bf-1ef6-41fa-95ce-ac8171ea9c62,
//S1AA2_2 (AC500_PM592_ETH_V2_3\Extension_Bus\CM579_PNIO_A02\CM579_Master\S1AA2)
,Digital inputs I0 - I31,DWORD,,,S1AA2_2,DI524,AC500_PM592_ETH_V2_3\Extension_Bus\CM579_PNIO_A02\CM579_Master\S1AA2,7000.Typ_DWord,8f51a969-8de4-428c-acdb-b3cb4f9b61f3,
,Digital inputs I0 - I15,WORD,,,S1AA2_2,DI524,AC500_PM592_ETH_V2_3\Extension_Bus\CM579_PNIO_A02\CM579_Master\S1AA2,7000.Words.Word0,8f51a969-8de4-428c-acdb-b3cb4f9b61f3,
,Digital inputs I16 - I31,WORD,,,S1AA2_2,DI524,AC500_PM592_ETH_V2_3\Extension_Bus\CM579_PNIO_A02\CM579_Master\S1AA2,7000.Words.Word1,8f51a969-8de4-428c-acdb-b3cb4f9b61f3,
,Digital inputs I0 - I7,BYTE,,,S1AA2_2,DI524,AC500_PM592_ETH_V2_3\Extension_Bus\CM579_PNIO_A02\CM579_Master\S1AA2,7000.Bytes.Byte0,8f51a969-8de4-428c-acdb-b3cb4f9b61f3,
,Digital input I0,BOOL,,="1.0",S1AA2_2,DI524,AC500_PM592_ETH_V2_3\Extension_Bus\CM579_PNIO_A02\CM579_Master\S1AA2,7000.Bytes.Byte0.Digital_Input_I0,8f51a969-8de4-428c-acdb-b3cb4f9b61f3,
,Digital input I1,BOOL,,="1.1",S1AA2_2,DI524,AC500_PM592_ETH_V2_3\Extension_Bus\CM579_PNIO_A02\CM579_Master\S1AA2,7000.Bytes.Byte0.Digital_Input_I1,8f51a969-8de4-428c-acdb-b3cb4f9b61f3,
,Digital input I2,BOOL,,="1.2",S1AA2_2,DI524,AC500_PM592_ETH_V2_3\Extension_Bus\CM579_PNIO_A02\CM579_Master\S1AA2,7000.Bytes.Byte0.Digital_Input_I2,8f51a969-8de4-428c-acdb-b3cb4f9b61f3,
,Digital input I3,BOOL,,="1.3",S1AA2_2,DI524,AC500_PM592_ETH_V2_3\Extension_Bus\CM579_PNIO_A02\CM579_Master\S1AA2,7000.Bytes.Byte0.Digital_Input_I3,8f51a969-8de4-428c-acdb-b3cb4f9b61f3,
,Digital input I4,BOOL,,="1.4",S1AA2_2,DI524,AC500_PM592_ETH_V2_3\Extension_Bus\CM579_PNIO_A02\CM579_Master\S1AA2,7000.Bytes.Byte0.Digital_Input_I4,8f51a969-8de4-428c-acdb-b3cb4f9b61f3,
,Digital input I5,BOOL,,="1.5",S1AA2_2,DI524,AC500_PM592_ETH_V2_3\Extension_Bus\CM579_PNIO_A02\CM579_Master\S1AA2,7000.Bytes.Byte0.Digital_Input_I5,8f51a969-8de4-428c-acdb-b3cb4f9b61f3,
,Digital input I6,BOOL,,="1.6",S1AA2_2,DI524,AC500_PM592_ETH_V2_3\Extension_Bus\CM579_PNIO_A02\CM579_Master\S1AA2,7000.Bytes.Byte0.Digital_Input_I6,8f51a969-8de4-428c-acdb-b3cb4f9b61f3,
,Digital input I7,BOOL,,="1.7",S1AA2_2,DI524,AC500_PM592_ETH_V2_3\Extension_Bus\CM579_PNIO_A02\CM579_Master\S1AA2,7000.Bytes.Byte0.Digital_Input_I7,8f51a969-8de4-428c-acdb-b3cb4f9b61f3,
,Digital inputs I8 - I15,BYTE,,,S1AA2_2,DI524,AC500_PM592_ETH_V2_3\Extension_Bus\CM579_PNIO_A02\CM579_Master\S1AA2,7000.Bytes.Byte1,8f51a969-8de4-428c-acdb-b3cb4f9b61f3,
iK_FC_Hoist1_Brake,Digital input I8,BOOL,-A2_2:2.0  I8 : =S1+H-K10 Hoist 1 FC Brake,="2.0",S1AA2_2,DI524,AC500_PM592_ETH_V2_3\Extension_Bus\CM579_PNIO_A02\CM579_Master\S1AA2,7000.Bytes.Byte1.Digital_Input_I8,8f51a969-8de4-428c-acdb-b3cb4f9b61f3,
iK_Hoisting,Digital input I9,BOOL,-A2_2:2.1  I9 : =S1+H-K2 Hoisting Direction Contactor,="2.1",S1AA2_2,DI524,AC500_PM592_ETH_V2_3\Extension_Bus\CM579_PNIO_A02\CM579_Master\S1AA2,7000.Bytes.Byte1.Digital_Input_I9,8f51a969-8de4-428c-acdb-b3cb4f9b61f3,
iK_FC_HoistIGBT_Release,Digital input I10,BOOL,-A2_2:2.2 I10 : =S1+H-K5 Hoist FC IGBT Release,="2.2",S1AA2_2,DI524,AC500_PM592_ETH_V2_3\Extension_Bus\CM579_PNIO_A02\CM579_Master\S1AA2,7000.Bytes.Byte1.Digital_Input_I10,8f51a969-8de4-428c-acdb-b3cb4f9b61f3,
iK_FC_Travel1_Brake,Digital input I11,BOOL,-A2_2:2.3 I11 : =S1+F-K10 FC Travel 1 Brake Signal On,="2.3",S1AA2_2,DI524,AC500_PM592_ETH_V2_3\Extension_Bus\CM579_PNIO_A02\CM579_Master\S1AA2,7000.Bytes.Byte1.Digital_Input_I11,8f51a969-8de4-428c-acdb-b3cb4f9b61f3,
iK_FC_Travel2_Brake,Digital input I12,BOOL,-A2_2:2.4 I12 : =S1+F-K11 FC Travel 2 Brake Signal On,="2.4",S1AA2_2,DI524,AC500_PM592_ETH_V2_3\Extension_Bus\CM579_PNIO_A02\CM579_Master\S1AA2,7000.Bytes.Byte1.Digital_Input_I12,8f51a969-8de4-428c-acdb-b3cb4f9b61f3,
iK_LeftAntiColl,Digital input I13,BOOL,-A2_2:2.5 I13 : =S1+F-K40 Travel Anti Collision Left Contactor,="2.5",S1AA2_2,DI524,AC500_PM592_ETH_V2_3\Extension_Bus\CM579_PNIO_A02\CM579_Master\S1AA2,7000.Bytes.Byte1.Digital_Input_I13,8f51a969-8de4-428c-acdb-b3cb4f9b61f3,
iK_RightAntiColl,Digital input I14,BOOL,-A2_2:2.6 I14 : =S1+F-K41 Travel Anti Collision Right Contactor,="2.6",S1AA2_2,DI524,AC500_PM592_ETH_V2_3\Extension_Bus\CM579_PNIO_A02\CM579_Master\S1AA2,7000.Bytes.Byte1.Digital_Input_I14,8f51a969-8de4-428c-acdb-b3cb4f9b61f3,
iK_TravelBrakes,Digital input I15,BOOL,-A2_2:2.7 I15 : =S1+F-K3M Travel Brakes Supply,="2.7",S1AA2_2,DI524,AC500_PM592_ETH_V2_3\Extension_Bus\CM579_PNIO_A02\CM579_Master\S1AA2,7000.Bytes.Byte1.Digital_Input_I15,8f51a969-8de4-428c-acdb-b3cb4f9b61f3,
,Digital inputs I16 - I23,BYTE,,,S1AA2_2,DI524,AC500_PM592_ETH_V2_3\Extension_Bus\CM579_PNIO_A02\CM579_Master\S1AA2,7000.Bytes.Byte2,8f51a969-8de4-428c-acdb-b3cb4f9b61f3,
iLS_PortalGate,Digital input I16,BOOL,-A2_2:3.0 I16 : =C+K-FQ1 Portal Gate Limitswitch,="3.0",S1AA2_2,DI524,AC500_PM592_ETH_V2_3\Extension_Bus\CM579_PNIO_A02\CM579_Master\S1AA2,7000.Bytes.Byte2.Digital_Input_I16,8f51a969-8de4-428c-acdb-b3cb4f9b61f3,
iK_FC_TrolleyBrake,Digital input I17,BOOL,-A2_2:3.1 I17 : =S1+K-K10 FC Trolley Brake Signal On,="3.1",S1AA2_2,DI524,AC500_PM592_ETH_V2_3\Extension_Bus\CM579_PNIO_A02\CM579_Master\S1AA2,7000.Bytes.Byte2.Digital_Input_I17,8f51a969-8de4-428c-acdb-b3cb4f9b61f3,
iK_CraneOn,Digital input I18,BOOL,-A2_2:3.2 I18 : =S1+A-K6 CRANE ON,="3.2",S1AA2_2,DI524,AC500_PM592_ETH_V2_3\Extension_Bus\CM579_PNIO_A02\CM579_Master\S1AA2,7000.Bytes.Byte2.Digital_Input_I18,8f51a969-8de4-428c-acdb-b3cb4f9b61f3,
iFireSuppressionEHouse,Digital input I19,BOOL,-A2_2:3.3 I19 : =S1+A-K50 Fire Suppression E House,="3.3",S1AA2_2,DI524,AC500_PM592_ETH_V2_3\Extension_Bus\CM579_PNIO_A02\CM579_Master\S1AA2,7000.Bytes.Byte2.Digital_Input_I19,8f51a969-8de4-428c-acdb-b3cb4f9b61f3,
iK_HoistBrakeContactor,Digital input I20,BOOL,-A2_2:3.4 I20 : =S1+H-K4 Hoist Brake Contactor,="3.4",S1AA2_2,DI524,AC500_PM592_ETH_V2_3\Extension_Bus\CM579_PNIO_A02\CM579_Master\S1AA2,7000.Bytes.Byte2.Digital_Input_I20,8f51a969-8de4-428c-acdb-b3cb4f9b61f3,
,Digital input I21,BOOL,,="3.5",S1AA2_2,DI524,AC500_PM592_ETH_V2_3\Extension_Bus\CM579_PNIO_A02\CM579_Master\S1AA2,7000.Bytes.Byte2.Digital_Input_I21,8f51a969-8de4-428c-acdb-b3cb4f9b61f3,
iC_Unlock_CabinPortalGate1,Digital input I22,BOOL,-A2_2:3.6 I22 : =C+K-SF1 Driver Call/Open Gate 1 Command,="3.6",S1AA2_2,DI524,AC500_PM592_ETH_V2_3\Extension_Bus\CM579_PNIO_A02\CM579_Master\S1AA2,7000.Bytes.Byte2.Digital_Input_I22,8f51a969-8de4-428c-acdb-b3cb4f9b61f3,
iLS_MainBeamGate,Digital input I23,BOOL,-A2_2:3.7 I23 : =G+K-BG85 Main Beam Gate Limitswitch,="3.7",S1AA2_2,DI524,AC500_PM592_ETH_V2_3\Extension_Bus\CM579_PNIO_A02\CM579_Master\S1AA2,7000.Bytes.Byte2.Digital_Input_I23,8f51a969-8de4-428c-acdb-b3cb4f9b61f3,
,Digital inputs I24 - I31,BYTE,,,S1AA2_2,DI524,AC500_PM592_ETH_V2_3\Extension_Bus\CM579_PNIO_A02\CM579_Master\S1AA2,7000.Bytes.Byte3,8f51a969-8de4-428c-acdb-b3cb4f9b61f3,
iK_TravelFR_NormalPos,Digital input I24,BOOL,-A2_2:4.0 I24 : =S1+F-K15 Travel FR Normal Pos Contactor On,="4.0",S1AA2_2,DI524,AC500_PM592_ETH_V2_3\Extension_Bus\CM579_PNIO_A02\CM579_Master\S1AA2,7000.Bytes.Byte3.Digital_Input_I24,8f51a969-8de4-428c-acdb-b3cb4f9b61f3,
iK_TravelFR_StackPos,Digital input I25,BOOL,-A2_2:4.1 I25 : =S1+F-K16 Travel FR Stack Pos Contactor On,="4.1",S1AA2_2,DI524,AC500_PM592_ETH_V2_3\Extension_Bus\CM579_PNIO_A02\CM579_Master\S1AA2,7000.Bytes.Byte3.Digital_Input_I25,8f51a969-8de4-428c-acdb-b3cb4f9b61f3,
iK_TravelBL_NormalPos,Digital input I26,BOOL,-A2_2:4.2 I26 : =S1+F-K17 Travel BL Normal Pos Contactor On,="4.2",S1AA2_2,DI524,AC500_PM592_ETH_V2_3\Extension_Bus\CM579_PNIO_A02\CM579_Master\S1AA2,7000.Bytes.Byte3.Digital_Input_I26,8f51a969-8de4-428c-acdb-b3cb4f9b61f3,
iK_TravelBL_StackPos,Digital input I27,BOOL,-A2_2:4.3 I27 : =S1+F-K18 Travel BL Stack Pos Contactor On,="4.3",S1AA2_2,DI524,AC500_PM592_ETH_V2_3\Extension_Bus\CM579_PNIO_A02\CM579_Master\S1AA2,7000.Bytes.Byte3.Digital_Input_I27,8f51a969-8de4-428c-acdb-b3cb4f9b61f3,
,Digital input I28,BOOL,,="4.4",S1AA2_2,DI524,AC500_PM592_ETH_V2_3\Extension_Bus\CM579_PNIO_A02\CM579_Master\S1AA2,7000.Bytes.Byte3.Digital_Input_I28,8f51a969-8de4-428c-acdb-b3cb4f9b61f3,
,Digital input I29,BOOL,,="4.5",S1AA2_2,DI524,AC500_PM592_ETH_V2_3\Extension_Bus\CM579_PNIO_A02\CM579_Master\S1AA2,7000.Bytes.Byte3.Digital_Input_I29,8f51a969-8de4-428c-acdb-b3cb4f9b61f3,
,Digital input I30,BOOL,,="4.6",S1AA2_2,DI524,AC500_PM592_ETH_V2_3\Extension_Bus\CM579_PNIO_A02\CM579_Master\S1AA2,7000.Bytes.Byte3.Digital_Input_I30,8f51a969-8de4-428c-acdb-b3cb4f9b61f3,
,Digital input I31,BOOL,,="4.7",S1AA2_2,DI524,AC500_PM592_ETH_V2_3\Extension_Bus\CM579_PNIO_A02\CM579_Master\S1AA2,7000.Bytes.Byte3.Digital_Input_I31,8f51a969-8de4-428c-acdb-b3cb4f9b61f3,
//S2AA3_0 (AC500_PM592_ETH_V2_3\Extension_Bus\CM579_PNIO_A02\CM579_Master\S2AA3)
,Analog input AI0+,INT,,="1.0",S2AA3_0,CI501-IO (V3),AC500_PM592_ETH_V2_3\Extension_Bus\CM579_PNIO_A02\CM579_Master\S2AA3,7500,5a7d0a7a-a825-448e-ab15-4438f72a3d1e,
,Analog input AI1+,INT,,="1.1",S2AA3_0,CI501-IO (V3),AC500_PM592_ETH_V2_3\Extension_Bus\CM579_PNIO_A02\CM579_Master\S2AA3,7501,5a7d0a7a-a825-448e-ab15-4438f72a3d1e,
,Analog input AI2+,INT,,="1.2",S2AA3_0,CI501-IO (V3),AC500_PM592_ETH_V2_3\Extension_Bus\CM579_PNIO_A02\CM579_Master\S2AA3,7502,5a7d0a7a-a825-448e-ab15-4438f72a3d1e,
,Analog input AI3+,INT,,="1.3",S2AA3_0,CI501-IO (V3),AC500_PM592_ETH_V2_3\Extension_Bus\CM579_PNIO_A02\CM579_Master\S2AA3,7503,5a7d0a7a-a825-448e-ab15-4438f72a3d1e,
,Digital inputs DI0 - DI7,BYTE,,,S2AA3_0,CI501-IO (V3),AC500_PM592_ETH_V2_3\Extension_Bus\CM579_PNIO_A02\CM579_Master\S2AA3,7000,5a7d0a7a-a825-448e-ab15-4438f72a3d1e,
,Digital input DI0,BOOL,,="2.0",S2AA3_0,CI501-IO (V3),AC500_PM592_ETH_V2_3\Extension_Bus\CM579_PNIO_A02\CM579_Master\S2AA3,7000.Digital_Input_DI0,5a7d0a7a-a825-448e-ab15-4438f72a3d1e,
,Digital input DI1,BOOL,,="2.1",S2AA3_0,CI501-IO (V3),AC500_PM592_ETH_V2_3\Extension_Bus\CM579_PNIO_A02\CM579_Master\S2AA3,7000.Digital_Input_DI1,5a7d0a7a-a825-448e-ab15-4438f72a3d1e,
,Digital input DI2,BOOL,,="2.2",S2AA3_0,CI501-IO (V3),AC500_PM592_ETH_V2_3\Extension_Bus\CM579_PNIO_A02\CM579_Master\S2AA3,7000.Digital_Input_DI2,5a7d0a7a-a825-448e-ab15-4438f72a3d1e,
,Digital input DI3,BOOL,,="2.3",S2AA3_0,CI501-IO (V3),AC500_PM592_ETH_V2_3\Extension_Bus\CM579_PNIO_A02\CM579_Master\S2AA3,7000.Digital_Input_DI3,5a7d0a7a-a825-448e-ab15-4438f72a3d1e,
,Digital input DI4,BOOL,,="2.4",S2AA3_0,CI501-IO (V3),AC500_PM592_ETH_V2_3\Extension_Bus\CM579_PNIO_A02\CM579_Master\S2AA3,7000.Digital_Input_DI4,5a7d0a7a-a825-448e-ab15-4438f72a3d1e,
,Digital input DI5,BOOL,,="2.5",S2AA3_0,CI501-IO (V3),AC500_PM592_ETH_V2_3\Extension_Bus\CM579_PNIO_A02\CM579_Master\S2AA3,7000.Digital_Input_DI5,5a7d0a7a-a825-448e-ab15-4438f72a3d1e,
,Digital input DI6,BOOL,,="2.6",S2AA3_0,CI501-IO (V3),AC500_PM592_ETH_V2_3\Extension_Bus\CM579_PNIO_A02\CM579_Master\S2AA3,7000.Digital_Input_DI6,5a7d0a7a-a825-448e-ab15-4438f72a3d1e,
,Digital input DI7,BOOL,,="2.7",S2AA3_0,CI501-IO (V3),AC500_PM592_ETH_V2_3\Extension_Bus\CM579_PNIO_A02\CM579_Master\S2AA3,7000.Digital_Input_DI7,5a7d0a7a-a825-448e-ab15-4438f72a3d1e,
,Analog output AO0+,INT,,="1.5",S2AA3_0,CI501-IO (V3),AC500_PM592_ETH_V2_3\Extension_Bus\CM579_PNIO_A02\CM579_Master\S2AA3,8500,5a7d0a7a-a825-448e-ab15-4438f72a3d1e,
,Analog output AO1+,INT,,="1.6",S2AA3_0,CI501-IO (V3),AC500_PM592_ETH_V2_3\Extension_Bus\CM579_PNIO_A02\CM579_Master\S2AA3,8501,5a7d0a7a-a825-448e-ab15-4438f72a3d1e,
,Digital outputs DO0 - DO7,BYTE,,,S2AA3_0,CI501-IO (V3),AC500_PM592_ETH_V2_3\Extension_Bus\CM579_PNIO_A02\CM579_Master\S2AA3,8000,5a7d0a7a-a825-448e-ab15-4438f72a3d1e,
,Digital output DO0,BOOL,,="3.0",S2AA3_0,CI501-IO (V3),AC500_PM592_ETH_V2_3\Extension_Bus\CM579_PNIO_A02\CM579_Master\S2AA3,8000.Digital_Output_DO0,5a7d0a7a-a825-448e-ab15-4438f72a3d1e,
,Digital output DO1,BOOL,,="3.1",S2AA3_0,CI501-IO (V3),AC500_PM592_ETH_V2_3\Extension_Bus\CM579_PNIO_A02\CM579_Master\S2AA3,8000.Digital_Output_DO1,5a7d0a7a-a825-448e-ab15-4438f72a3d1e,
,Digital output DO2,BOOL,,="3.2",S2AA3_0,CI501-IO (V3),AC500_PM592_ETH_V2_3\Extension_Bus\CM579_PNIO_A02\CM579_Master\S2AA3,8000.Digital_Output_DO2,5a7d0a7a-a825-448e-ab15-4438f72a3d1e,
,Digital output DO3,BOOL,,="3.3",S2AA3_0,CI501-IO (V3),AC500_PM592_ETH_V2_3\Extension_Bus\CM579_PNIO_A02\CM579_Master\S2AA3,8000.Digital_Output_DO3,5a7d0a7a-a825-448e-ab15-4438f72a3d1e,
,Digital output DO4,BOOL,,="3.4",S2AA3_0,CI501-IO (V3),AC500_PM592_ETH_V2_3\Extension_Bus\CM579_PNIO_A02\CM579_Master\S2AA3,8000.Digital_Output_DO4,5a7d0a7a-a825-448e-ab15-4438f72a3d1e,
,Digital output DO5,BOOL,,="3.5",S2AA3_0,CI501-IO (V3),AC500_PM592_ETH_V2_3\Extension_Bus\CM579_PNIO_A02\CM579_Master\S2AA3,8000.Digital_Output_DO5,5a7d0a7a-a825-448e-ab15-4438f72a3d1e,
,Digital output DO6,BOOL,,="3.6",S2AA3_0,CI501-IO (V3),AC500_PM592_ETH_V2_3\Extension_Bus\CM579_PNIO_A02\CM579_Master\S2AA3,8000.Digital_Output_DO6,5a7d0a7a-a825-448e-ab15-4438f72a3d1e,
,Digital output DO7,BOOL,,="3.7",S2AA3_0,CI501-IO (V3),AC500_PM592_ETH_V2_3\Extension_Bus\CM579_PNIO_A02\CM579_Master\S2AA3,8000.Digital_Output_DO7,5a7d0a7a-a825-448e-ab15-4438f72a3d1e,
,Fast counter : Actual value 1,DWORD,,,S2AA3_0,CI501-IO (V3),AC500_PM592_ETH_V2_3\Extension_Bus\CM579_PNIO_A02\CM579_Master\S2AA3,7900,5a7d0a7a-a825-448e-ab15-4438f72a3d1e,
,Fast counter : Actual value 2,DWORD,,,S2AA3_0,CI501-IO (V3),AC500_PM592_ETH_V2_3\Extension_Bus\CM579_PNIO_A02\CM579_Master\S2AA3,7901,5a7d0a7a-a825-448e-ab15-4438f72a3d1e,
,Fast counter : State Byte 1,BYTE,,,S2AA3_0,CI501-IO (V3),AC500_PM592_ETH_V2_3\Extension_Bus\CM579_PNIO_A02\CM579_Master\S2AA3,7902,5a7d0a7a-a825-448e-ab15-4438f72a3d1e,
,Fast counter : State Byte 2,BYTE,,,S2AA3_0,CI501-IO (V3),AC500_PM592_ETH_V2_3\Extension_Bus\CM579_PNIO_A02\CM579_Master\S2AA3,7903,5a7d0a7a-a825-448e-ab15-4438f72a3d1e,
,Fast counter : Start value 1,DWORD,,,S2AA3_0,CI501-IO (V3),AC500_PM592_ETH_V2_3\Extension_Bus\CM579_PNIO_A02\CM579_Master\S2AA3,8900,5a7d0a7a-a825-448e-ab15-4438f72a3d1e,
,Fast counter : End value 1,DWORD,,,S2AA3_0,CI501-IO (V3),AC500_PM592_ETH_V2_3\Extension_Bus\CM579_PNIO_A02\CM579_Master\S2AA3,8901,5a7d0a7a-a825-448e-ab15-4438f72a3d1e,
,Fast counter : Start value 2,DWORD,,,S2AA3_0,CI501-IO (V3),AC500_PM592_ETH_V2_3\Extension_Bus\CM579_PNIO_A02\CM579_Master\S2AA3,8902,5a7d0a7a-a825-448e-ab15-4438f72a3d1e,
,Fast counter : End value 2,DWORD,,,S2AA3_0,CI501-IO (V3),AC500_PM592_ETH_V2_3\Extension_Bus\CM579_PNIO_A02\CM579_Master\S2AA3,8903,5a7d0a7a-a825-448e-ab15-4438f72a3d1e,
,Fast counter : Control Byte 1,BYTE,,,S2AA3_0,CI501-IO (V3),AC500_PM592_ETH_V2_3\Extension_Bus\CM579_PNIO_A02\CM579_Master\S2AA3,8904,5a7d0a7a-a825-448e-ab15-4438f72a3d1e,
,Fast counter : Control Byte 2,BYTE,,,S2AA3_0,CI501-IO (V3),AC500_PM592_ETH_V2_3\Extension_Bus\CM579_PNIO_A02\CM579_Master\S2AA3,8905,5a7d0a7a-a825-448e-ab15-4438f72a3d1e,
//S2AA3_1 (AC500_PM592_ETH_V2_3\Extension_Bus\CM579_PNIO_A02\CM579_Master\S2AA3)
,Digital inputs I0 - I31,DWORD,,,S2AA3_1,DI524,AC500_PM592_ETH_V2_3\Extension_Bus\CM579_PNIO_A02\CM579_Master\S2AA3,7000.Typ_DWord,f7727939-53b4-4ffd-ae4d-03afce3c2ff9,
,Digital inputs I0 - I15,WORD,,,S2AA3_1,DI524,AC500_PM592_ETH_V2_3\Extension_Bus\CM579_PNIO_A02\CM579_Master\S2AA3,7000.Words.Word0,f7727939-53b4-4ffd-ae4d-03afce3c2ff9,
,Digital inputs I16 - I31,WORD,,,S2AA3_1,DI524,AC500_PM592_ETH_V2_3\Extension_Bus\CM579_PNIO_A02\CM579_Master\S2AA3,7000.Words.Word1,f7727939-53b4-4ffd-ae4d-03afce3c2ff9,
,Digital inputs I0 - I7,BYTE,,,S2AA3_1,DI524,AC500_PM592_ETH_V2_3\Extension_Bus\CM579_PNIO_A02\CM579_Master\S2AA3,7000.Bytes.Byte0,f7727939-53b4-4ffd-ae4d-03afce3c2ff9,
iLS_EStopHoistUp,Digital input I0,BOOL,-A3_1:1.0  I0 : =S2+H-K9 Hoist EStop Up LS,="1.0",S2AA3_1,DI524,AC500_PM592_ETH_V2_3\Extension_Bus\CM579_PNIO_A02\CM579_Master\S2AA3,7000.Bytes.Byte0.Digital_Input_I0,f7727939-53b4-4ffd-ae4d-03afce3c2ff9,
,Digital input I1,BOOL,,="1.1",S2AA3_1,DI524,AC500_PM592_ETH_V2_3\Extension_Bus\CM579_PNIO_A02\CM579_Master\S2AA3,7000.Bytes.Byte0.Digital_Input_I1,f7727939-53b4-4ffd-ae4d-03afce3c2ff9,
,Digital input I2,BOOL,,="1.2",S2AA3_1,DI524,AC500_PM592_ETH_V2_3\Extension_Bus\CM579_PNIO_A02\CM579_Master\S2AA3,7000.Bytes.Byte0.Digital_Input_I2,f7727939-53b4-4ffd-ae4d-03afce3c2ff9,
,Digital input I3,BOOL,,="1.3",S2AA3_1,DI524,AC500_PM592_ETH_V2_3\Extension_Bus\CM579_PNIO_A02\CM579_Master\S2AA3,7000.Bytes.Byte0.Digital_Input_I3,f7727939-53b4-4ffd-ae4d-03afce3c2ff9,
iTLS_HydraulicThermalSw,Digital input I4,BOOL,-A3_1:1.4  I4 : =K+T-M1 Trim/List/Skew Hydraulic Thermal Switch,="1.4",S2AA3_1,DI524,AC500_PM592_ETH_V2_3\Extension_Bus\CM579_PNIO_A02\CM579_Master\S2AA3,7000.Bytes.Byte0.Digital_Input_I4,f7727939-53b4-4ffd-ae4d-03afce3c2ff9,
iF_24V_DC_SupplyS2_F4,Digital input I5,BOOL,-A3_1:1.5  I5 : =S2+A-F4 24V DC Supply S2,="1.5",S2AA3_1,DI524,AC500_PM592_ETH_V2_3\Extension_Bus\CM579_PNIO_A02\CM579_Master\S2AA3,7000.Bytes.Byte0.Digital_Input_I5,f7727939-53b4-4ffd-ae4d-03afce3c2ff9,
,Digital input I6,BOOL,,="1.6",S2AA3_1,DI524,AC500_PM592_ETH_V2_3\Extension_Bus\CM579_PNIO_A02\CM579_Master\S2AA3,7000.Bytes.Byte0.Digital_Input_I6,f7727939-53b4-4ffd-ae4d-03afce3c2ff9,
,Digital input I7,BOOL,,="1.7",S2AA3_1,DI524,AC500_PM592_ETH_V2_3\Extension_Bus\CM579_PNIO_A02\CM579_Master\S2AA3,7000.Bytes.Byte0.Digital_Input_I7,f7727939-53b4-4ffd-ae4d-03afce3c2ff9,
,Digital inputs I8 - I15,BYTE,,,S2AA3_1,DI524,AC500_PM592_ETH_V2_3\Extension_Bus\CM579_PNIO_A02\CM579_Master\S2AA3,7000.Bytes.Byte1,f7727939-53b4-4ffd-ae4d-03afce3c2ff9,
iEStop_S2,Digital input I8,BOOL,-A3_1:2.0  I8 : =S2+A-S1 E-Stop Switchbox S2 (cabin),="2.0",S2AA3_1,DI524,AC500_PM592_ETH_V2_3\Extension_Bus\CM579_PNIO_A02\CM579_Master\S2AA3,7000.Bytes.Byte1.Digital_Input_I8,f7727939-53b4-4ffd-ae4d-03afce3c2ff9,
iSpare_A3_1_I9,Digital input I9,BOOL,-A3_1:2.1  I9 :  Spare Input Prewired,="2.1",S2AA3_1,DI524,AC500_PM592_ETH_V2_3\Extension_Bus\CM579_PNIO_A02\CM579_Master\S2AA3,7000.Bytes.Byte1.Digital_Input_I9,f7727939-53b4-4ffd-ae4d-03afce3c2ff9,
iSpare_A3_1_I10,Digital input I10,BOOL,-A3_1:2.2 I10 :  Spare Input Prewired,="2.2",S2AA3_1,DI524,AC500_PM592_ETH_V2_3\Extension_Bus\CM579_PNIO_A02\CM579_Master\S2AA3,7000.Bytes.Byte1.Digital_Input_I10,f7727939-53b4-4ffd-ae4d-03afce3c2ff9,
iLS_HoistDownStop,Digital input I11,BOOL,-A3_1:2.3 I11 : =K+H-S1.6 Hoist Down Stop LS signal,="2.3",S2AA3_1,DI524,AC500_PM592_ETH_V2_3\Extension_Bus\CM579_PNIO_A02\CM579_Master\S2AA3,7000.Bytes.Byte1.Digital_Input_I11,f7727939-53b4-4ffd-ae4d-03afce3c2ff9,
iF_24V_DC_Spreader,Digital input I12,BOOL,-A3_1:2.4 I12 : =S2+S-F4 24V DC Spreader Supply,="2.4",S2AA3_1,DI524,AC500_PM592_ETH_V2_3\Extension_Bus\CM579_PNIO_A02\CM579_Master\S2AA3,7000.Bytes.Byte1.Digital_Input_I12,f7727939-53b4-4ffd-ae4d-03afce3c2ff9,
iLS_HoistBrake1_Open,Digital input I13,BOOL,-A3_1:2.5 I13 : =K+H-M2 Hoist Brake 1 Open Limitswitch,="2.5",S2AA3_1,DI524,AC500_PM592_ETH_V2_3\Extension_Bus\CM579_PNIO_A02\CM579_Master\S2AA3,7000.Bytes.Byte1.Digital_Input_I13,f7727939-53b4-4ffd-ae4d-03afce3c2ff9,
,Digital input I14,BOOL,,="2.6",S2AA3_1,DI524,AC500_PM592_ETH_V2_3\Extension_Bus\CM579_PNIO_A02\CM579_Master\S2AA3,7000.Bytes.Byte1.Digital_Input_I14,f7727939-53b4-4ffd-ae4d-03afce3c2ff9,
iLS_HoistUpStop,Digital input I15,BOOL,-A3_1:2.7 I15 : =K+H-S1.1 Hoist Up Stop Limitswitch,="2.7",S2AA3_1,DI524,AC500_PM592_ETH_V2_3\Extension_Bus\CM579_PNIO_A02\CM579_Master\S2AA3,7000.Bytes.Byte1.Digital_Input_I15,f7727939-53b4-4ffd-ae4d-03afce3c2ff9,
,Digital inputs I16 - I23,BYTE,,,S2AA3_1,DI524,AC500_PM592_ETH_V2_3\Extension_Bus\CM579_PNIO_A02\CM579_Master\S2AA3,7000.Bytes.Byte2,f7727939-53b4-4ffd-ae4d-03afce3c2ff9,
,Digital input I16,BOOL,,="3.0",S2AA3_1,DI524,AC500_PM592_ETH_V2_3\Extension_Bus\CM579_PNIO_A02\CM579_Master\S2AA3,7000.Bytes.Byte2.Digital_Input_I16,f7727939-53b4-4ffd-ae4d-03afce3c2ff9,
iF_24V_DC_SupplyP1_F3,Digital input I17,BOOL,-A3_1:3.1 I17 : =S2+A-F3 24V DC Supply P1 (drivers console),="3.1",S2AA3_1,DI524,AC500_PM592_ETH_V2_3\Extension_Bus\CM579_PNIO_A02\CM579_Master\S2AA3,7000.Bytes.Byte2.Digital_Input_I17,f7727939-53b4-4ffd-ae4d-03afce3c2ff9,
iQ_HoistMotor1_Fan,Digital input I18,BOOL,-A3_1:3.2 I18 : =S2+H-Q2 Hoist Motor 1 CB,="3.2",S2AA3_1,DI524,AC500_PM592_ETH_V2_3\Extension_Bus\CM579_PNIO_A02\CM579_Master\S2AA3,7000.Bytes.Byte2.Digital_Input_I18,f7727939-53b4-4ffd-ae4d-03afce3c2ff9,
iK_HoistMotor1_Fan,Digital input I19,BOOL,-A3_1:3.3 I19 : =S2+H-K1M Hoist Motor 1 Fan On,="3.3",S2AA3_1,DI524,AC500_PM592_ETH_V2_3\Extension_Bus\CM579_PNIO_A02\CM579_Master\S2AA3,7000.Bytes.Byte2.Digital_Input_I19,f7727939-53b4-4ffd-ae4d-03afce3c2ff9,
iQ_MotorSpreader,Digital input I20,BOOL,-A3_1:3.4 I20 : =S2+S-Q0 Spreader Motors CB,="3.4",S2AA3_1,DI524,AC500_PM592_ETH_V2_3\Extension_Bus\CM579_PNIO_A02\CM579_Master\S2AA3,7000.Bytes.Byte2.Digital_Input_I20,f7727939-53b4-4ffd-ae4d-03afce3c2ff9,
,Digital input I21,BOOL,,="3.5",S2AA3_1,DI524,AC500_PM592_ETH_V2_3\Extension_Bus\CM579_PNIO_A02\CM579_Master\S2AA3,7000.Bytes.Byte2.Digital_Input_I21,f7727939-53b4-4ffd-ae4d-03afce3c2ff9,
iQ_HoistBrake1,Digital input I22,BOOL,-A3_1:3.6 I22 : =S2+H-Q3 Hoist Brake 1 CB,="3.6",S2AA3_1,DI524,AC500_PM592_ETH_V2_3\Extension_Bus\CM579_PNIO_A02\CM579_Master\S2AA3,7000.Bytes.Byte2.Digital_Input_I22,f7727939-53b4-4ffd-ae4d-03afce3c2ff9,
,Digital input I23,BOOL,,="3.7",S2AA3_1,DI524,AC500_PM592_ETH_V2_3\Extension_Bus\CM579_PNIO_A02\CM579_Master\S2AA3,7000.Bytes.Byte2.Digital_Input_I23,f7727939-53b4-4ffd-ae4d-03afce3c2ff9,
,Digital inputs I24 - I31,BYTE,,,S2AA3_1,DI524,AC500_PM592_ETH_V2_3\Extension_Bus\CM579_PNIO_A02\CM579_Master\S2AA3,7000.Bytes.Byte3,f7727939-53b4-4ffd-ae4d-03afce3c2ff9,
iF_SupplyOverload,Digital input I24,BOOL,-A3_1:4.0 I24 : =S2+A-F5 SUPPLY OVERLOAD,="4.0",S2AA3_1,DI524,AC500_PM592_ETH_V2_3\Extension_Bus\CM579_PNIO_A02\CM579_Master\S2AA3,7000.Bytes.Byte3.Digital_Input_I24,f7727939-53b4-4ffd-ae4d-03afce3c2ff9,
iF_HoistMotor1_PTC,Digital input I25,BOOL,-A3_1:4.1 I25 : =S2+H-F5 Hoist Motor 1 PTC,="4.1",S2AA3_1,DI524,AC500_PM592_ETH_V2_3\Extension_Bus\CM579_PNIO_A02\CM579_Master\S2AA3,7000.Bytes.Byte3.Digital_Input_I25,f7727939-53b4-4ffd-ae4d-03afce3c2ff9,
iTrolleyMotorsThermalSw,Digital input I26,BOOL,-A3_1:4.2 I26 : =K+K-M1/M2 Trolley Motors Thermal Switches,="4.2",S2AA3_1,DI524,AC500_PM592_ETH_V2_3\Extension_Bus\CM579_PNIO_A02\CM579_Master\S2AA3,7000.Bytes.Byte3.Digital_Input_I26,f7727939-53b4-4ffd-ae4d-03afce3c2ff9,
iLS_AnchorPin,Digital input I27,BOOL,-A3_1:4.3 I27 : =K+K-B20 Anchor Pin Limitswitch,="4.3",S2AA3_1,DI524,AC500_PM592_ETH_V2_3\Extension_Bus\CM579_PNIO_A02\CM579_Master\S2AA3,7000.Bytes.Byte3.Digital_Input_I27,f7727939-53b4-4ffd-ae4d-03afce3c2ff9,
iQ_24V_DC_Spreader,Digital input I28,BOOL,-A3_1:4.4 I28 : =S2+S-Q1 24V DC Spreader CB,="4.4",S2AA3_1,DI524,AC500_PM592_ETH_V2_3\Extension_Bus\CM579_PNIO_A02\CM579_Master\S2AA3,7000.Bytes.Byte3.Digital_Input_I28,f7727939-53b4-4ffd-ae4d-03afce3c2ff9,
iC_HoistBrakeTest_S2,Digital input I29,BOOL,-A3_1:4.5 I29 : =S2+H-S4 Hoist Brake Test,="4.5",S2AA3_1,DI524,AC500_PM592_ETH_V2_3\Extension_Bus\CM579_PNIO_A02\CM579_Master\S2AA3,7000.Bytes.Byte3.Digital_Input_I29,f7727939-53b4-4ffd-ae4d-03afce3c2ff9,
iQ_SupplyMcbPanelCabin,Digital input I30,BOOL,-A3_1:4.6 I30 : =S2+R-Q43 Supply MCB Panel Cabin CB,="4.6",S2AA3_1,DI524,AC500_PM592_ETH_V2_3\Extension_Bus\CM579_PNIO_A02\CM579_Master\S2AA3,7000.Bytes.Byte3.Digital_Input_I30,f7727939-53b4-4ffd-ae4d-03afce3c2ff9,
iEStop_TrolleyEntry,Digital input I31,BOOL,-A3_1:4.7 I31 : =K+K-M1/M2 E-Stop Trolley Entry,="4.7",S2AA3_1,DI524,AC500_PM592_ETH_V2_3\Extension_Bus\CM579_PNIO_A02\CM579_Master\S2AA3,7000.Bytes.Byte3.Digital_Input_I31,f7727939-53b4-4ffd-ae4d-03afce3c2ff9,
//S2AA3_2 (AC500_PM592_ETH_V2_3\Extension_Bus\CM579_PNIO_A02\CM579_Master\S2AA3)
,Digital inputs I0 - I31,DWORD,,,S2AA3_2,DI524,AC500_PM592_ETH_V2_3\Extension_Bus\CM579_PNIO_A02\CM579_Master\S2AA3,7000.Typ_DWord,4af80cc5-ab2a-4720-95bb-6c795c28fe85,
,Digital inputs I0 - I15,WORD,,,S2AA3_2,DI524,AC500_PM592_ETH_V2_3\Extension_Bus\CM579_PNIO_A02\CM579_Master\S2AA3,7000.Words.Word0,4af80cc5-ab2a-4720-95bb-6c795c28fe85,
,Digital inputs I16 - I31,WORD,,,S2AA3_2,DI524,AC500_PM592_ETH_V2_3\Extension_Bus\CM579_PNIO_A02\CM579_Master\S2AA3,7000.Words.Word1,4af80cc5-ab2a-4720-95bb-6c795c28fe85,
,Digital inputs I0 - I7,BYTE,,,S2AA3_2,DI524,AC500_PM592_ETH_V2_3\Extension_Bus\CM579_PNIO_A02\CM579_Master\S2AA3,7000.Bytes.Byte0,4af80cc5-ab2a-4720-95bb-6c795c28fe85,
iQ_TrolleyBrakes,Digital input I0,BOOL,-A3_2:1.0  I0 : =S2+K-Q6 Trolley Brakes CB,="1.0",S2AA3_2,DI524,AC500_PM592_ETH_V2_3\Extension_Bus\CM579_PNIO_A02\CM579_Master\S2AA3,7000.Bytes.Byte0.Digital_Input_I0,4af80cc5-ab2a-4720-95bb-6c795c28fe85,
iF_SupplyStackScanner1,Digital input I1,BOOL,-A3_2:1.1  I1 : =S2+A-F62 Supply Stack Profiling Scanner 1,="1.1",S2AA3_2,DI524,AC500_PM592_ETH_V2_3\Extension_Bus\CM579_PNIO_A02\CM579_Master\S2AA3,7000.Bytes.Byte0.Digital_Input_I1,4af80cc5-ab2a-4720-95bb-6c795c28fe85,
iQ_TLS_Motor,Digital input I2,BOOL,-A3_2:1.2  I2 : =S2+T-Q0 Trim/List/Skew Motor CB,="1.2",S2AA3_2,DI524,AC500_PM592_ETH_V2_3\Extension_Bus\CM579_PNIO_A02\CM579_Master\S2AA3,7000.Bytes.Byte0.Digital_Input_I2,4af80cc5-ab2a-4720-95bb-6c795c28fe85,
iSpare_A3_2_I3,Digital input I3,BOOL,-A3_2:1.3  I3 :  Spare Input Prewired,="1.3",S2AA3_2,DI524,AC500_PM592_ETH_V2_3\Extension_Bus\CM579_PNIO_A02\CM579_Master\S2AA3,7000.Bytes.Byte0.Digital_Input_I3,4af80cc5-ab2a-4720-95bb-6c795c28fe85,
iF_SupplyStackProfilingLasers,Digital input I4,BOOL,-A3_2:1.4  I4 : =S2+A-F60 Supply Stack Profiling Lasers 1 - 2,="1.4",S2AA3_2,DI524,AC500_PM592_ETH_V2_3\Extension_Bus\CM579_PNIO_A02\CM579_Master\S2AA3,7000.Bytes.Byte0.Digital_Input_I4,4af80cc5-ab2a-4720-95bb-6c795c28fe85,
iF_StackScannerHeating,Digital input I5,BOOL,-A3_2:1.5  I5 : =S2+A-F61 Stack Profiling Scanner Heating,="1.5",S2AA3_2,DI524,AC500_PM592_ETH_V2_3\Extension_Bus\CM579_PNIO_A02\CM579_Master\S2AA3,7000.Bytes.Byte0.Digital_Input_I5,4af80cc5-ab2a-4720-95bb-6c795c28fe85,
iK_TLS_On,Digital input I6,BOOL,-A3_2:1.6  I6 : =S2+T-K0M Trim/List/Skew Motor On,="1.6",S2AA3_2,DI524,AC500_PM592_ETH_V2_3\Extension_Bus\CM579_PNIO_A02\CM579_Master\S2AA3,7000.Bytes.Byte0.Digital_Input_I6,4af80cc5-ab2a-4720-95bb-6c795c28fe85,
iC_TLS_RamAdjustment,Digital input I7,BOOL,-A3_2:1.7  I7 : =S2+T-S6 Trim/List/Skew Ram Adjustment Command,="1.7",S2AA3_2,DI524,AC500_PM592_ETH_V2_3\Extension_Bus\CM579_PNIO_A02\CM579_Master\S2AA3,7000.Bytes.Byte0.Digital_Input_I7,4af80cc5-ab2a-4720-95bb-6c795c28fe85,
,Digital inputs I8 - I15,BYTE,,,S2AA3_2,DI524,AC500_PM592_ETH_V2_3\Extension_Bus\CM579_PNIO_A02\CM579_Master\S2AA3,7000.Bytes.Byte1,4af80cc5-ab2a-4720-95bb-6c795c28fe85,
iC_TLS_RetractRam_S2,Digital input I8,BOOL,-A3_2:2.0  I8 : =S2+T-S3 Trim/List/Skew Retract Ram Command S2,="2.0",S2AA3_2,DI524,AC500_PM592_ETH_V2_3\Extension_Bus\CM579_PNIO_A02\CM579_Master\S2AA3,7000.Bytes.Byte1.Digital_Input_I8,4af80cc5-ab2a-4720-95bb-6c795c28fe85,
iC_TLS_Ram2_S2,Digital input I9,BOOL,-A3_2:2.1  I9 : =S2+T-S1-2 Trim/List/Skew Ram 2 Select Command S2,="2.1",S2AA3_2,DI524,AC500_PM592_ETH_V2_3\Extension_Bus\CM579_PNIO_A02\CM579_Master\S2AA3,7000.Bytes.Byte1.Digital_Input_I9,4af80cc5-ab2a-4720-95bb-6c795c28fe85,
iC_TLS_Ram4_S2,Digital input I10,BOOL,-A3_2:2.2 I10 : =S2+T-S1-4 Trim/List/Skew Ram 4 Select Command S2,="2.2",S2AA3_2,DI524,AC500_PM592_ETH_V2_3\Extension_Bus\CM579_PNIO_A02\CM579_Master\S2AA3,7000.Bytes.Byte1.Digital_Input_I10,4af80cc5-ab2a-4720-95bb-6c795c28fe85,
iC_TLS_ExtendRam_S2,Digital input I11,BOOL,-A3_2:2.3 I11 : =S2+T-S2 Trim/List/Skew Extend Ram Command S2,="2.3",S2AA3_2,DI524,AC500_PM592_ETH_V2_3\Extension_Bus\CM579_PNIO_A02\CM579_Master\S2AA3,7000.Bytes.Byte1.Digital_Input_I11,4af80cc5-ab2a-4720-95bb-6c795c28fe85,
iC_TLS_Ram1_S2,Digital input I12,BOOL,-A3_2:2.4 I12 : =S2+T-S1-1 Trim/List/Skew Ram 1 Select Command S2,="2.4",S2AA3_2,DI524,AC500_PM592_ETH_V2_3\Extension_Bus\CM579_PNIO_A02\CM579_Master\S2AA3,7000.Bytes.Byte1.Digital_Input_I12,4af80cc5-ab2a-4720-95bb-6c795c28fe85,
iC_TLS_Ram3_S2,Digital input I13,BOOL,-A3_2:2.5 I13 : =S2+T-S1-3 Trim/List/Skew Ram 3 Select Command S2,="2.5",S2AA3_2,DI524,AC500_PM592_ETH_V2_3\Extension_Bus\CM579_PNIO_A02\CM579_Master\S2AA3,7000.Bytes.Byte1.Digital_Input_I13,4af80cc5-ab2a-4720-95bb-6c795c28fe85,
iC_InchingDown_S2,Digital input I14,BOOL,-A3_2:2.6 I14 : =S2+H-S3 Inching Down Command S2,="2.6",S2AA3_2,DI524,AC500_PM592_ETH_V2_3\Extension_Bus\CM579_PNIO_A02\CM579_Master\S2AA3,7000.Bytes.Byte1.Digital_Input_I14,4af80cc5-ab2a-4720-95bb-6c795c28fe85,
iLS_40Ft,Digital input I15,BOOL,-A3_2:2.7 I15 : =S2+S-X2:S125 40 ft. signal,="2.7",S2AA3_2,DI524,AC500_PM592_ETH_V2_3\Extension_Bus\CM579_PNIO_A02\CM579_Master\S2AA3,7000.Bytes.Byte1.Digital_Input_I15,4af80cc5-ab2a-4720-95bb-6c795c28fe85,
,Digital inputs I16 - I23,BYTE,,,S2AA3_2,DI524,AC500_PM592_ETH_V2_3\Extension_Bus\CM579_PNIO_A02\CM579_Master\S2AA3,7000.Bytes.Byte2,4af80cc5-ab2a-4720-95bb-6c795c28fe85,
iLS_LandedFL,Digital input I16,BOOL,-A3_2:3.0 I16 : =S2+S-X2:S113 Landed FL signal,="3.0",S2AA3_2,DI524,AC500_PM592_ETH_V2_3\Extension_Bus\CM579_PNIO_A02\CM579_Master\S2AA3,7000.Bytes.Byte2.Digital_Input_I16,4af80cc5-ab2a-4720-95bb-6c795c28fe85,
iLS_LandedBR,Digital input I17,BOOL,-A3_2:3.1 I17 : =S2+S-X2:S115 Landed BR signal,="3.1",S2AA3_2,DI524,AC500_PM592_ETH_V2_3\Extension_Bus\CM579_PNIO_A02\CM579_Master\S2AA3,7000.Bytes.Byte2.Digital_Input_I17,4af80cc5-ab2a-4720-95bb-6c795c28fe85,
iC_InchingOn_S2,Digital input I18,BOOL,-A3_2:3.2 I18 : =S2+H-S1 Inching On Command S2,="3.2",S2AA3_2,DI524,AC500_PM592_ETH_V2_3\Extension_Bus\CM579_PNIO_A02\CM579_Master\S2AA3,7000.Bytes.Byte2.Digital_Input_I18,4af80cc5-ab2a-4720-95bb-6c795c28fe85,
iSpreaderPluggedIn,Digital input I19,BOOL,-A3_2:3.3 I19 : =S2+S-X2:S133 Spreader Plugged In,="3.3",S2AA3_2,DI524,AC500_PM592_ETH_V2_3\Extension_Bus\CM579_PNIO_A02\CM579_Master\S2AA3,7000.Bytes.Byte2.Digital_Input_I19,4af80cc5-ab2a-4720-95bb-6c795c28fe85,
iLS_LandedFR,Digital input I20,BOOL,-A3_2:3.4 I20 : =S2+S-X2:S114 Landed FR signal,="3.4",S2AA3_2,DI524,AC500_PM592_ETH_V2_3\Extension_Bus\CM579_PNIO_A02\CM579_Master\S2AA3,7000.Bytes.Byte2.Digital_Input_I20,4af80cc5-ab2a-4720-95bb-6c795c28fe85,
iLS_LandedBL,Digital input I21,BOOL,-A3_2:3.5 I21 : =S2+S-X2:S116 Landed BL signal,="3.5",S2AA3_2,DI524,AC500_PM592_ETH_V2_3\Extension_Bus\CM579_PNIO_A02\CM579_Master\S2AA3,7000.Bytes.Byte2.Digital_Input_I21,4af80cc5-ab2a-4720-95bb-6c795c28fe85,
iC_InchingUp_S2,Digital input I22,BOOL,-A3_2:3.6 I22 : =S2+H-S2 Inching Up Command S2,="3.6",S2AA3_2,DI524,AC500_PM592_ETH_V2_3\Extension_Bus\CM579_PNIO_A02\CM579_Master\S2AA3,7000.Bytes.Byte2.Digital_Input_I22,4af80cc5-ab2a-4720-95bb-6c795c28fe85,
iSpare_A3_2_I23,Digital input I23,BOOL,-A3_2:3.7 I23 : =S2+S-X2:S117 Spare Input Prewired,="3.7",S2AA3_2,DI524,AC500_PM592_ETH_V2_3\Extension_Bus\CM579_PNIO_A02\CM579_Master\S2AA3,7000.Bytes.Byte2.Digital_Input_I23,4af80cc5-ab2a-4720-95bb-6c795c28fe85,
,Digital inputs I24 - I31,BYTE,,,S2AA3_2,DI524,AC500_PM592_ETH_V2_3\Extension_Bus\CM579_PNIO_A02\CM579_Master\S2AA3,7000.Bytes.Byte3,4af80cc5-ab2a-4720-95bb-6c795c28fe85,
iSpare_A3_2_I24,Digital input I24,BOOL,-A3_2:4.0 I24 : =S2+S-X2:S119 Spare Input Prewired,="4.0",S2AA3_2,DI524,AC500_PM592_ETH_V2_3\Extension_Bus\CM579_PNIO_A02\CM579_Master\S2AA3,7000.Bytes.Byte3.Digital_Input_I24,4af80cc5-ab2a-4720-95bb-6c795c28fe85,
iLS_20Ft,Digital input I25,BOOL,-A3_2:4.1 I25 : =S2+S-X2:S123 20 ft. signal,="4.1",S2AA3_2,DI524,AC500_PM592_ETH_V2_3\Extension_Bus\CM579_PNIO_A02\CM579_Master\S2AA3,7000.Bytes.Byte3.Digital_Input_I25,4af80cc5-ab2a-4720-95bb-6c795c28fe85,
iLS_TrolleyBrake1_Open,Digital input I26,BOOL,-A3_2:4.2 I26 : =K+K-M1 Trolley Brake 1 Open Limitswitch,="4.2",S2AA3_2,DI524,AC500_PM592_ETH_V2_3\Extension_Bus\CM579_PNIO_A02\CM579_Master\S2AA3,7000.Bytes.Byte3.Digital_Input_I26,4af80cc5-ab2a-4720-95bb-6c795c28fe85,
iSpare_A3_2_I27,Digital input I27,BOOL,-A3_2:4.3 I27 : =S2+S-X2:S118 Spare Input Prewired,="4.3",S2AA3_2,DI524,AC500_PM592_ETH_V2_3\Extension_Bus\CM579_PNIO_A02\CM579_Master\S2AA3,7000.Bytes.Byte3.Digital_Input_I27,4af80cc5-ab2a-4720-95bb-6c795c28fe85,
iSpare_A3_2_I28,Digital input I28,BOOL,-A3_2:4.4 I28 : =S2+S-X2:S120 Spare Input Prewired,="4.4",S2AA3_2,DI524,AC500_PM592_ETH_V2_3\Extension_Bus\CM579_PNIO_A02\CM579_Master\S2AA3,7000.Bytes.Byte3.Digital_Input_I28,4af80cc5-ab2a-4720-95bb-6c795c28fe85,
iLS_30Ft,Digital input I29,BOOL,-A3_2:4.5 I29 : =S2+S-X2:S124 30 ft. signal,="4.5",S2AA3_2,DI524,AC500_PM592_ETH_V2_3\Extension_Bus\CM579_PNIO_A02\CM579_Master\S2AA3,7000.Bytes.Byte3.Digital_Input_I29,4af80cc5-ab2a-4720-95bb-6c795c28fe85,
iLS_TrolleyBrake2_Open,Digital input I30,BOOL,-A3_2:4.6 I30 : =K+K-M2 Trolley Brake 2 Open Limitswitch,="4.6",S2AA3_2,DI524,AC500_PM592_ETH_V2_3\Extension_Bus\CM579_PNIO_A02\CM579_Master\S2AA3,7000.Bytes.Byte3.Digital_Input_I30,4af80cc5-ab2a-4720-95bb-6c795c28fe85,
iHoistGearboxVibration,Digital input I31,BOOL,-A3_2:4.7 I31 : =H+M-B1 Hoist Gearbox Vibration,="4.7",S2AA3_2,DI524,AC500_PM592_ETH_V2_3\Extension_Bus\CM579_PNIO_A02\CM579_Master\S2AA3,7000.Bytes.Byte3.Digital_Input_I31,4af80cc5-ab2a-4720-95bb-6c795c28fe85,
//S2AA3_3 (AC500_PM592_ETH_V2_3\Extension_Bus\CM579_PNIO_A02\CM579_Master\S2AA3)
,Digital inputs I0 - I31,DWORD,,,S2AA3_3,DI524,AC500_PM592_ETH_V2_3\Extension_Bus\CM579_PNIO_A02\CM579_Master\S2AA3,7000.Typ_DWord,b696555e-25a1-4899-9b5e-b5b3e6244f21,
,Digital inputs I0 - I15,WORD,,,S2AA3_3,DI524,AC500_PM592_ETH_V2_3\Extension_Bus\CM579_PNIO_A02\CM579_Master\S2AA3,7000.Words.Word0,b696555e-25a1-4899-9b5e-b5b3e6244f21,
,Digital inputs I16 - I31,WORD,,,S2AA3_3,DI524,AC500_PM592_ETH_V2_3\Extension_Bus\CM579_PNIO_A02\CM579_Master\S2AA3,7000.Words.Word1,b696555e-25a1-4899-9b5e-b5b3e6244f21,
,Digital inputs I0 - I7,BYTE,,,S2AA3_3,DI524,AC500_PM592_ETH_V2_3\Extension_Bus\CM579_PNIO_A02\CM579_Master\S2AA3,7000.Bytes.Byte0,b696555e-25a1-4899-9b5e-b5b3e6244f21,
iSpare_A3_3_I0,Digital input I0,BOOL,-A3_3:1.0  I0 :   Spare Input Prewired,="1.0",S2AA3_3,DI524,AC500_PM592_ETH_V2_3\Extension_Bus\CM579_PNIO_A02\CM579_Master\S2AA3,7000.Bytes.Byte0.Digital_Input_I0,b696555e-25a1-4899-9b5e-b5b3e6244f21,
iSpare_A3_3_I1,Digital input I1,BOOL,-A3_3:1.1  I1 :   Spare Input Prewired,="1.1",S2AA3_3,DI524,AC500_PM592_ETH_V2_3\Extension_Bus\CM579_PNIO_A02\CM579_Master\S2AA3,7000.Bytes.Byte0.Digital_Input_I1,b696555e-25a1-4899-9b5e-b5b3e6244f21,
iSpare_A3_3_I2,Digital input I2,BOOL,-A3_3:1.2  I2 :   Spare Input Prewired,="1.2",S2AA3_3,DI524,AC500_PM592_ETH_V2_3\Extension_Bus\CM579_PNIO_A02\CM579_Master\S2AA3,7000.Bytes.Byte0.Digital_Input_I2,b696555e-25a1-4899-9b5e-b5b3e6244f21,
iSpare_A3_3_I3,Digital input I3,BOOL,-A3_3:1.3  I3 :   Spare Input Prewired,="1.3",S2AA3_3,DI524,AC500_PM592_ETH_V2_3\Extension_Bus\CM579_PNIO_A02\CM579_Master\S2AA3,7000.Bytes.Byte0.Digital_Input_I3,b696555e-25a1-4899-9b5e-b5b3e6244f21,
iTLS_TankThermalSw,Digital input I4,BOOL,-A3_3:1.4  I4 : =K+T-M1 Trim/List/Skew Tank Thermal Switch,="1.4",S2AA3_3,DI524,AC500_PM592_ETH_V2_3\Extension_Bus\CM579_PNIO_A02\CM579_Master\S2AA3,7000.Bytes.Byte0.Digital_Input_I4,b696555e-25a1-4899-9b5e-b5b3e6244f21,
iSpare_A3_3_I5,Digital input I5,BOOL,-A3_3:1.5  I5 :   Spare Input Prewired,="1.5",S2AA3_3,DI524,AC500_PM592_ETH_V2_3\Extension_Bus\CM579_PNIO_A02\CM579_Master\S2AA3,7000.Bytes.Byte0.Digital_Input_I5,b696555e-25a1-4899-9b5e-b5b3e6244f21,
iSpare_A3_3_I6,Digital input I6,BOOL,-A3_3:1.6  I6 :   Spare Input Prewired,="1.6",S2AA3_3,DI524,AC500_PM592_ETH_V2_3\Extension_Bus\CM579_PNIO_A02\CM579_Master\S2AA3,7000.Bytes.Byte0.Digital_Input_I6,b696555e-25a1-4899-9b5e-b5b3e6244f21,
iSpare_A3_3_I7,Digital input I7,BOOL,-A3_3:1.7  I7 :   Spare Input Prewired,="1.7",S2AA3_3,DI524,AC500_PM592_ETH_V2_3\Extension_Bus\CM579_PNIO_A02\CM579_Master\S2AA3,7000.Bytes.Byte0.Digital_Input_I7,b696555e-25a1-4899-9b5e-b5b3e6244f21,
,Digital inputs I8 - I15,BYTE,,,S2AA3_3,DI524,AC500_PM592_ETH_V2_3\Extension_Bus\CM579_PNIO_A02\CM579_Master\S2AA3,7000.Bytes.Byte1,b696555e-25a1-4899-9b5e-b5b3e6244f21,
iSpare_A3_3_I8,Digital input I8,BOOL,-A3_3:2.0  I8 : =S2+A-X2.S146  Spare Input Prewired,="2.0",S2AA3_3,DI524,AC500_PM592_ETH_V2_3\Extension_Bus\CM579_PNIO_A02\CM579_Master\S2AA3,7000.Bytes.Byte1.Digital_Input_I8,b696555e-25a1-4899-9b5e-b5b3e6244f21,
iC_GateReset,Digital input I9,BOOL,-A3_3:2.1  I9 : =K+K-S7 Gate Reset command (outside Cabin),="2.1",S2AA3_3,DI524,AC500_PM592_ETH_V2_3\Extension_Bus\CM579_PNIO_A02\CM579_Master\S2AA3,7000.Bytes.Byte1.Digital_Input_I9,b696555e-25a1-4899-9b5e-b5b3e6244f21,
iSpare_A3_3_I10,Digital input I10,BOOL,-A3_3:2.2 I10 : =S2+A-X2.S147  Spare Input Prewired,="2.2",S2AA3_3,DI524,AC500_PM592_ETH_V2_3\Extension_Bus\CM579_PNIO_A02\CM579_Master\S2AA3,7000.Bytes.Byte1.Digital_Input_I10,b696555e-25a1-4899-9b5e-b5b3e6244f21,
iSpare_A3_3_I11,Digital input I11,BOOL,-A3_3:2.3 I11 : =S2+A-F7  Spare Input Prewired,="2.3",S2AA3_3,DI524,AC500_PM592_ETH_V2_3\Extension_Bus\CM579_PNIO_A02\CM579_Master\S2AA3,7000.Bytes.Byte1.Digital_Input_I11,b696555e-25a1-4899-9b5e-b5b3e6244f21,
iLS_TL_UnlockedFL,Digital input I12,BOOL,-A3_3:2.4 I12 : =S2+S-X2:S109 Twistlock FL Unlocked signal,="2.4",S2AA3_3,DI524,AC500_PM592_ETH_V2_3\Extension_Bus\CM579_PNIO_A02\CM579_Master\S2AA3,7000.Bytes.Byte1.Digital_Input_I12,b696555e-25a1-4899-9b5e-b5b3e6244f21,
iLS_TL_UnlockedFR,Digital input I13,BOOL,-A3_3:2.5 I13 : =S2+S-X2:S110 Twistlock FR Unlocked signal,="2.5",S2AA3_3,DI524,AC500_PM592_ETH_V2_3\Extension_Bus\CM579_PNIO_A02\CM579_Master\S2AA3,7000.Bytes.Byte1.Digital_Input_I13,b696555e-25a1-4899-9b5e-b5b3e6244f21,
iLS_TL_UnlockedBR,Digital input I14,BOOL,-A3_3:2.6 I14 : =S2+S-X2:S111 Twistlock BR Unlocked signal,="2.6",S2AA3_3,DI524,AC500_PM592_ETH_V2_3\Extension_Bus\CM579_PNIO_A02\CM579_Master\S2AA3,7000.Bytes.Byte1.Digital_Input_I14,b696555e-25a1-4899-9b5e-b5b3e6244f21,
iLS_TL_UnlockedBL,Digital input I15,BOOL,-A3_3:2.7 I15 : =S2+S-X2:S112 Twistlock BL Unlocked signal,="2.7",S2AA3_3,DI524,AC500_PM592_ETH_V2_3\Extension_Bus\CM579_PNIO_A02\CM579_Master\S2AA3,7000.Bytes.Byte1.Digital_Input_I15,b696555e-25a1-4899-9b5e-b5b3e6244f21,
,Digital inputs I16 - I23,BYTE,,,S2AA3_3,DI524,AC500_PM592_ETH_V2_3\Extension_Bus\CM579_PNIO_A02\CM579_Master\S2AA3,7000.Bytes.Byte2,b696555e-25a1-4899-9b5e-b5b3e6244f21,
iLS_TL_LockedFL,Digital input I16,BOOL,-A3_3:3.0 I16 : =S2+S-X2:S126 Twistlock FL Locked signal,="3.0",S2AA3_3,DI524,AC500_PM592_ETH_V2_3\Extension_Bus\CM579_PNIO_A02\CM579_Master\S2AA3,7000.Bytes.Byte2.Digital_Input_I16,b696555e-25a1-4899-9b5e-b5b3e6244f21,
iLS_TL_LockedFR,Digital input I17,BOOL,-A3_3:3.1 I17 : =S2+S-X2:S127 Twistlock BR Locked signal,="3.1",S2AA3_3,DI524,AC500_PM592_ETH_V2_3\Extension_Bus\CM579_PNIO_A02\CM579_Master\S2AA3,7000.Bytes.Byte2.Digital_Input_I17,b696555e-25a1-4899-9b5e-b5b3e6244f21,
iLS_TL_LockedBR,Digital input I18,BOOL,-A3_3:3.2 I18 : =S2+S-X2:S128 Twistlock BR Locked signal,="3.2",S2AA3_3,DI524,AC500_PM592_ETH_V2_3\Extension_Bus\CM579_PNIO_A02\CM579_Master\S2AA3,7000.Bytes.Byte2.Digital_Input_I18,b696555e-25a1-4899-9b5e-b5b3e6244f21,
iLS_TL_LockedBL,Digital input I19,BOOL,-A3_3:3.3 I19 : =S2+S-X2:S129 Twistlock BL Locked signal,="3.3",S2AA3_3,DI524,AC500_PM592_ETH_V2_3\Extension_Bus\CM579_PNIO_A02\CM579_Master\S2AA3,7000.Bytes.Byte2.Digital_Input_I19,b696555e-25a1-4899-9b5e-b5b3e6244f21,
iLS_45Ft,Digital input I20,BOOL,-A3_3:3.4 I20 : =S2+S-X2:S130 45 ft. Signal,="3.4",S2AA3_3,DI524,AC500_PM592_ETH_V2_3\Extension_Bus\CM579_PNIO_A02\CM579_Master\S2AA3,7000.Bytes.Byte2.Digital_Input_I20,b696555e-25a1-4899-9b5e-b5b3e6244f21,
iQ_CoolingSystemHoistgear,Digital input I21,BOOL,-A3_3:3.5 I21 : =S2+H-Q4 Cooling System Hoistgear CB,="3.5",S2AA3_3,DI524,AC500_PM592_ETH_V2_3\Extension_Bus\CM579_PNIO_A02\CM579_Master\S2AA3,7000.Bytes.Byte2.Digital_Input_I21,b696555e-25a1-4899-9b5e-b5b3e6244f21,
iSpare_A3_3_I22,Digital input I22,BOOL,-A3_3:3.6 I22 :   Spare Input Prewired,="3.6",S2AA3_3,DI524,AC500_PM592_ETH_V2_3\Extension_Bus\CM579_PNIO_A02\CM579_Master\S2AA3,7000.Bytes.Byte2.Digital_Input_I22,b696555e-25a1-4899-9b5e-b5b3e6244f21,
iSpare_A3_3_I23,Digital input I23,BOOL,-A3_3:3.7 I23 :   Spare Input Prewired,="3.7",S2AA3_3,DI524,AC500_PM592_ETH_V2_3\Extension_Bus\CM579_PNIO_A02\CM579_Master\S2AA3,7000.Bytes.Byte2.Digital_Input_I23,b696555e-25a1-4899-9b5e-b5b3e6244f21,
,Digital inputs I24 - I31,BYTE,,,S2AA3_3,DI524,AC500_PM592_ETH_V2_3\Extension_Bus\CM579_PNIO_A02\CM579_Master\S2AA3,7000.Bytes.Byte3,b696555e-25a1-4899-9b5e-b5b3e6244f21,
iSpare_A3_3_I24,Digital input I24,BOOL,-A3_3:4.0 I24 : =G+A-BG11  Spare Input Prewired,="4.0",S2AA3_3,DI524,AC500_PM592_ETH_V2_3\Extension_Bus\CM579_PNIO_A02\CM579_Master\S2AA3,7000.Bytes.Byte3.Digital_Input_I24,b696555e-25a1-4899-9b5e-b5b3e6244f21,
iSpare_A3_3_I25,Digital input I25,BOOL,-A3_3:4.1 I25 : =G+A-BG12  Spare Input Prewired,="4.1",S2AA3_3,DI524,AC500_PM592_ETH_V2_3\Extension_Bus\CM579_PNIO_A02\CM579_Master\S2AA3,7000.Bytes.Byte3.Digital_Input_I25,b696555e-25a1-4899-9b5e-b5b3e6244f21,
iSpare_A3_3_I26,Digital input I26,BOOL,-A3_3:4.2 I26 : =G+A-BG12  Spare Input Prewired,="4.2",S2AA3_3,DI524,AC500_PM592_ETH_V2_3\Extension_Bus\CM579_PNIO_A02\CM579_Master\S2AA3,7000.Bytes.Byte3.Digital_Input_I26,b696555e-25a1-4899-9b5e-b5b3e6244f21,
iSpare_A3_3_I27,Digital input I27,BOOL,-A3_3:4.3 I27 : =G+A-BG12  Spare Input Prewired,="4.3",S2AA3_3,DI524,AC500_PM592_ETH_V2_3\Extension_Bus\CM579_PNIO_A02\CM579_Master\S2AA3,7000.Bytes.Byte3.Digital_Input_I27,b696555e-25a1-4899-9b5e-b5b3e6244f21,
iSpare_A3_3_I28,Digital input I28,BOOL,-A3_3:4.4 I28 : =G+A-BG12  Spare Input Prewired,="4.4",S2AA3_3,DI524,AC500_PM592_ETH_V2_3\Extension_Bus\CM579_PNIO_A02\CM579_Master\S2AA3,7000.Bytes.Byte3.Digital_Input_I28,b696555e-25a1-4899-9b5e-b5b3e6244f21,
iSpare_A3_3_I29,Digital input I29,BOOL,-A3_3:4.5 I29 : =G+A-BG12  Spare Input Prewired,="4.5",S2AA3_3,DI524,AC500_PM592_ETH_V2_3\Extension_Bus\CM579_PNIO_A02\CM579_Master\S2AA3,7000.Bytes.Byte3.Digital_Input_I29,b696555e-25a1-4899-9b5e-b5b3e6244f21,
iSpare_A3_3_I30,Digital input I30,BOOL,-A3_3:4.6 I30 : =G+A-BG12  Spare Input Prewired,="4.6",S2AA3_3,DI524,AC500_PM592_ETH_V2_3\Extension_Bus\CM579_PNIO_A02\CM579_Master\S2AA3,7000.Bytes.Byte3.Digital_Input_I30,b696555e-25a1-4899-9b5e-b5b3e6244f21,
iF_SupplyStackScanner2,Digital input I31,BOOL,-A3_3:4.7 I31 : =S2+A-F63 Supply Stack Profiling Scanner 2,="4.7",S2AA3_3,DI524,AC500_PM592_ETH_V2_3\Extension_Bus\CM579_PNIO_A02\CM579_Master\S2AA3,7000.Bytes.Byte3.Digital_Input_I31,b696555e-25a1-4899-9b5e-b5b3e6244f21,
//S2AA3_4 (AC500_PM592_ETH_V2_3\Extension_Bus\CM579_PNIO_A02\CM579_Master\S2AA3)
iA_SpareA3_4_I0,Analog input I0+,INT,-A3_4:2.0 I0+ :  Spare input Prewired,="2.0",S2AA3_4,AI523,AC500_PM592_ETH_V2_3\Extension_Bus\CM579_PNIO_A02\CM579_Master\S2AA3,7500,5b896cc4-9205-45c4-b39a-b6e640ab94fc,
,Digital input I0+,BOOL,,="2.0",S2AA3_4,AI523,AC500_PM592_ETH_V2_3\Extension_Bus\CM579_PNIO_A02\CM579_Master\S2AA3,7500.Digital_Input_I0,5b896cc4-9205-45c4-b39a-b6e640ab94fc,
iA_SpareA3_4_I1,Analog input I1+,INT,-A3_4:2.1 I1+ :  Spare input Prewired,="2.1",S2AA3_4,AI523,AC500_PM592_ETH_V2_3\Extension_Bus\CM579_PNIO_A02\CM579_Master\S2AA3,7501,5b896cc4-9205-45c4-b39a-b6e640ab94fc,
,Digital input I1+,BOOL,,="2.1",S2AA3_4,AI523,AC500_PM592_ETH_V2_3\Extension_Bus\CM579_PNIO_A02\CM579_Master\S2AA3,7501.Digital_Input_I1,5b896cc4-9205-45c4-b39a-b6e640ab94fc,
iA_SpareA3_4_I2,Analog input I2+,INT,-A3_4:2.2 I2+ :  Spare input Prewired,="2.2",S2AA3_4,AI523,AC500_PM592_ETH_V2_3\Extension_Bus\CM579_PNIO_A02\CM579_Master\S2AA3,7502,5b896cc4-9205-45c4-b39a-b6e640ab94fc,
,Digital input I2+,BOOL,,="2.2",S2AA3_4,AI523,AC500_PM592_ETH_V2_3\Extension_Bus\CM579_PNIO_A02\CM579_Master\S2AA3,7502.Digital_Input_I2,5b896cc4-9205-45c4-b39a-b6e640ab94fc,
iA_HoistGearbox1Temp,Analog input I3+,INT,-A3_4:2.3 I3+ : =K+H-P1 Hoist Gearbox 1 Temperature,="2.3",S2AA3_4,AI523,AC500_PM592_ETH_V2_3\Extension_Bus\CM579_PNIO_A02\CM579_Master\S2AA3,7503,5b896cc4-9205-45c4-b39a-b6e640ab94fc,
,Digital input I3+,BOOL,,="2.3",S2AA3_4,AI523,AC500_PM592_ETH_V2_3\Extension_Bus\CM579_PNIO_A02\CM579_Master\S2AA3,7503.Digital_Input_I3,5b896cc4-9205-45c4-b39a-b6e640ab94fc,
iA_HoistGearbox1Vibration,Analog input I4+,INT,-A3_4:2.4 I4+ : =K+H-B1 Hoist Gearbox 1 Vibration,="2.4",S2AA3_4,AI523,AC500_PM592_ETH_V2_3\Extension_Bus\CM579_PNIO_A02\CM579_Master\S2AA3,7504,5b896cc4-9205-45c4-b39a-b6e640ab94fc,
,Digital input I4+,BOOL,,="2.4",S2AA3_4,AI523,AC500_PM592_ETH_V2_3\Extension_Bus\CM579_PNIO_A02\CM579_Master\S2AA3,7504.Digital_Input_I4,5b896cc4-9205-45c4-b39a-b6e640ab94fc,
iA_Hoist1MotorTemp1,Analog input I5+,INT,-A3_4:2.5 I5+ : =K+H-P2 Hoist 1 Motor Temperature 1,="2.5",S2AA3_4,AI523,AC500_PM592_ETH_V2_3\Extension_Bus\CM579_PNIO_A02\CM579_Master\S2AA3,7505,5b896cc4-9205-45c4-b39a-b6e640ab94fc,
,Digital input I5+,BOOL,,="2.5",S2AA3_4,AI523,AC500_PM592_ETH_V2_3\Extension_Bus\CM579_PNIO_A02\CM579_Master\S2AA3,7505.Digital_Input_I5,5b896cc4-9205-45c4-b39a-b6e640ab94fc,
iA_Hoist1MotorTemp2,Analog input I6+,INT,-A3_4:2.6 I6+ : =K+H-P3 Hoist 1 Motor Temperature 2,="2.6",S2AA3_4,AI523,AC500_PM592_ETH_V2_3\Extension_Bus\CM579_PNIO_A02\CM579_Master\S2AA3,7506,5b896cc4-9205-45c4-b39a-b6e640ab94fc,
,Digital input I6+,BOOL,,="2.6",S2AA3_4,AI523,AC500_PM592_ETH_V2_3\Extension_Bus\CM579_PNIO_A02\CM579_Master\S2AA3,7506.Digital_Input_I6,5b896cc4-9205-45c4-b39a-b6e640ab94fc,
iA_Hoist1MotorTemp3,Analog input I7+,INT,-A3_4:2.7 I7+ : =K+H-P4 Hoist 1 Motor Temperature 3,="2.7",S2AA3_4,AI523,AC500_PM592_ETH_V2_3\Extension_Bus\CM579_PNIO_A02\CM579_Master\S2AA3,7507,5b896cc4-9205-45c4-b39a-b6e640ab94fc,
,Digital input I7+,BOOL,,="2.7",S2AA3_4,AI523,AC500_PM592_ETH_V2_3\Extension_Bus\CM579_PNIO_A02\CM579_Master\S2AA3,7507.Digital_Input_I7,5b896cc4-9205-45c4-b39a-b6e640ab94fc,
,Analog input I8+,INT,,="4.0",S2AA3_4,AI523,AC500_PM592_ETH_V2_3\Extension_Bus\CM579_PNIO_A02\CM579_Master\S2AA3,7508,5b896cc4-9205-45c4-b39a-b6e640ab94fc,
,Digital input I8+,BOOL,,="4.0",S2AA3_4,AI523,AC500_PM592_ETH_V2_3\Extension_Bus\CM579_PNIO_A02\CM579_Master\S2AA3,7508.Digital_Input_I8,5b896cc4-9205-45c4-b39a-b6e640ab94fc,
,Analog input I9+,INT,,="4.1",S2AA3_4,AI523,AC500_PM592_ETH_V2_3\Extension_Bus\CM579_PNIO_A02\CM579_Master\S2AA3,7509,5b896cc4-9205-45c4-b39a-b6e640ab94fc,
,Digital input I9+,BOOL,,="4.1",S2AA3_4,AI523,AC500_PM592_ETH_V2_3\Extension_Bus\CM579_PNIO_A02\CM579_Master\S2AA3,7509.Digital_Input_I9,5b896cc4-9205-45c4-b39a-b6e640ab94fc,
,Analog input I10+,INT,,="4.2",S2AA3_4,AI523,AC500_PM592_ETH_V2_3\Extension_Bus\CM579_PNIO_A02\CM579_Master\S2AA3,7510,5b896cc4-9205-45c4-b39a-b6e640ab94fc,
,Digital input I10+,BOOL,,="4.2",S2AA3_4,AI523,AC500_PM592_ETH_V2_3\Extension_Bus\CM579_PNIO_A02\CM579_Master\S2AA3,7510.Digital_Input_I10,5b896cc4-9205-45c4-b39a-b6e640ab94fc,
,Analog input I11+,INT,,="4.3",S2AA3_4,AI523,AC500_PM592_ETH_V2_3\Extension_Bus\CM579_PNIO_A02\CM579_Master\S2AA3,7511,5b896cc4-9205-45c4-b39a-b6e640ab94fc,
,Digital input I11+,BOOL,,="4.3",S2AA3_4,AI523,AC500_PM592_ETH_V2_3\Extension_Bus\CM579_PNIO_A02\CM579_Master\S2AA3,7511.Digital_Input_I11,5b896cc4-9205-45c4-b39a-b6e640ab94fc,
,Analog input I12+,INT,,="4.4",S2AA3_4,AI523,AC500_PM592_ETH_V2_3\Extension_Bus\CM579_PNIO_A02\CM579_Master\S2AA3,7512,5b896cc4-9205-45c4-b39a-b6e640ab94fc,
,Digital input I12+,BOOL,,="4.4",S2AA3_4,AI523,AC500_PM592_ETH_V2_3\Extension_Bus\CM579_PNIO_A02\CM579_Master\S2AA3,7512.Digital_Input_I12,5b896cc4-9205-45c4-b39a-b6e640ab94fc,
,Analog input I13+,INT,,="4.5",S2AA3_4,AI523,AC500_PM592_ETH_V2_3\Extension_Bus\CM579_PNIO_A02\CM579_Master\S2AA3,7513,5b896cc4-9205-45c4-b39a-b6e640ab94fc,
,Digital input I13+,BOOL,,="4.5",S2AA3_4,AI523,AC500_PM592_ETH_V2_3\Extension_Bus\CM579_PNIO_A02\CM579_Master\S2AA3,7513.Digital_Input_I13,5b896cc4-9205-45c4-b39a-b6e640ab94fc,
,Analog input I14+,INT,,="4.6",S2AA3_4,AI523,AC500_PM592_ETH_V2_3\Extension_Bus\CM579_PNIO_A02\CM579_Master\S2AA3,7514,5b896cc4-9205-45c4-b39a-b6e640ab94fc,
,Digital input I14+,BOOL,,="4.6",S2AA3_4,AI523,AC500_PM592_ETH_V2_3\Extension_Bus\CM579_PNIO_A02\CM579_Master\S2AA3,7514.Digital_Input_I14,5b896cc4-9205-45c4-b39a-b6e640ab94fc,
,Analog input I15+,INT,,="4.7",S2AA3_4,AI523,AC500_PM592_ETH_V2_3\Extension_Bus\CM579_PNIO_A02\CM579_Master\S2AA3,7515,5b896cc4-9205-45c4-b39a-b6e640ab94fc,
,Digital input I15+,BOOL,,="4.7",S2AA3_4,AI523,AC500_PM592_ETH_V2_3\Extension_Bus\CM579_PNIO_A02\CM579_Master\S2AA3,7515.Digital_Input_I15,5b896cc4-9205-45c4-b39a-b6e640ab94fc,
//S2AA3_5 (AC500_PM592_ETH_V2_3\Extension_Bus\CM579_PNIO_A02\CM579_Master\S2AA3)
iA_TLS_PotiRam1,Analog input I0+,INT,-A3_5:2.0 I0+ : =K+T-R1 Trim/List/Skew Ram 1 Potentiometer Value,="2.0",S2AA3_5,AI523,AC500_PM592_ETH_V2_3\Extension_Bus\CM579_PNIO_A02\CM579_Master\S2AA3,7500,436ebd53-d297-4925-a0ca-dbdca2f4ae7a,
,Digital input I0+,BOOL,,="2.0",S2AA3_5,AI523,AC500_PM592_ETH_V2_3\Extension_Bus\CM579_PNIO_A02\CM579_Master\S2AA3,7500.Digital_Input_I0,436ebd53-d297-4925-a0ca-dbdca2f4ae7a,
iA_TLS_PotiRam2,Analog input I1+,INT,-A3_5:2.1 I1+ : =K+T-R2 Trim/List/Skew Ram 2 Potentiometer Value,="2.1",S2AA3_5,AI523,AC500_PM592_ETH_V2_3\Extension_Bus\CM579_PNIO_A02\CM579_Master\S2AA3,7501,436ebd53-d297-4925-a0ca-dbdca2f4ae7a,
,Digital input I1+,BOOL,,="2.1",S2AA3_5,AI523,AC500_PM592_ETH_V2_3\Extension_Bus\CM579_PNIO_A02\CM579_Master\S2AA3,7501.Digital_Input_I1,436ebd53-d297-4925-a0ca-dbdca2f4ae7a,
iA_TLS_PotiRam3,Analog input I2+,INT,-A3_5:2.2 I2+ : =K+T-R3 Trim/List/Skew Ram 3 Potentiometer Value,="2.2",S2AA3_5,AI523,AC500_PM592_ETH_V2_3\Extension_Bus\CM579_PNIO_A02\CM579_Master\S2AA3,7502,436ebd53-d297-4925-a0ca-dbdca2f4ae7a,
,Digital input I2+,BOOL,,="2.2",S2AA3_5,AI523,AC500_PM592_ETH_V2_3\Extension_Bus\CM579_PNIO_A02\CM579_Master\S2AA3,7502.Digital_Input_I2,436ebd53-d297-4925-a0ca-dbdca2f4ae7a,
iA_TLS_PotiRam4,Analog input I3+,INT,-A3_5:2.3 I3+ : =K+T-R4 Trim/List/Skew Ram 4 Potentiometer Value,="2.3",S2AA3_5,AI523,AC500_PM592_ETH_V2_3\Extension_Bus\CM579_PNIO_A02\CM579_Master\S2AA3,7503,436ebd53-d297-4925-a0ca-dbdca2f4ae7a,
,Digital input I3+,BOOL,,="2.3",S2AA3_5,AI523,AC500_PM592_ETH_V2_3\Extension_Bus\CM579_PNIO_A02\CM579_Master\S2AA3,7503.Digital_Input_I3,436ebd53-d297-4925-a0ca-dbdca2f4ae7a,
iA_Loadmeasurement,Analog input I4+,INT,-A3_5:2.4 I4+ : =C+A-D1 Analogvalue Load,="2.4",S2AA3_5,AI523,AC500_PM592_ETH_V2_3\Extension_Bus\CM579_PNIO_A02\CM579_Master\S2AA3,7504,436ebd53-d297-4925-a0ca-dbdca2f4ae7a,
,Digital input I4+,BOOL,,="2.4",S2AA3_5,AI523,AC500_PM592_ETH_V2_3\Extension_Bus\CM579_PNIO_A02\CM579_Master\S2AA3,7504.Digital_Input_I4,436ebd53-d297-4925-a0ca-dbdca2f4ae7a,
iA_HoistPoti,Analog input I5+,INT,-A3_5:2.5 I5+ : =K+H-R10 Hoist Drum Potentiometer Value,="2.5",S2AA3_5,AI523,AC500_PM592_ETH_V2_3\Extension_Bus\CM579_PNIO_A02\CM579_Master\S2AA3,7505,436ebd53-d297-4925-a0ca-dbdca2f4ae7a,
,Digital input I5+,BOOL,,="2.5",S2AA3_5,AI523,AC500_PM592_ETH_V2_3\Extension_Bus\CM579_PNIO_A02\CM579_Master\S2AA3,7505.Digital_Input_I5,436ebd53-d297-4925-a0ca-dbdca2f4ae7a,
,Analog input I6+,INT,,="2.6",S2AA3_5,AI523,AC500_PM592_ETH_V2_3\Extension_Bus\CM579_PNIO_A02\CM579_Master\S2AA3,7506,436ebd53-d297-4925-a0ca-dbdca2f4ae7a,
,Digital input I6+,BOOL,,="2.6",S2AA3_5,AI523,AC500_PM592_ETH_V2_3\Extension_Bus\CM579_PNIO_A02\CM579_Master\S2AA3,7506.Digital_Input_I6,436ebd53-d297-4925-a0ca-dbdca2f4ae7a,
,Analog input I7+,INT,,="2.7",S2AA3_5,AI523,AC500_PM592_ETH_V2_3\Extension_Bus\CM579_PNIO_A02\CM579_Master\S2AA3,7507,436ebd53-d297-4925-a0ca-dbdca2f4ae7a,
,Digital input I7+,BOOL,,="2.7",S2AA3_5,AI523,AC500_PM592_ETH_V2_3\Extension_Bus\CM579_PNIO_A02\CM579_Master\S2AA3,7507.Digital_Input_I7,436ebd53-d297-4925-a0ca-dbdca2f4ae7a,
,Analog input I8+,INT,,="4.0",S2AA3_5,AI523,AC500_PM592_ETH_V2_3\Extension_Bus\CM579_PNIO_A02\CM579_Master\S2AA3,7508,436ebd53-d297-4925-a0ca-dbdca2f4ae7a,
,Digital input I8+,BOOL,,="4.0",S2AA3_5,AI523,AC500_PM592_ETH_V2_3\Extension_Bus\CM579_PNIO_A02\CM579_Master\S2AA3,7508.Digital_Input_I8,436ebd53-d297-4925-a0ca-dbdca2f4ae7a,
,Analog input I9+,INT,,="4.1",S2AA3_5,AI523,AC500_PM592_ETH_V2_3\Extension_Bus\CM579_PNIO_A02\CM579_Master\S2AA3,7509,436ebd53-d297-4925-a0ca-dbdca2f4ae7a,
,Digital input I9+,BOOL,,="4.1",S2AA3_5,AI523,AC500_PM592_ETH_V2_3\Extension_Bus\CM579_PNIO_A02\CM579_Master\S2AA3,7509.Digital_Input_I9,436ebd53-d297-4925-a0ca-dbdca2f4ae7a,
,Analog input I10+,INT,,="4.2",S2AA3_5,AI523,AC500_PM592_ETH_V2_3\Extension_Bus\CM579_PNIO_A02\CM579_Master\S2AA3,7510,436ebd53-d297-4925-a0ca-dbdca2f4ae7a,
,Digital input I10+,BOOL,,="4.2",S2AA3_5,AI523,AC500_PM592_ETH_V2_3\Extension_Bus\CM579_PNIO_A02\CM579_Master\S2AA3,7510.Digital_Input_I10,436ebd53-d297-4925-a0ca-dbdca2f4ae7a,
,Analog input I11+,INT,,="4.3",S2AA3_5,AI523,AC500_PM592_ETH_V2_3\Extension_Bus\CM579_PNIO_A02\CM579_Master\S2AA3,7511,436ebd53-d297-4925-a0ca-dbdca2f4ae7a,
,Digital input I11+,BOOL,,="4.3",S2AA3_5,AI523,AC500_PM592_ETH_V2_3\Extension_Bus\CM579_PNIO_A02\CM579_Master\S2AA3,7511.Digital_Input_I11,436ebd53-d297-4925-a0ca-dbdca2f4ae7a,
,Analog input I12+,INT,,="4.4",S2AA3_5,AI523,AC500_PM592_ETH_V2_3\Extension_Bus\CM579_PNIO_A02\CM579_Master\S2AA3,7512,436ebd53-d297-4925-a0ca-dbdca2f4ae7a,
,Digital input I12+,BOOL,,="4.4",S2AA3_5,AI523,AC500_PM592_ETH_V2_3\Extension_Bus\CM579_PNIO_A02\CM579_Master\S2AA3,7512.Digital_Input_I12,436ebd53-d297-4925-a0ca-dbdca2f4ae7a,
,Analog input I13+,INT,,="4.5",S2AA3_5,AI523,AC500_PM592_ETH_V2_3\Extension_Bus\CM579_PNIO_A02\CM579_Master\S2AA3,7513,436ebd53-d297-4925-a0ca-dbdca2f4ae7a,
,Digital input I13+,BOOL,,="4.5",S2AA3_5,AI523,AC500_PM592_ETH_V2_3\Extension_Bus\CM579_PNIO_A02\CM579_Master\S2AA3,7513.Digital_Input_I13,436ebd53-d297-4925-a0ca-dbdca2f4ae7a,
,Analog input I14+,INT,,="4.6",S2AA3_5,AI523,AC500_PM592_ETH_V2_3\Extension_Bus\CM579_PNIO_A02\CM579_Master\S2AA3,7514,436ebd53-d297-4925-a0ca-dbdca2f4ae7a,
,Digital input I14+,BOOL,,="4.6",S2AA3_5,AI523,AC500_PM592_ETH_V2_3\Extension_Bus\CM579_PNIO_A02\CM579_Master\S2AA3,7514.Digital_Input_I14,436ebd53-d297-4925-a0ca-dbdca2f4ae7a,
,Analog input I15+,INT,,="4.7",S2AA3_5,AI523,AC500_PM592_ETH_V2_3\Extension_Bus\CM579_PNIO_A02\CM579_Master\S2AA3,7515,436ebd53-d297-4925-a0ca-dbdca2f4ae7a,
,Digital input I15+,BOOL,,="4.7",S2AA3_5,AI523,AC500_PM592_ETH_V2_3\Extension_Bus\CM579_PNIO_A02\CM579_Master\S2AA3,7515.Digital_Input_I15,436ebd53-d297-4925-a0ca-dbdca2f4ae7a,
//S2AA3_6 (AC500_PM592_ETH_V2_3\Extension_Bus\CM579_PNIO_A02\CM579_Master\S2AA3)
,Digital inputs C0 - C7,BYTE,,,S2AA3_6,DC523,AC500_PM592_ETH_V2_3\Extension_Bus\CM579_PNIO_A02\CM579_Master\S2AA3,7000,f55dfff7-9d54-4ef0-89e5-9accb5da83a9,
,Digital input C0,BOOL,,="2.0",S2AA3_6,DC523,AC500_PM592_ETH_V2_3\Extension_Bus\CM579_PNIO_A02\CM579_Master\S2AA3,7000.Digital_Input_C0,f55dfff7-9d54-4ef0-89e5-9accb5da83a9,
,Digital input C1,BOOL,,="2.1",S2AA3_6,DC523,AC500_PM592_ETH_V2_3\Extension_Bus\CM579_PNIO_A02\CM579_Master\S2AA3,7000.Digital_Input_C1,f55dfff7-9d54-4ef0-89e5-9accb5da83a9,
,Digital input C2,BOOL,,="2.2",S2AA3_6,DC523,AC500_PM592_ETH_V2_3\Extension_Bus\CM579_PNIO_A02\CM579_Master\S2AA3,7000.Digital_Input_C2,f55dfff7-9d54-4ef0-89e5-9accb5da83a9,
,Digital input C3,BOOL,,="2.3",S2AA3_6,DC523,AC500_PM592_ETH_V2_3\Extension_Bus\CM579_PNIO_A02\CM579_Master\S2AA3,7000.Digital_Input_C3,f55dfff7-9d54-4ef0-89e5-9accb5da83a9,
,Digital input C4,BOOL,,="2.4",S2AA3_6,DC523,AC500_PM592_ETH_V2_3\Extension_Bus\CM579_PNIO_A02\CM579_Master\S2AA3,7000.Digital_Input_C4,f55dfff7-9d54-4ef0-89e5-9accb5da83a9,
,Digital input C5,BOOL,,="2.5",S2AA3_6,DC523,AC500_PM592_ETH_V2_3\Extension_Bus\CM579_PNIO_A02\CM579_Master\S2AA3,7000.Digital_Input_C5,f55dfff7-9d54-4ef0-89e5-9accb5da83a9,
,Digital input C6,BOOL,,="2.6",S2AA3_6,DC523,AC500_PM592_ETH_V2_3\Extension_Bus\CM579_PNIO_A02\CM579_Master\S2AA3,7000.Digital_Input_C6,f55dfff7-9d54-4ef0-89e5-9accb5da83a9,
,Digital input C7,BOOL,,="2.7",S2AA3_6,DC523,AC500_PM592_ETH_V2_3\Extension_Bus\CM579_PNIO_A02\CM579_Master\S2AA3,7000.Digital_Input_C7,f55dfff7-9d54-4ef0-89e5-9accb5da83a9,
,Digital inputs C8 - C15,BYTE,,,S2AA3_6,DC523,AC500_PM592_ETH_V2_3\Extension_Bus\CM579_PNIO_A02\CM579_Master\S2AA3,7001,f55dfff7-9d54-4ef0-89e5-9accb5da83a9,
,Digital input C8,BOOL,,="3.0",S2AA3_6,DC523,AC500_PM592_ETH_V2_3\Extension_Bus\CM579_PNIO_A02\CM579_Master\S2AA3,7001.Digital_Input_C8,f55dfff7-9d54-4ef0-89e5-9accb5da83a9,
,Digital input C9,BOOL,,="3.1",S2AA3_6,DC523,AC500_PM592_ETH_V2_3\Extension_Bus\CM579_PNIO_A02\CM579_Master\S2AA3,7001.Digital_Input_C9,f55dfff7-9d54-4ef0-89e5-9accb5da83a9,
,Digital input C10,BOOL,,="3.2",S2AA3_6,DC523,AC500_PM592_ETH_V2_3\Extension_Bus\CM579_PNIO_A02\CM579_Master\S2AA3,7001.Digital_Input_C10,f55dfff7-9d54-4ef0-89e5-9accb5da83a9,
,Digital input C11,BOOL,,="3.3",S2AA3_6,DC523,AC500_PM592_ETH_V2_3\Extension_Bus\CM579_PNIO_A02\CM579_Master\S2AA3,7001.Digital_Input_C11,f55dfff7-9d54-4ef0-89e5-9accb5da83a9,
,Digital input C12,BOOL,,="3.4",S2AA3_6,DC523,AC500_PM592_ETH_V2_3\Extension_Bus\CM579_PNIO_A02\CM579_Master\S2AA3,7001.Digital_Input_C12,f55dfff7-9d54-4ef0-89e5-9accb5da83a9,
,Digital input C13,BOOL,,="3.5",S2AA3_6,DC523,AC500_PM592_ETH_V2_3\Extension_Bus\CM579_PNIO_A02\CM579_Master\S2AA3,7001.Digital_Input_C13,f55dfff7-9d54-4ef0-89e5-9accb5da83a9,
,Digital input C14,BOOL,,="3.6",S2AA3_6,DC523,AC500_PM592_ETH_V2_3\Extension_Bus\CM579_PNIO_A02\CM579_Master\S2AA3,7001.Digital_Input_C14,f55dfff7-9d54-4ef0-89e5-9accb5da83a9,
,Digital input C15,BOOL,,="3.7",S2AA3_6,DC523,AC500_PM592_ETH_V2_3\Extension_Bus\CM579_PNIO_A02\CM579_Master\S2AA3,7001.Digital_Input_C15,f55dfff7-9d54-4ef0-89e5-9accb5da83a9,
,Digital inputs C16 - C23,BYTE,,,S2AA3_6,DC523,AC500_PM592_ETH_V2_3\Extension_Bus\CM579_PNIO_A02\CM579_Master\S2AA3,7002,f55dfff7-9d54-4ef0-89e5-9accb5da83a9,
,Digital input C16,BOOL,,="4.0",S2AA3_6,DC523,AC500_PM592_ETH_V2_3\Extension_Bus\CM579_PNIO_A02\CM579_Master\S2AA3,7002.Digital_Input_C16,f55dfff7-9d54-4ef0-89e5-9accb5da83a9,
,Digital input C17,BOOL,,="4.1",S2AA3_6,DC523,AC500_PM592_ETH_V2_3\Extension_Bus\CM579_PNIO_A02\CM579_Master\S2AA3,7002.Digital_Input_C17,f55dfff7-9d54-4ef0-89e5-9accb5da83a9,
,Digital input C18,BOOL,,="4.2",S2AA3_6,DC523,AC500_PM592_ETH_V2_3\Extension_Bus\CM579_PNIO_A02\CM579_Master\S2AA3,7002.Digital_Input_C18,f55dfff7-9d54-4ef0-89e5-9accb5da83a9,
,Digital input C19,BOOL,,="4.3",S2AA3_6,DC523,AC500_PM592_ETH_V2_3\Extension_Bus\CM579_PNIO_A02\CM579_Master\S2AA3,7002.Digital_Input_C19,f55dfff7-9d54-4ef0-89e5-9accb5da83a9,
,Digital input C20,BOOL,,="4.4",S2AA3_6,DC523,AC500_PM592_ETH_V2_3\Extension_Bus\CM579_PNIO_A02\CM579_Master\S2AA3,7002.Digital_Input_C20,f55dfff7-9d54-4ef0-89e5-9accb5da83a9,
,Digital input C21,BOOL,,="4.5",S2AA3_6,DC523,AC500_PM592_ETH_V2_3\Extension_Bus\CM579_PNIO_A02\CM579_Master\S2AA3,7002.Digital_Input_C21,f55dfff7-9d54-4ef0-89e5-9accb5da83a9,
,Digital input C22,BOOL,,="4.6",S2AA3_6,DC523,AC500_PM592_ETH_V2_3\Extension_Bus\CM579_PNIO_A02\CM579_Master\S2AA3,7002.Digital_Input_C22,f55dfff7-9d54-4ef0-89e5-9accb5da83a9,
,Digital input C23,BOOL,,="4.7",S2AA3_6,DC523,AC500_PM592_ETH_V2_3\Extension_Bus\CM579_PNIO_A02\CM579_Master\S2AA3,7002.Digital_Input_C23,f55dfff7-9d54-4ef0-89e5-9accb5da83a9,
,Digital outputs C0 - C7,BYTE,,,S2AA3_6,DC523,AC500_PM592_ETH_V2_3\Extension_Bus\CM579_PNIO_A02\CM579_Master\S2AA3,8000,f55dfff7-9d54-4ef0-89e5-9accb5da83a9,
qTLS_RetractRam1,Digital output C0,BOOL,-A3_6:2.0  C0 : =S2+T-K2 Trim/List/Skew Retract Ram 1,="2.0",S2AA3_6,DC523,AC500_PM592_ETH_V2_3\Extension_Bus\CM579_PNIO_A02\CM579_Master\S2AA3,8000.Digital_Output_C0,f55dfff7-9d54-4ef0-89e5-9accb5da83a9,
qTLS_RetractRam2,Digital output C1,BOOL,-A3_6:2.1  C1 : =S2+T-K4 Trim/List/Skew Retract Ram 2,="2.1",S2AA3_6,DC523,AC500_PM592_ETH_V2_3\Extension_Bus\CM579_PNIO_A02\CM579_Master\S2AA3,8000.Digital_Output_C1,f55dfff7-9d54-4ef0-89e5-9accb5da83a9,
qTLS_RetractRam3,Digital output C2,BOOL,-A3_6:2.2  C2 : =S2+T-K6 Trim/List/Skew Retract Ram 3,="2.2",S2AA3_6,DC523,AC500_PM592_ETH_V2_3\Extension_Bus\CM579_PNIO_A02\CM579_Master\S2AA3,8000.Digital_Output_C2,f55dfff7-9d54-4ef0-89e5-9accb5da83a9,
qTLS_RetractRam4,Digital output C3,BOOL,-A3_6:2.3  C3 : =S2+T-K8 Trim/List/Skew Retract Ram 4,="2.3",S2AA3_6,DC523,AC500_PM592_ETH_V2_3\Extension_Bus\CM579_PNIO_A02\CM579_Master\S2AA3,8000.Digital_Output_C3,f55dfff7-9d54-4ef0-89e5-9accb5da83a9,
qTLS_ExtendRam1,Digital output C4,BOOL,-A3_6:2.4  C4 : =S2+T-K3 Trim/List/Skew Extend Ram 1,="2.4",S2AA3_6,DC523,AC500_PM592_ETH_V2_3\Extension_Bus\CM579_PNIO_A02\CM579_Master\S2AA3,8000.Digital_Output_C4,f55dfff7-9d54-4ef0-89e5-9accb5da83a9,
qTLS_ExtendRam2,Digital output C5,BOOL,-A3_6:2.5  C5 : =S2+T-K5 Trim/List/Skew Extend Ram 2,="2.5",S2AA3_6,DC523,AC500_PM592_ETH_V2_3\Extension_Bus\CM579_PNIO_A02\CM579_Master\S2AA3,8000.Digital_Output_C5,f55dfff7-9d54-4ef0-89e5-9accb5da83a9,
qTLS_ExtendRam3,Digital output C6,BOOL,-A3_6:2.6  C6 : =S2+T-K7 Trim/List/Skew Extend Ram 3,="2.6",S2AA3_6,DC523,AC500_PM592_ETH_V2_3\Extension_Bus\CM579_PNIO_A02\CM579_Master\S2AA3,8000.Digital_Output_C6,f55dfff7-9d54-4ef0-89e5-9accb5da83a9,
qTLS_ExtendRam4,Digital output C7,BOOL,-A3_6:2.7  C7 : =S2+T-K9 Trim/List/Skew Extend Ram 4,="2.7",S2AA3_6,DC523,AC500_PM592_ETH_V2_3\Extension_Bus\CM579_PNIO_A02\CM579_Master\S2AA3,8000.Digital_Output_C7,f55dfff7-9d54-4ef0-89e5-9accb5da83a9,
,Digital outputs C8 - C15,BYTE,,,S2AA3_6,DC523,AC500_PM592_ETH_V2_3\Extension_Bus\CM579_PNIO_A02\CM579_Master\S2AA3,8001,f55dfff7-9d54-4ef0-89e5-9accb5da83a9,
qTLS_LoadingValve,Digital output C8,BOOL,-A3_6:3.0  C8 : =S2+F-K10 Trim/List/Skew Loading Valve,="3.0",S2AA3_6,DC523,AC500_PM592_ETH_V2_3\Extension_Bus\CM579_PNIO_A02\CM579_Master\S2AA3,8001.Digital_Output_C8,f55dfff7-9d54-4ef0-89e5-9accb5da83a9,
qTestLoadcell1,Digital output C9,BOOL,-A3_6:3.1  C9 : =S2+A-K4A Test Loadcell 1,="3.1",S2AA3_6,DC523,AC500_PM592_ETH_V2_3\Extension_Bus\CM579_PNIO_A02\CM579_Master\S2AA3,8001.Digital_Output_C9,f55dfff7-9d54-4ef0-89e5-9accb5da83a9,
qTrolleyBypass,Digital output C10,BOOL,-A3_6:3.2 C10 : =S2+K-K5 TROLLEY BYPASS,="3.2",S2AA3_6,DC523,AC500_PM592_ETH_V2_3\Extension_Bus\CM579_PNIO_A02\CM579_Master\S2AA3,8001.Digital_Output_C10,f55dfff7-9d54-4ef0-89e5-9accb5da83a9,
qUnlock_CabinStairsGate2,Digital output C11,BOOL,-A3_6:3.3 C11 : =K+K-BG87 Unlock Cabin Entry Gate 2,="3.3",S2AA3_6,DC523,AC500_PM592_ETH_V2_3\Extension_Bus\CM579_PNIO_A02\CM579_Master\S2AA3,8001.Digital_Output_C11,f55dfff7-9d54-4ef0-89e5-9accb5da83a9,
qTL_Lock,Digital output C12,BOOL,-A3_6:3.4 C12 : =S2+S-X2:S108 Twistlock Lock Command,="3.4",S2AA3_6,DC523,AC500_PM592_ETH_V2_3\Extension_Bus\CM579_PNIO_A02\CM579_Master\S2AA3,8001.Digital_Output_C12,f55dfff7-9d54-4ef0-89e5-9accb5da83a9,
qBridgeOverload,Digital output C13,BOOL,-A3_6:3.5 C13 : =S2+H-K3 Bridge Overload,="3.5",S2AA3_6,DC523,AC500_PM592_ETH_V2_3\Extension_Bus\CM579_PNIO_A02\CM579_Master\S2AA3,8001.Digital_Output_C13,f55dfff7-9d54-4ef0-89e5-9accb5da83a9,
qHoistMotor1_Fan,Digital output C14,BOOL,-A3_6:3.6 C14 : =S2+H-K1M Fan Hoist Motor 1,="3.6",S2AA3_6,DC523,AC500_PM592_ETH_V2_3\Extension_Bus\CM579_PNIO_A02\CM579_Master\S2AA3,8001.Digital_Output_C14,f55dfff7-9d54-4ef0-89e5-9accb5da83a9,
qTL_Unlock,Digital output C15,BOOL,-A3_6:3.7 C15 : =S2+S-X2:S107 Spreader Twistlock Unlock,="3.7",S2AA3_6,DC523,AC500_PM592_ETH_V2_3\Extension_Bus\CM579_PNIO_A02\CM579_Master\S2AA3,8001.Digital_Output_C15,f55dfff7-9d54-4ef0-89e5-9accb5da83a9,
,Digital outputs C16 - C23,BYTE,,,S2AA3_6,DC523,AC500_PM592_ETH_V2_3\Extension_Bus\CM579_PNIO_A02\CM579_Master\S2AA3,8002,f55dfff7-9d54-4ef0-89e5-9accb5da83a9,
qAirCon_Interlock,Digital output C16,BOOL,-A3_6:4.0 C16 : =S2+A-X2:R33 Interlock Airconditioner,="4.0",S2AA3_6,DC523,AC500_PM592_ETH_V2_3\Extension_Bus\CM579_PNIO_A02\CM579_Master\S2AA3,8002.Digital_Output_C16,f55dfff7-9d54-4ef0-89e5-9accb5da83a9,
qSpare_A3_6_O17,Digital output C17,BOOL,-A3_6:4.1 C17 :  Spare Output Prewired,="4.1",S2AA3_6,DC523,AC500_PM592_ETH_V2_3\Extension_Bus\CM579_PNIO_A02\CM579_Master\S2AA3,8002.Digital_Output_C17,f55dfff7-9d54-4ef0-89e5-9accb5da83a9,
qTLS_MotorOn,Digital output C18,BOOL,-A3_6:4.2 C18 : =S2+T-K0M Trim/List/Skew Motor On,="4.2",S2AA3_6,DC523,AC500_PM592_ETH_V2_3\Extension_Bus\CM579_PNIO_A02\CM579_Master\S2AA3,8002.Digital_Output_C18,f55dfff7-9d54-4ef0-89e5-9accb5da83a9,
qHMI_TouchscreenSupply,Digital output C19,BOOL,-A3_6:4.3 C19 : =S2+A-K3 Supply HMI Touchscreen,="4.3",S2AA3_6,DC523,AC500_PM592_ETH_V2_3\Extension_Bus\CM579_PNIO_A02\CM579_Master\S2AA3,8002.Digital_Output_C19,f55dfff7-9d54-4ef0-89e5-9accb5da83a9,
qSpreaderOn,Digital output C20,BOOL,-A3_6:4.4 C20 : =S2+S-K0M SPREADER ON,="4.4",S2AA3_6,DC523,AC500_PM592_ETH_V2_3\Extension_Bus\CM579_PNIO_A02\CM579_Master\S2AA3,8002.Digital_Output_C20,f55dfff7-9d54-4ef0-89e5-9accb5da83a9,
qExpandSpreader,Digital output C21,BOOL,-A3_6:4.5 C21 : =S2+S-X2:S121 Expand Spreader,="4.5",S2AA3_6,DC523,AC500_PM592_ETH_V2_3\Extension_Bus\CM579_PNIO_A02\CM579_Master\S2AA3,8002.Digital_Output_C21,f55dfff7-9d54-4ef0-89e5-9accb5da83a9,
qTrolleyHorn,Digital output C22,BOOL,-A3_6:4.6 C22 : =S2+A-K2 HORN ON TROLLEY,="4.6",S2AA3_6,DC523,AC500_PM592_ETH_V2_3\Extension_Bus\CM579_PNIO_A02\CM579_Master\S2AA3,8002.Digital_Output_C22,f55dfff7-9d54-4ef0-89e5-9accb5da83a9,
,Digital output C23,BOOL,,="4.7",S2AA3_6,DC523,AC500_PM592_ETH_V2_3\Extension_Bus\CM579_PNIO_A02\CM579_Master\S2AA3,8002.Digital_Output_C23,f55dfff7-9d54-4ef0-89e5-9accb5da83a9,
//S2AA3_7 (AC500_PM592_ETH_V2_3\Extension_Bus\CM579_PNIO_A02\CM579_Master\S2AA3)
,Digital inputs C0 - C7,BYTE,,,S2AA3_7,DC523,AC500_PM592_ETH_V2_3\Extension_Bus\CM579_PNIO_A02\CM579_Master\S2AA3,7000,499589a0-9ae1-483b-a3f4-c60870ee1306,
,Digital input C0,BOOL,,="2.0",S2AA3_7,DC523,AC500_PM592_ETH_V2_3\Extension_Bus\CM579_PNIO_A02\CM579_Master\S2AA3,7000.Digital_Input_C0,499589a0-9ae1-483b-a3f4-c60870ee1306,
,Digital input C1,BOOL,,="2.1",S2AA3_7,DC523,AC500_PM592_ETH_V2_3\Extension_Bus\CM579_PNIO_A02\CM579_Master\S2AA3,7000.Digital_Input_C1,499589a0-9ae1-483b-a3f4-c60870ee1306,
,Digital input C2,BOOL,,="2.2",S2AA3_7,DC523,AC500_PM592_ETH_V2_3\Extension_Bus\CM579_PNIO_A02\CM579_Master\S2AA3,7000.Digital_Input_C2,499589a0-9ae1-483b-a3f4-c60870ee1306,
,Digital input C3,BOOL,,="2.3",S2AA3_7,DC523,AC500_PM592_ETH_V2_3\Extension_Bus\CM579_PNIO_A02\CM579_Master\S2AA3,7000.Digital_Input_C3,499589a0-9ae1-483b-a3f4-c60870ee1306,
,Digital input C4,BOOL,,="2.4",S2AA3_7,DC523,AC500_PM592_ETH_V2_3\Extension_Bus\CM579_PNIO_A02\CM579_Master\S2AA3,7000.Digital_Input_C4,499589a0-9ae1-483b-a3f4-c60870ee1306,
,Digital input C5,BOOL,,="2.5",S2AA3_7,DC523,AC500_PM592_ETH_V2_3\Extension_Bus\CM579_PNIO_A02\CM579_Master\S2AA3,7000.Digital_Input_C5,499589a0-9ae1-483b-a3f4-c60870ee1306,
,Digital input C6,BOOL,,="2.6",S2AA3_7,DC523,AC500_PM592_ETH_V2_3\Extension_Bus\CM579_PNIO_A02\CM579_Master\S2AA3,7000.Digital_Input_C6,499589a0-9ae1-483b-a3f4-c60870ee1306,
,Digital input C7,BOOL,,="2.7",S2AA3_7,DC523,AC500_PM592_ETH_V2_3\Extension_Bus\CM579_PNIO_A02\CM579_Master\S2AA3,7000.Digital_Input_C7,499589a0-9ae1-483b-a3f4-c60870ee1306,
,Digital inputs C8 - C15,BYTE,,,S2AA3_7,DC523,AC500_PM592_ETH_V2_3\Extension_Bus\CM579_PNIO_A02\CM579_Master\S2AA3,7001,499589a0-9ae1-483b-a3f4-c60870ee1306,
,Digital input C8,BOOL,,="3.0",S2AA3_7,DC523,AC500_PM592_ETH_V2_3\Extension_Bus\CM579_PNIO_A02\CM579_Master\S2AA3,7001.Digital_Input_C8,499589a0-9ae1-483b-a3f4-c60870ee1306,
,Digital input C9,BOOL,,="3.1",S2AA3_7,DC523,AC500_PM592_ETH_V2_3\Extension_Bus\CM579_PNIO_A02\CM579_Master\S2AA3,7001.Digital_Input_C9,499589a0-9ae1-483b-a3f4-c60870ee1306,
,Digital input C10,BOOL,,="3.2",S2AA3_7,DC523,AC500_PM592_ETH_V2_3\Extension_Bus\CM579_PNIO_A02\CM579_Master\S2AA3,7001.Digital_Input_C10,499589a0-9ae1-483b-a3f4-c60870ee1306,
,Digital input C11,BOOL,,="3.3",S2AA3_7,DC523,AC500_PM592_ETH_V2_3\Extension_Bus\CM579_PNIO_A02\CM579_Master\S2AA3,7001.Digital_Input_C11,499589a0-9ae1-483b-a3f4-c60870ee1306,
,Digital input C12,BOOL,,="3.4",S2AA3_7,DC523,AC500_PM592_ETH_V2_3\Extension_Bus\CM579_PNIO_A02\CM579_Master\S2AA3,7001.Digital_Input_C12,499589a0-9ae1-483b-a3f4-c60870ee1306,
,Digital input C13,BOOL,,="3.5",S2AA3_7,DC523,AC500_PM592_ETH_V2_3\Extension_Bus\CM579_PNIO_A02\CM579_Master\S2AA3,7001.Digital_Input_C13,499589a0-9ae1-483b-a3f4-c60870ee1306,
,Digital input C14,BOOL,,="3.6",S2AA3_7,DC523,AC500_PM592_ETH_V2_3\Extension_Bus\CM579_PNIO_A02\CM579_Master\S2AA3,7001.Digital_Input_C14,499589a0-9ae1-483b-a3f4-c60870ee1306,
,Digital input C15,BOOL,,="3.7",S2AA3_7,DC523,AC500_PM592_ETH_V2_3\Extension_Bus\CM579_PNIO_A02\CM579_Master\S2AA3,7001.Digital_Input_C15,499589a0-9ae1-483b-a3f4-c60870ee1306,
,Digital inputs C16 - C23,BYTE,,,S2AA3_7,DC523,AC500_PM592_ETH_V2_3\Extension_Bus\CM579_PNIO_A02\CM579_Master\S2AA3,7002,499589a0-9ae1-483b-a3f4-c60870ee1306,
,Digital input C16,BOOL,,="4.0",S2AA3_7,DC523,AC500_PM592_ETH_V2_3\Extension_Bus\CM579_PNIO_A02\CM579_Master\S2AA3,7002.Digital_Input_C16,499589a0-9ae1-483b-a3f4-c60870ee1306,
,Digital input C17,BOOL,,="4.1",S2AA3_7,DC523,AC500_PM592_ETH_V2_3\Extension_Bus\CM579_PNIO_A02\CM579_Master\S2AA3,7002.Digital_Input_C17,499589a0-9ae1-483b-a3f4-c60870ee1306,
,Digital input C18,BOOL,,="4.2",S2AA3_7,DC523,AC500_PM592_ETH_V2_3\Extension_Bus\CM579_PNIO_A02\CM579_Master\S2AA3,7002.Digital_Input_C18,499589a0-9ae1-483b-a3f4-c60870ee1306,
,Digital input C19,BOOL,,="4.3",S2AA3_7,DC523,AC500_PM592_ETH_V2_3\Extension_Bus\CM579_PNIO_A02\CM579_Master\S2AA3,7002.Digital_Input_C19,499589a0-9ae1-483b-a3f4-c60870ee1306,
,Digital input C20,BOOL,,="4.4",S2AA3_7,DC523,AC500_PM592_ETH_V2_3\Extension_Bus\CM579_PNIO_A02\CM579_Master\S2AA3,7002.Digital_Input_C20,499589a0-9ae1-483b-a3f4-c60870ee1306,
,Digital input C21,BOOL,,="4.5",S2AA3_7,DC523,AC500_PM592_ETH_V2_3\Extension_Bus\CM579_PNIO_A02\CM579_Master\S2AA3,7002.Digital_Input_C21,499589a0-9ae1-483b-a3f4-c60870ee1306,
,Digital input C22,BOOL,,="4.6",S2AA3_7,DC523,AC500_PM592_ETH_V2_3\Extension_Bus\CM579_PNIO_A02\CM579_Master\S2AA3,7002.Digital_Input_C22,499589a0-9ae1-483b-a3f4-c60870ee1306,
,Digital input C23,BOOL,,="4.7",S2AA3_7,DC523,AC500_PM592_ETH_V2_3\Extension_Bus\CM579_PNIO_A02\CM579_Master\S2AA3,7002.Digital_Input_C23,499589a0-9ae1-483b-a3f4-c60870ee1306,
,Digital outputs C0 - C7,BYTE,,,S2AA3_7,DC523,AC500_PM592_ETH_V2_3\Extension_Bus\CM579_PNIO_A02\CM579_Master\S2AA3,8000,499589a0-9ae1-483b-a3f4-c60870ee1306,
qCraneOnInterlock,Digital output C0,BOOL,-A3_7:2.0  C0 : =S2+A-K1 CRANE ON INTERLOCKS,="2.0",S2AA3_7,DC523,AC500_PM592_ETH_V2_3\Extension_Bus\CM579_PNIO_A02\CM579_Master\S2AA3,8000.Digital_Output_C0,499589a0-9ae1-483b-a3f4-c60870ee1306,
qRetractSpreader,Digital output C1,BOOL,-A3_7:2.1  C1 : =S2+S-X2:S122 Retract Spreader,="2.1",S2AA3_7,DC523,AC500_PM592_ETH_V2_3\Extension_Bus\CM579_PNIO_A02\CM579_Master\S2AA3,8000.Digital_Output_C1,499589a0-9ae1-483b-a3f4-c60870ee1306,
,Digital output C2,BOOL,,="2.2",S2AA3_7,DC523,AC500_PM592_ETH_V2_3\Extension_Bus\CM579_PNIO_A02\CM579_Master\S2AA3,8000.Digital_Output_C2,499589a0-9ae1-483b-a3f4-c60870ee1306,
,Digital output C3,BOOL,,="2.3",S2AA3_7,DC523,AC500_PM592_ETH_V2_3\Extension_Bus\CM579_PNIO_A02\CM579_Master\S2AA3,8000.Digital_Output_C3,499589a0-9ae1-483b-a3f4-c60870ee1306,
,Digital output C4,BOOL,,="2.4",S2AA3_7,DC523,AC500_PM592_ETH_V2_3\Extension_Bus\CM579_PNIO_A02\CM579_Master\S2AA3,8000.Digital_Output_C4,499589a0-9ae1-483b-a3f4-c60870ee1306,
,Digital output C5,BOOL,,="2.5",S2AA3_7,DC523,AC500_PM592_ETH_V2_3\Extension_Bus\CM579_PNIO_A02\CM579_Master\S2AA3,8000.Digital_Output_C5,499589a0-9ae1-483b-a3f4-c60870ee1306,
,Digital output C6,BOOL,,="2.6",S2AA3_7,DC523,AC500_PM592_ETH_V2_3\Extension_Bus\CM579_PNIO_A02\CM579_Master\S2AA3,8000.Digital_Output_C6,499589a0-9ae1-483b-a3f4-c60870ee1306,
,Digital output C7,BOOL,,="2.7",S2AA3_7,DC523,AC500_PM592_ETH_V2_3\Extension_Bus\CM579_PNIO_A02\CM579_Master\S2AA3,8000.Digital_Output_C7,499589a0-9ae1-483b-a3f4-c60870ee1306,
,Digital outputs C8 - C15,BYTE,,,S2AA3_7,DC523,AC500_PM592_ETH_V2_3\Extension_Bus\CM579_PNIO_A02\CM579_Master\S2AA3,8001,499589a0-9ae1-483b-a3f4-c60870ee1306,
,Digital output C8,BOOL,,="3.0",S2AA3_7,DC523,AC500_PM592_ETH_V2_3\Extension_Bus\CM579_PNIO_A02\CM579_Master\S2AA3,8001.Digital_Output_C8,499589a0-9ae1-483b-a3f4-c60870ee1306,
qCoolingSystemHoistgear,Digital output C9,BOOL,-A3_7:3.1  C9 : =S2+H-K4M Cooling System Hoistgear,="3.1",S2AA3_7,DC523,AC500_PM592_ETH_V2_3\Extension_Bus\CM579_PNIO_A02\CM579_Master\S2AA3,8001.Digital_Output_C9,499589a0-9ae1-483b-a3f4-c60870ee1306,
qH_TL_Locked_P1,Digital output C10,BOOL,-A3_7:3.2 C10 : =P2+A-H1 Spreader Twistlocks Locked Lamp P1,="3.2",S2AA3_7,DC523,AC500_PM592_ETH_V2_3\Extension_Bus\CM579_PNIO_A02\CM579_Master\S2AA3,8001.Digital_Output_C10,499589a0-9ae1-483b-a3f4-c60870ee1306,
qH_TL_Unlocked_P1,Digital output C11,BOOL,-A3_7:3.3 C11 : =P2+A-H2 Spreader Twistlocks Unlocked Lamp P1,="3.3",S2AA3_7,DC523,AC500_PM592_ETH_V2_3\Extension_Bus\CM579_PNIO_A02\CM579_Master\S2AA3,8001.Digital_Output_C11,499589a0-9ae1-483b-a3f4-c60870ee1306,
qH_Landed_P1,Digital output C12,BOOL,-A3_7:3.4 C12 : =P2+A-H3 Spreader Landed Lamp P1,="3.4",S2AA3_7,DC523,AC500_PM592_ETH_V2_3\Extension_Bus\CM579_PNIO_A02\CM579_Master\S2AA3,8001.Digital_Output_C12,499589a0-9ae1-483b-a3f4-c60870ee1306,
qSpare_A3_7_O13,Digital output C13,BOOL,-A3_7:3.5 C13 : =P2+A-H4 Spare Output Prewired,="3.5",S2AA3_7,DC523,AC500_PM592_ETH_V2_3\Extension_Bus\CM579_PNIO_A02\CM579_Master\S2AA3,8001.Digital_Output_C13,499589a0-9ae1-483b-a3f4-c60870ee1306,
qH_Overload_P1,Digital output C14,BOOL,-A3_7:3.6 C14 : =P2+A-H5 Overload Lamp P1,="3.6",S2AA3_7,DC523,AC500_PM592_ETH_V2_3\Extension_Bus\CM579_PNIO_A02\CM579_Master\S2AA3,8001.Digital_Output_C14,499589a0-9ae1-483b-a3f4-c60870ee1306,
qH_WindWarning_P1,Digital output C15,BOOL,-A3_7:3.7 C15 : =P2+A-H6 Wind Warning Lamp P1,="3.7",S2AA3_7,DC523,AC500_PM592_ETH_V2_3\Extension_Bus\CM579_PNIO_A02\CM579_Master\S2AA3,8001.Digital_Output_C15,499589a0-9ae1-483b-a3f4-c60870ee1306,
,Digital outputs C16 - C23,BYTE,,,S2AA3_7,DC523,AC500_PM592_ETH_V2_3\Extension_Bus\CM579_PNIO_A02\CM579_Master\S2AA3,8002,499589a0-9ae1-483b-a3f4-c60870ee1306,
,Digital output C16,BOOL,,="4.0",S2AA3_7,DC523,AC500_PM592_ETH_V2_3\Extension_Bus\CM579_PNIO_A02\CM579_Master\S2AA3,8002.Digital_Output_C16,499589a0-9ae1-483b-a3f4-c60870ee1306,
,Digital output C17,BOOL,,="4.1",S2AA3_7,DC523,AC500_PM592_ETH_V2_3\Extension_Bus\CM579_PNIO_A02\CM579_Master\S2AA3,8002.Digital_Output_C17,499589a0-9ae1-483b-a3f4-c60870ee1306,
,Digital output C18,BOOL,,="4.2",S2AA3_7,DC523,AC500_PM592_ETH_V2_3\Extension_Bus\CM579_PNIO_A02\CM579_Master\S2AA3,8002.Digital_Output_C18,499589a0-9ae1-483b-a3f4-c60870ee1306,
,Digital output C19,BOOL,,="4.3",S2AA3_7,DC523,AC500_PM592_ETH_V2_3\Extension_Bus\CM579_PNIO_A02\CM579_Master\S2AA3,8002.Digital_Output_C19,499589a0-9ae1-483b-a3f4-c60870ee1306,
,Digital output C20,BOOL,,="4.4",S2AA3_7,DC523,AC500_PM592_ETH_V2_3\Extension_Bus\CM579_PNIO_A02\CM579_Master\S2AA3,8002.Digital_Output_C20,499589a0-9ae1-483b-a3f4-c60870ee1306,
,Digital output C21,BOOL,,="4.5",S2AA3_7,DC523,AC500_PM592_ETH_V2_3\Extension_Bus\CM579_PNIO_A02\CM579_Master\S2AA3,8002.Digital_Output_C21,499589a0-9ae1-483b-a3f4-c60870ee1306,
,Digital output C22,BOOL,,="4.6",S2AA3_7,DC523,AC500_PM592_ETH_V2_3\Extension_Bus\CM579_PNIO_A02\CM579_Master\S2AA3,8002.Digital_Output_C22,499589a0-9ae1-483b-a3f4-c60870ee1306,
,Digital output C23,BOOL,,="4.7",S2AA3_7,DC523,AC500_PM592_ETH_V2_3\Extension_Bus\CM579_PNIO_A02\CM579_Master\S2AA3,8002.Digital_Output_C23,499589a0-9ae1-483b-a3f4-c60870ee1306,
//S2AA3_8 (AC500_PM592_ETH_V2_3\Extension_Bus\CM579_PNIO_A02\CM579_Master\S2AA3)
,Digital inputs I0 - I31,DWORD,,,S2AA3_8,DI524,AC500_PM592_ETH_V2_3\Extension_Bus\CM579_PNIO_A02\CM579_Master\S2AA3,7000.Typ_DWord,d232ffa5-2b54-4274-bed9-6b3db25efa01,
,Digital inputs I0 - I15,WORD,,,S2AA3_8,DI524,AC500_PM592_ETH_V2_3\Extension_Bus\CM579_PNIO_A02\CM579_Master\S2AA3,7000.Words.Word0,d232ffa5-2b54-4274-bed9-6b3db25efa01,
,Digital inputs I16 - I31,WORD,,,S2AA3_8,DI524,AC500_PM592_ETH_V2_3\Extension_Bus\CM579_PNIO_A02\CM579_Master\S2AA3,7000.Words.Word1,d232ffa5-2b54-4274-bed9-6b3db25efa01,
,Digital inputs I0 - I7,BYTE,,,S2AA3_8,DI524,AC500_PM592_ETH_V2_3\Extension_Bus\CM579_PNIO_A02\CM579_Master\S2AA3,7000.Bytes.Byte0,d232ffa5-2b54-4274-bed9-6b3db25efa01,
iLS_BeamReverseStop,Digital input I0,BOOL,-A3_8:1.0  I0 : =S2+K-K8 Beam Reverse Stop Limitswitch,="1.0",S2AA3_8,DI524,AC500_PM592_ETH_V2_3\Extension_Bus\CM579_PNIO_A02\CM579_Master\S2AA3,7000.Bytes.Byte0.Digital_Input_I0,d232ffa5-2b54-4274-bed9-6b3db25efa01,
iLS_TrolleyCheckPos,Digital input I1,BOOL,-A3_8:1.1  I1 : =S2+K-B13 Trolley at Check Position Limitswitch,="1.1",S2AA3_8,DI524,AC500_PM592_ETH_V2_3\Extension_Bus\CM579_PNIO_A02\CM579_Master\S2AA3,7000.Bytes.Byte0.Digital_Input_I1,d232ffa5-2b54-4274-bed9-6b3db25efa01,
iLS_TrolleyParkPos,Digital input I2,BOOL,-A3_8:1.2  I2 : =K+K-B12 Trolley at Park Position Limitswitch,="1.2",S2AA3_8,DI524,AC500_PM592_ETH_V2_3\Extension_Bus\CM579_PNIO_A02\CM579_Master\S2AA3,7000.Bytes.Byte0.Digital_Input_I2,d232ffa5-2b54-4274-bed9-6b3db25efa01,
iLS_BeamForwardStop,Digital input I3,BOOL,-A3_8:1.3  I3 : =S2+K-K6 Trolley Beam Forward Stop LS signal,="1.3",S2AA3_8,DI524,AC500_PM592_ETH_V2_3\Extension_Bus\CM579_PNIO_A02\CM579_Master\S2AA3,7000.Bytes.Byte0.Digital_Input_I3,d232ffa5-2b54-4274-bed9-6b3db25efa01,
iK_HoistOverspeed,Digital input I4,BOOL,-A3_8:1.4  I4 : =S2+H-K35 Hoist Overspeed (off if overspeed),="1.4",S2AA3_8,DI524,AC500_PM592_ETH_V2_3\Extension_Bus\CM579_PNIO_A02\CM579_Master\S2AA3,7000.Bytes.Byte0.Digital_Input_I4,d232ffa5-2b54-4274-bed9-6b3db25efa01,
iK_OverloadRelay,Digital input I5,BOOL,-A3_8:1.5  I5 : =S2+A-K5 Overload Relay Contactor On,="1.5",S2AA3_8,DI524,AC500_PM592_ETH_V2_3\Extension_Bus\CM579_PNIO_A02\CM579_Master\S2AA3,7000.Bytes.Byte0.Digital_Input_I5,d232ffa5-2b54-4274-bed9-6b3db25efa01,
,Digital input I6,BOOL,,="1.6",S2AA3_8,DI524,AC500_PM592_ETH_V2_3\Extension_Bus\CM579_PNIO_A02\CM579_Master\S2AA3,7000.Bytes.Byte0.Digital_Input_I6,d232ffa5-2b54-4274-bed9-6b3db25efa01,
,Digital input I7,BOOL,,="1.7",S2AA3_8,DI524,AC500_PM592_ETH_V2_3\Extension_Bus\CM579_PNIO_A02\CM579_Master\S2AA3,7000.Bytes.Byte0.Digital_Input_I7,d232ffa5-2b54-4274-bed9-6b3db25efa01,
,Digital inputs I8 - I15,BYTE,,,S2AA3_8,DI524,AC500_PM592_ETH_V2_3\Extension_Bus\CM579_PNIO_A02\CM579_Master\S2AA3,7000.Bytes.Byte1,d232ffa5-2b54-4274-bed9-6b3db25efa01,
,Digital input I8,BOOL,,="2.0",S2AA3_8,DI524,AC500_PM592_ETH_V2_3\Extension_Bus\CM579_PNIO_A02\CM579_Master\S2AA3,7000.Bytes.Byte1.Digital_Input_I8,d232ffa5-2b54-4274-bed9-6b3db25efa01,
iLS_HoistDownPre10,Digital input I9,BOOL,-A3_8:2.1  I9 : =K+H-S1.1 Hoist Down PreLS 10% Signal,="2.1",S2AA3_8,DI524,AC500_PM592_ETH_V2_3\Extension_Bus\CM579_PNIO_A02\CM579_Master\S2AA3,7000.Bytes.Byte1.Digital_Input_I9,d232ffa5-2b54-4274-bed9-6b3db25efa01,
iLS_HoistUpPre10,Digital input I10,BOOL,-A3_8:2.2 I10 : =K+H-S1.1 Hoist Up PreLS 10% Signal,="2.2",S2AA3_8,DI524,AC500_PM592_ETH_V2_3\Extension_Bus\CM579_PNIO_A02\CM579_Master\S2AA3,7000.Bytes.Byte1.Digital_Input_I10,d232ffa5-2b54-4274-bed9-6b3db25efa01,
iK_HoistBrake1,Digital input I11,BOOL,-A3_8:2.3 I11 : =S2+H-K3M Hoist Brake 1 Supply,="2.3",S2AA3_8,DI524,AC500_PM592_ETH_V2_3\Extension_Bus\CM579_PNIO_A02\CM579_Master\S2AA3,7000.Bytes.Byte1.Digital_Input_I11,d232ffa5-2b54-4274-bed9-6b3db25efa01,
iK_TrolleyBrakes,Digital input I12,BOOL,-A3_8:2.4 I12 : =S2+K-K3M Trolley Bypass Contactor On,="2.4",S2AA3_8,DI524,AC500_PM592_ETH_V2_3\Extension_Bus\CM579_PNIO_A02\CM579_Master\S2AA3,7000.Bytes.Byte1.Digital_Input_I12,d232ffa5-2b54-4274-bed9-6b3db25efa01,
iLS_CabinEntryGate,Digital input I13,BOOL,-A3_8:2.5 I13 : =K+K-BG87 Cabin Entry Gate Limitswitch,="2.5",S2AA3_8,DI524,AC500_PM592_ETH_V2_3\Extension_Bus\CM579_PNIO_A02\CM579_Master\S2AA3,7000.Bytes.Byte1.Digital_Input_I13,d232ffa5-2b54-4274-bed9-6b3db25efa01,
iK_TrolleyBypass,Digital input I14,BOOL,-A3_8:2.6 I14 : =S2+K-K5 TROLLEY BYPASS,="2.6",S2AA3_8,DI524,AC500_PM592_ETH_V2_3\Extension_Bus\CM579_PNIO_A02\CM579_Master\S2AA3,7000.Bytes.Byte1.Digital_Input_I14,d232ffa5-2b54-4274-bed9-6b3db25efa01,
,Digital input I15,BOOL,,="2.7",S2AA3_8,DI524,AC500_PM592_ETH_V2_3\Extension_Bus\CM579_PNIO_A02\CM579_Master\S2AA3,7000.Bytes.Byte1.Digital_Input_I15,d232ffa5-2b54-4274-bed9-6b3db25efa01,
,Digital inputs I16 - I23,BYTE,,,S2AA3_8,DI524,AC500_PM592_ETH_V2_3\Extension_Bus\CM579_PNIO_A02\CM579_Master\S2AA3,7000.Bytes.Byte2,d232ffa5-2b54-4274-bed9-6b3db25efa01,
,Digital input I16,BOOL,,="3.0",S2AA3_8,DI524,AC500_PM592_ETH_V2_3\Extension_Bus\CM579_PNIO_A02\CM579_Master\S2AA3,7000.Bytes.Byte2.Digital_Input_I16,d232ffa5-2b54-4274-bed9-6b3db25efa01,
,Digital input I17,BOOL,,="3.1",S2AA3_8,DI524,AC500_PM592_ETH_V2_3\Extension_Bus\CM579_PNIO_A02\CM579_Master\S2AA3,7000.Bytes.Byte2.Digital_Input_I17,d232ffa5-2b54-4274-bed9-6b3db25efa01,
iK_BridgeOverload,Digital input I18,BOOL,-A3_8:3.2 I18 : =S2+H-K3 Bridge Overload/Lowering Contactor On,="3.2",S2AA3_8,DI524,AC500_PM592_ETH_V2_3\Extension_Bus\CM579_PNIO_A02\CM579_Master\S2AA3,7000.Bytes.Byte2.Digital_Input_I18,d232ffa5-2b54-4274-bed9-6b3db25efa01,
,Digital input I19,BOOL,,="3.3",S2AA3_8,DI524,AC500_PM592_ETH_V2_3\Extension_Bus\CM579_PNIO_A02\CM579_Master\S2AA3,7000.Bytes.Byte2.Digital_Input_I19,d232ffa5-2b54-4274-bed9-6b3db25efa01,
,Digital input I20,BOOL,,="3.4",S2AA3_8,DI524,AC500_PM592_ETH_V2_3\Extension_Bus\CM579_PNIO_A02\CM579_Master\S2AA3,7000.Bytes.Byte2.Digital_Input_I20,d232ffa5-2b54-4274-bed9-6b3db25efa01,
,Digital input I21,BOOL,,="3.5",S2AA3_8,DI524,AC500_PM592_ETH_V2_3\Extension_Bus\CM579_PNIO_A02\CM579_Master\S2AA3,7000.Bytes.Byte2.Digital_Input_I21,d232ffa5-2b54-4274-bed9-6b3db25efa01,
,Digital input I22,BOOL,,="3.6",S2AA3_8,DI524,AC500_PM592_ETH_V2_3\Extension_Bus\CM579_PNIO_A02\CM579_Master\S2AA3,7000.Bytes.Byte2.Digital_Input_I22,d232ffa5-2b54-4274-bed9-6b3db25efa01,
,Digital input I23,BOOL,,="3.7",S2AA3_8,DI524,AC500_PM592_ETH_V2_3\Extension_Bus\CM579_PNIO_A02\CM579_Master\S2AA3,7000.Bytes.Byte2.Digital_Input_I23,d232ffa5-2b54-4274-bed9-6b3db25efa01,
,Digital inputs I24 - I31,BYTE,,,S2AA3_8,DI524,AC500_PM592_ETH_V2_3\Extension_Bus\CM579_PNIO_A02\CM579_Master\S2AA3,7000.Bytes.Byte3,d232ffa5-2b54-4274-bed9-6b3db25efa01,
,Digital input I24,BOOL,,="4.0",S2AA3_8,DI524,AC500_PM592_ETH_V2_3\Extension_Bus\CM579_PNIO_A02\CM579_Master\S2AA3,7000.Bytes.Byte3.Digital_Input_I24,d232ffa5-2b54-4274-bed9-6b3db25efa01,
,Digital input I25,BOOL,,="4.1",S2AA3_8,DI524,AC500_PM592_ETH_V2_3\Extension_Bus\CM579_PNIO_A02\CM579_Master\S2AA3,7000.Bytes.Byte3.Digital_Input_I25,d232ffa5-2b54-4274-bed9-6b3db25efa01,
,Digital input I26,BOOL,,="4.2",S2AA3_8,DI524,AC500_PM592_ETH_V2_3\Extension_Bus\CM579_PNIO_A02\CM579_Master\S2AA3,7000.Bytes.Byte3.Digital_Input_I26,d232ffa5-2b54-4274-bed9-6b3db25efa01,
,Digital input I27,BOOL,,="4.3",S2AA3_8,DI524,AC500_PM592_ETH_V2_3\Extension_Bus\CM579_PNIO_A02\CM579_Master\S2AA3,7000.Bytes.Byte3.Digital_Input_I27,d232ffa5-2b54-4274-bed9-6b3db25efa01,
,Digital input I28,BOOL,,="4.4",S2AA3_8,DI524,AC500_PM592_ETH_V2_3\Extension_Bus\CM579_PNIO_A02\CM579_Master\S2AA3,7000.Bytes.Byte3.Digital_Input_I28,d232ffa5-2b54-4274-bed9-6b3db25efa01,
,Digital input I29,BOOL,,="4.5",S2AA3_8,DI524,AC500_PM592_ETH_V2_3\Extension_Bus\CM579_PNIO_A02\CM579_Master\S2AA3,7000.Bytes.Byte3.Digital_Input_I29,d232ffa5-2b54-4274-bed9-6b3db25efa01,
,Digital input I30,BOOL,,="4.6",S2AA3_8,DI524,AC500_PM592_ETH_V2_3\Extension_Bus\CM579_PNIO_A02\CM579_Master\S2AA3,7000.Bytes.Byte3.Digital_Input_I30,d232ffa5-2b54-4274-bed9-6b3db25efa01,
,Digital input I31,BOOL,,="4.7",S2AA3_8,DI524,AC500_PM592_ETH_V2_3\Extension_Bus\CM579_PNIO_A02\CM579_Master\S2AA3,7000.Bytes.Byte3.Digital_Input_I31,d232ffa5-2b54-4274-bed9-6b3db25efa01,
//S2AA3_9 (AC500_PM592_ETH_V2_3\Extension_Bus\CM579_PNIO_A02\CM579_Master\S2AA3)
wTrolleyEncoderModulInputADR,PWM / Pulse : State Bytes S0/S1 %pulse,WORD,State bytes S0/S1 %pulse,,S2AA3_9,CD522,AC500_PM592_ETH_V2_3\Extension_Bus\CM579_PNIO_A02\CM579_Master\S2AA3,7500,ee3b20a6-318a-4af9-91e6-3c0e2d339058,
wTrolleyEncoderModulOutputADR,PWM / Pulse : PWM Frequency 0,WORD,PWM Frequency 0,,S2AA3_9,CD522,AC500_PM592_ETH_V2_3\Extension_Bus\CM579_PNIO_A02\CM579_Master\S2AA3,8500,ee3b20a6-318a-4af9-91e6-3c0e2d339058,
,PWM / Pulse : PWM Duty cycle / pulse 0,WORD,,,S2AA3_9,CD522,AC500_PM592_ETH_V2_3\Extension_Bus\CM579_PNIO_A02\CM579_Master\S2AA3,8501,ee3b20a6-318a-4af9-91e6-3c0e2d339058,
,PWM / Pulse : PWM Control Byte / Reserved,WORD,,,S2AA3_9,CD522,AC500_PM592_ETH_V2_3\Extension_Bus\CM579_PNIO_A02\CM579_Master\S2AA3,8502,ee3b20a6-318a-4af9-91e6-3c0e2d339058,
,PWM / Pulse : Reserved,WORD,,,S2AA3_9,CD522,AC500_PM592_ETH_V2_3\Extension_Bus\CM579_PNIO_A02\CM579_Master\S2AA3,8503,ee3b20a6-318a-4af9-91e6-3c0e2d339058,
,PWM / Pulse : PWM Frequency 1,WORD,,,S2AA3_9,CD522,AC500_PM592_ETH_V2_3\Extension_Bus\CM579_PNIO_A02\CM579_Master\S2AA3,8504,ee3b20a6-318a-4af9-91e6-3c0e2d339058,
,PWM / Pulse : PWM Duty cycle / pulse 1,WORD,,,S2AA3_9,CD522,AC500_PM592_ETH_V2_3\Extension_Bus\CM579_PNIO_A02\CM579_Master\S2AA3,8505,ee3b20a6-318a-4af9-91e6-3c0e2d339058,
,PWM / Pulse : PWM Control Byte / Reserved,WORD,,,S2AA3_9,CD522,AC500_PM592_ETH_V2_3\Extension_Bus\CM579_PNIO_A02\CM579_Master\S2AA3,8506,ee3b20a6-318a-4af9-91e6-3c0e2d339058,
,PWM / Pulse : Reserved,WORD,,,S2AA3_9,CD522,AC500_PM592_ETH_V2_3\Extension_Bus\CM579_PNIO_A02\CM579_Master\S2AA3,8507,ee3b20a6-318a-4af9-91e6-3c0e2d339058,
,Counter 0 : State Byte and inputs,WORD,,,S2AA3_9,CD522,AC500_PM592_ETH_V2_3\Extension_Bus\CM579_PNIO_A02\CM579_Master\S2AA3,7501,ee3b20a6-318a-4af9-91e6-3c0e2d339058,
,Counter 0 : TOUCH counter value high Word,WORD,,,S2AA3_9,CD522,AC500_PM592_ETH_V2_3\Extension_Bus\CM579_PNIO_A02\CM579_Master\S2AA3,7502,ee3b20a6-318a-4af9-91e6-3c0e2d339058,
,Counter 0 : TOUCH counter value low Word,WORD,,,S2AA3_9,CD522,AC500_PM592_ETH_V2_3\Extension_Bus\CM579_PNIO_A02\CM579_Master\S2AA3,7503,ee3b20a6-318a-4af9-91e6-3c0e2d339058,
,Counter 0 : 32 Bit counter high Word,WORD,,,S2AA3_9,CD522,AC500_PM592_ETH_V2_3\Extension_Bus\CM579_PNIO_A02\CM579_Master\S2AA3,7504,ee3b20a6-318a-4af9-91e6-3c0e2d339058,
,Counter 0 : 32 Bit counter low Word,WORD,,,S2AA3_9,CD522,AC500_PM592_ETH_V2_3\Extension_Bus\CM579_PNIO_A02\CM579_Master\S2AA3,7505,ee3b20a6-318a-4af9-91e6-3c0e2d339058,
,Counter 0 : Counter settings high Word,WORD,,,S2AA3_9,CD522,AC500_PM592_ETH_V2_3\Extension_Bus\CM579_PNIO_A02\CM579_Master\S2AA3,8508,ee3b20a6-318a-4af9-91e6-3c0e2d339058,
,Counter 0 : Counter settings low Word,WORD,,,S2AA3_9,CD522,AC500_PM592_ETH_V2_3\Extension_Bus\CM579_PNIO_A02\CM579_Master\S2AA3,8509,ee3b20a6-318a-4af9-91e6-3c0e2d339058,
,Counter 0 : Control Byte and outputs,WORD,,,S2AA3_9,CD522,AC500_PM592_ETH_V2_3\Extension_Bus\CM579_PNIO_A02\CM579_Master\S2AA3,8510,ee3b20a6-318a-4af9-91e6-3c0e2d339058,
,Counter 0 : Reserved,WORD,,,S2AA3_9,CD522,AC500_PM592_ETH_V2_3\Extension_Bus\CM579_PNIO_A02\CM579_Master\S2AA3,8511,ee3b20a6-318a-4af9-91e6-3c0e2d339058,
,Counter 1 : 32 Bit counter high Word,WORD,,,S2AA3_9,CD522,AC500_PM592_ETH_V2_3\Extension_Bus\CM579_PNIO_A02\CM579_Master\S2AA3,7506,ee3b20a6-318a-4af9-91e6-3c0e2d339058,
,Counter 1 : 32 Bit counter low Word,WORD,,,S2AA3_9,CD522,AC500_PM592_ETH_V2_3\Extension_Bus\CM579_PNIO_A02\CM579_Master\S2AA3,7507,ee3b20a6-318a-4af9-91e6-3c0e2d339058,
,Counter 1 : Reserved,WORD,,,S2AA3_9,CD522,AC500_PM592_ETH_V2_3\Extension_Bus\CM579_PNIO_A02\CM579_Master\S2AA3,7508,ee3b20a6-318a-4af9-91e6-3c0e2d339058,
,Counter 1 : State Byte and inputs,WORD,,,S2AA3_9,CD522,AC500_PM592_ETH_V2_3\Extension_Bus\CM579_PNIO_A02\CM579_Master\S2AA3,7509,ee3b20a6-318a-4af9-91e6-3c0e2d339058,
,Counter 1 : TOUCH counter value high Word,WORD,,,S2AA3_9,CD522,AC500_PM592_ETH_V2_3\Extension_Bus\CM579_PNIO_A02\CM579_Master\S2AA3,7510,ee3b20a6-318a-4af9-91e6-3c0e2d339058,
,Counter 1 : TOUCH counter value low Word,WORD,,,S2AA3_9,CD522,AC500_PM592_ETH_V2_3\Extension_Bus\CM579_PNIO_A02\CM579_Master\S2AA3,7511,ee3b20a6-318a-4af9-91e6-3c0e2d339058,
,Counter 1 : Counter settings high Word,WORD,,,S2AA3_9,CD522,AC500_PM592_ETH_V2_3\Extension_Bus\CM579_PNIO_A02\CM579_Master\S2AA3,8512,ee3b20a6-318a-4af9-91e6-3c0e2d339058,
,Counter 1 : Counter settings low Word,WORD,,,S2AA3_9,CD522,AC500_PM592_ETH_V2_3\Extension_Bus\CM579_PNIO_A02\CM579_Master\S2AA3,8513,ee3b20a6-318a-4af9-91e6-3c0e2d339058,
,Counter 1 : Control Byte and outputs,WORD,,,S2AA3_9,CD522,AC500_PM592_ETH_V2_3\Extension_Bus\CM579_PNIO_A02\CM579_Master\S2AA3,8514,ee3b20a6-318a-4af9-91e6-3c0e2d339058,
,Counter 1 : Reserved,WORD,,,S2AA3_9,CD522,AC500_PM592_ETH_V2_3\Extension_Bus\CM579_PNIO_A02\CM579_Master\S2AA3,8515,ee3b20a6-318a-4af9-91e6-3c0e2d339058,
//State (AC500_PM592_ETH_V2_3\Extension_Bus\CM579_PNIO_A02\CM579_Master\P1AA4\P1AA4_0\COM1_ASCII_RS232)
,CAP_IN_FRAME,UINT,,,State,State,AC500_PM592_ETH_V2_3\Extension_Bus\CM579_PNIO_A02\CM579_Master\P1AA4\P1AA4_0\COM1_ASCII_RS232,7500,c0987928-d220-4001-b7d2-6f60ca772de8,
,CAP_IN_NUM,UINT,,,State,State,AC500_PM592_ETH_V2_3\Extension_Bus\CM579_PNIO_A02\CM579_Master\P1AA4\P1AA4_0\COM1_ASCII_RS232,7501,c0987928-d220-4001-b7d2-6f60ca772de8,
,CAP_OUT_FRAME,UINT,,,State,State,AC500_PM592_ETH_V2_3\Extension_Bus\CM579_PNIO_A02\CM579_Master\P1AA4\P1AA4_0\COM1_ASCII_RS232,7502,c0987928-d220-4001-b7d2-6f60ca772de8,
,CAP_OUT_NUM,UINT,,,State,State,AC500_PM592_ETH_V2_3\Extension_Bus\CM579_PNIO_A02\CM579_Master\P1AA4\P1AA4_0\COM1_ASCII_RS232,7503,c0987928-d220-4001-b7d2-6f60ca772de8,
,DATA_LENGTH,UINT,,,State,State,AC500_PM592_ETH_V2_3\Extension_Bus\CM579_PNIO_A02\CM579_Master\P1AA4\P1AA4_0\COM1_ASCII_RS232,7504,c0987928-d220-4001-b7d2-6f60ca772de8,
,FLAGS,UINT,,,State,State,AC500_PM592_ETH_V2_3\Extension_Bus\CM579_PNIO_A02\CM579_Master\P1AA4\P1AA4_0\COM1_ASCII_RS232,7505,c0987928-d220-4001-b7d2-6f60ca772de8,
,HS_PLC_REC,BOOL,HS_PLC_REC,,State,State,AC500_PM592_ETH_V2_3\Extension_Bus\CM579_PNIO_A02\CM579_Master\P1AA4\P1AA4_0\COM1_ASCII_RS232,7505.Bit0,c0987928-d220-4001-b7d2-6f60ca772de8,
,HS_PLC_SND,BOOL,HS_PLC_SND,,State,State,AC500_PM592_ETH_V2_3\Extension_Bus\CM579_PNIO_A02\CM579_Master\P1AA4\P1AA4_0\COM1_ASCII_RS232,7505.Bit1,c0987928-d220-4001-b7d2-6f60ca772de8,
,PROCESS_REC,BOOL,PROCESS_REC,,State,State,AC500_PM592_ETH_V2_3\Extension_Bus\CM579_PNIO_A02\CM579_Master\P1AA4\P1AA4_0\COM1_ASCII_RS232,7505.Bit2,c0987928-d220-4001-b7d2-6f60ca772de8,
,PROCESS_SND,BOOL,PROCESS_SND,,State,State,AC500_PM592_ETH_V2_3\Extension_Bus\CM579_PNIO_A02\CM579_Master\P1AA4\P1AA4_0\COM1_ASCII_RS232,7505.Bit3,c0987928-d220-4001-b7d2-6f60ca772de8,
,HS_PLC_CMD,BOOL,HS_PLC_CMD,,State,State,AC500_PM592_ETH_V2_3\Extension_Bus\CM579_PNIO_A02\CM579_Master\P1AA4\P1AA4_0\COM1_ASCII_RS232,7505.Bit4,c0987928-d220-4001-b7d2-6f60ca772de8,
,PROCESS_CMD,BOOL,PROCESS_CMD,,State,State,AC500_PM592_ETH_V2_3\Extension_Bus\CM579_PNIO_A02\CM579_Master\P1AA4\P1AA4_0\COM1_ASCII_RS232,7505.Bit5,c0987928-d220-4001-b7d2-6f60ca772de8,
//Control (AC500_PM592_ETH_V2_3\Extension_Bus\CM579_PNIO_A02\CM579_Master\P1AA4\P1AA4_0\COM1_ASCII_RS232)
,CAP_IN_FRAME,UINT,,,Control,Control,AC500_PM592_ETH_V2_3\Extension_Bus\CM579_PNIO_A02\CM579_Master\P1AA4\P1AA4_0\COM1_ASCII_RS232,8500,c494b7c1-25f0-4b1c-a709-f018c96ca795,
,CAP_IN_NUM,UINT,,,Control,Control,AC500_PM592_ETH_V2_3\Extension_Bus\CM579_PNIO_A02\CM579_Master\P1AA4\P1AA4_0\COM1_ASCII_RS232,8501,c494b7c1-25f0-4b1c-a709-f018c96ca795,
,CAP_OUT_FRAME,UINT,,,Control,Control,AC500_PM592_ETH_V2_3\Extension_Bus\CM579_PNIO_A02\CM579_Master\P1AA4\P1AA4_0\COM1_ASCII_RS232,8502,c494b7c1-25f0-4b1c-a709-f018c96ca795,
,CAP_OUT_NUM,UINT,,,Control,Control,AC500_PM592_ETH_V2_3\Extension_Bus\CM579_PNIO_A02\CM579_Master\P1AA4\P1AA4_0\COM1_ASCII_RS232,8503,c494b7c1-25f0-4b1c-a709-f018c96ca795,
,DATA_LENGTH,UINT,,,Control,Control,AC500_PM592_ETH_V2_3\Extension_Bus\CM579_PNIO_A02\CM579_Master\P1AA4\P1AA4_0\COM1_ASCII_RS232,8504,c494b7c1-25f0-4b1c-a709-f018c96ca795,
,FLAGS,UINT,,,Control,Control,AC500_PM592_ETH_V2_3\Extension_Bus\CM579_PNIO_A02\CM579_Master\P1AA4\P1AA4_0\COM1_ASCII_RS232,8505,c494b7c1-25f0-4b1c-a709-f018c96ca795,
,HS_PLC_REC,BOOL,HS_PLC_REC,,Control,Control,AC500_PM592_ETH_V2_3\Extension_Bus\CM579_PNIO_A02\CM579_Master\P1AA4\P1AA4_0\COM1_ASCII_RS232,8505.Bit0,c494b7c1-25f0-4b1c-a709-f018c96ca795,
,HS_PLC_SND,BOOL,HS_PLC_SND,,Control,Control,AC500_PM592_ETH_V2_3\Extension_Bus\CM579_PNIO_A02\CM579_Master\P1AA4\P1AA4_0\COM1_ASCII_RS232,8505.Bit1,c494b7c1-25f0-4b1c-a709-f018c96ca795,
,PROCESS_REC,BOOL,PROCESS_REC,,Control,Control,AC500_PM592_ETH_V2_3\Extension_Bus\CM579_PNIO_A02\CM579_Master\P1AA4\P1AA4_0\COM1_ASCII_RS232,8505.Bit2,c494b7c1-25f0-4b1c-a709-f018c96ca795,
,PROCESS_SND,BOOL,PROCESS_SND,,Control,Control,AC500_PM592_ETH_V2_3\Extension_Bus\CM579_PNIO_A02\CM579_Master\P1AA4\P1AA4_0\COM1_ASCII_RS232,8505.Bit3,c494b7c1-25f0-4b1c-a709-f018c96ca795,
,HS_PLC_CMD,BOOL,HS_PLC_CMD,,Control,Control,AC500_PM592_ETH_V2_3\Extension_Bus\CM579_PNIO_A02\CM579_Master\P1AA4\P1AA4_0\COM1_ASCII_RS232,8505.Bit4,c494b7c1-25f0-4b1c-a709-f018c96ca795,
,PROCESS_CMD,BOOL,PROCESS_CMD,,Control,Control,AC500_PM592_ETH_V2_3\Extension_Bus\CM579_PNIO_A02\CM579_Master\P1AA4\P1AA4_0\COM1_ASCII_RS232,8505.Bit5,c494b7c1-25f0-4b1c-a709-f018c96ca795,
//State_1 (AC500_PM592_ETH_V2_3\Extension_Bus\CM579_PNIO_A02\CM579_Master\P1AA4\P1AA4_0\COM2_ASCII_RS232)
,CAP_IN_FRAME,UINT,,,State_1,State,AC500_PM592_ETH_V2_3\Extension_Bus\CM579_PNIO_A02\CM579_Master\P1AA4\P1AA4_0\COM2_ASCII_RS232,7500,58e24bbf-154b-4c9e-b92a-f94a80e3c33a,
,CAP_IN_NUM,UINT,,,State_1,State,AC500_PM592_ETH_V2_3\Extension_Bus\CM579_PNIO_A02\CM579_Master\P1AA4\P1AA4_0\COM2_ASCII_RS232,7501,58e24bbf-154b-4c9e-b92a-f94a80e3c33a,
,CAP_OUT_FRAME,UINT,,,State_1,State,AC500_PM592_ETH_V2_3\Extension_Bus\CM579_PNIO_A02\CM579_Master\P1AA4\P1AA4_0\COM2_ASCII_RS232,7502,58e24bbf-154b-4c9e-b92a-f94a80e3c33a,
,CAP_OUT_NUM,UINT,,,State_1,State,AC500_PM592_ETH_V2_3\Extension_Bus\CM579_PNIO_A02\CM579_Master\P1AA4\P1AA4_0\COM2_ASCII_RS232,7503,58e24bbf-154b-4c9e-b92a-f94a80e3c33a,
,DATA_LENGTH,UINT,,,State_1,State,AC500_PM592_ETH_V2_3\Extension_Bus\CM579_PNIO_A02\CM579_Master\P1AA4\P1AA4_0\COM2_ASCII_RS232,7504,58e24bbf-154b-4c9e-b92a-f94a80e3c33a,
,FLAGS,UINT,,,State_1,State,AC500_PM592_ETH_V2_3\Extension_Bus\CM579_PNIO_A02\CM579_Master\P1AA4\P1AA4_0\COM2_ASCII_RS232,7505,58e24bbf-154b-4c9e-b92a-f94a80e3c33a,
,HS_PLC_REC,BOOL,HS_PLC_REC,,State_1,State,AC500_PM592_ETH_V2_3\Extension_Bus\CM579_PNIO_A02\CM579_Master\P1AA4\P1AA4_0\COM2_ASCII_RS232,7505.Bit0,58e24bbf-154b-4c9e-b92a-f94a80e3c33a,
,HS_PLC_SND,BOOL,HS_PLC_SND,,State_1,State,AC500_PM592_ETH_V2_3\Extension_Bus\CM579_PNIO_A02\CM579_Master\P1AA4\P1AA4_0\COM2_ASCII_RS232,7505.Bit1,58e24bbf-154b-4c9e-b92a-f94a80e3c33a,
,PROCESS_REC,BOOL,PROCESS_REC,,State_1,State,AC500_PM592_ETH_V2_3\Extension_Bus\CM579_PNIO_A02\CM579_Master\P1AA4\P1AA4_0\COM2_ASCII_RS232,7505.Bit2,58e24bbf-154b-4c9e-b92a-f94a80e3c33a,
,PROCESS_SND,BOOL,PROCESS_SND,,State_1,State,AC500_PM592_ETH_V2_3\Extension_Bus\CM579_PNIO_A02\CM579_Master\P1AA4\P1AA4_0\COM2_ASCII_RS232,7505.Bit3,58e24bbf-154b-4c9e-b92a-f94a80e3c33a,
,HS_PLC_CMD,BOOL,HS_PLC_CMD,,State_1,State,AC500_PM592_ETH_V2_3\Extension_Bus\CM579_PNIO_A02\CM579_Master\P1AA4\P1AA4_0\COM2_ASCII_RS232,7505.Bit4,58e24bbf-154b-4c9e-b92a-f94a80e3c33a,
,PROCESS_CMD,BOOL,PROCESS_CMD,,State_1,State,AC500_PM592_ETH_V2_3\Extension_Bus\CM579_PNIO_A02\CM579_Master\P1AA4\P1AA4_0\COM2_ASCII_RS232,7505.Bit5,58e24bbf-154b-4c9e-b92a-f94a80e3c33a,
//Control_1 (AC500_PM592_ETH_V2_3\Extension_Bus\CM579_PNIO_A02\CM579_Master\P1AA4\P1AA4_0\COM2_ASCII_RS232)
,CAP_IN_FRAME,UINT,,,Control_1,Control,AC500_PM592_ETH_V2_3\Extension_Bus\CM579_PNIO_A02\CM579_Master\P1AA4\P1AA4_0\COM2_ASCII_RS232,8500,14ab0a75-f104-4068-a77a-2ed293b5b2ca,
,CAP_IN_NUM,UINT,,,Control_1,Control,AC500_PM592_ETH_V2_3\Extension_Bus\CM579_PNIO_A02\CM579_Master\P1AA4\P1AA4_0\COM2_ASCII_RS232,8501,14ab0a75-f104-4068-a77a-2ed293b5b2ca,
,CAP_OUT_FRAME,UINT,,,Control_1,Control,AC500_PM592_ETH_V2_3\Extension_Bus\CM579_PNIO_A02\CM579_Master\P1AA4\P1AA4_0\COM2_ASCII_RS232,8502,14ab0a75-f104-4068-a77a-2ed293b5b2ca,
,CAP_OUT_NUM,UINT,,,Control_1,Control,AC500_PM592_ETH_V2_3\Extension_Bus\CM579_PNIO_A02\CM579_Master\P1AA4\P1AA4_0\COM2_ASCII_RS232,8503,14ab0a75-f104-4068-a77a-2ed293b5b2ca,
,DATA_LENGTH,UINT,,,Control_1,Control,AC500_PM592_ETH_V2_3\Extension_Bus\CM579_PNIO_A02\CM579_Master\P1AA4\P1AA4_0\COM2_ASCII_RS232,8504,14ab0a75-f104-4068-a77a-2ed293b5b2ca,
,FLAGS,UINT,,,Control_1,Control,AC500_PM592_ETH_V2_3\Extension_Bus\CM579_PNIO_A02\CM579_Master\P1AA4\P1AA4_0\COM2_ASCII_RS232,8505,14ab0a75-f104-4068-a77a-2ed293b5b2ca,
,HS_PLC_REC,BOOL,HS_PLC_REC,,Control_1,Control,AC500_PM592_ETH_V2_3\Extension_Bus\CM579_PNIO_A02\CM579_Master\P1AA4\P1AA4_0\COM2_ASCII_RS232,8505.Bit0,14ab0a75-f104-4068-a77a-2ed293b5b2ca,
,HS_PLC_SND,BOOL,HS_PLC_SND,,Control_1,Control,AC500_PM592_ETH_V2_3\Extension_Bus\CM579_PNIO_A02\CM579_Master\P1AA4\P1AA4_0\COM2_ASCII_RS232,8505.Bit1,14ab0a75-f104-4068-a77a-2ed293b5b2ca,
,PROCESS_REC,BOOL,PROCESS_REC,,Control_1,Control,AC500_PM592_ETH_V2_3\Extension_Bus\CM579_PNIO_A02\CM579_Master\P1AA4\P1AA4_0\COM2_ASCII_RS232,8505.Bit2,14ab0a75-f104-4068-a77a-2ed293b5b2ca,
,PROCESS_SND,BOOL,PROCESS_SND,,Control_1,Control,AC500_PM592_ETH_V2_3\Extension_Bus\CM579_PNIO_A02\CM579_Master\P1AA4\P1AA4_0\COM2_ASCII_RS232,8505.Bit3,14ab0a75-f104-4068-a77a-2ed293b5b2ca,
,HS_PLC_CMD,BOOL,HS_PLC_CMD,,Control_1,Control,AC500_PM592_ETH_V2_3\Extension_Bus\CM579_PNIO_A02\CM579_Master\P1AA4\P1AA4_0\COM2_ASCII_RS232,8505.Bit4,14ab0a75-f104-4068-a77a-2ed293b5b2ca,
,PROCESS_CMD,BOOL,PROCESS_CMD,,Control_1,Control,AC500_PM592_ETH_V2_3\Extension_Bus\CM579_PNIO_A02\CM579_Master\P1AA4\P1AA4_0\COM2_ASCII_RS232,8505.Bit5,14ab0a75-f104-4068-a77a-2ed293b5b2ca,
//P1AA4_1 (AC500_PM592_ETH_V2_3\Extension_Bus\CM579_PNIO_A02\CM579_Master\P1AA4)
,Digital inputs I0 - I31,DWORD,,,P1AA4_1,DI524,AC500_PM592_ETH_V2_3\Extension_Bus\CM579_PNIO_A02\CM579_Master\P1AA4,7000.Typ_DWord,244cbdd2-db4d-411c-b231-c82038a0bd4a,
,Digital inputs I0 - I15,WORD,,,P1AA4_1,DI524,AC500_PM592_ETH_V2_3\Extension_Bus\CM579_PNIO_A02\CM579_Master\P1AA4,7000.Words.Word0,244cbdd2-db4d-411c-b231-c82038a0bd4a,
,Digital inputs I16 - I31,WORD,,,P1AA4_1,DI524,AC500_PM592_ETH_V2_3\Extension_Bus\CM579_PNIO_A02\CM579_Master\P1AA4,7000.Words.Word1,244cbdd2-db4d-411c-b231-c82038a0bd4a,
,Digital inputs I0 - I7,BYTE,,,P1AA4_1,DI524,AC500_PM592_ETH_V2_3\Extension_Bus\CM579_PNIO_A02\CM579_Master\P1AA4,7000.Bytes.Byte0,244cbdd2-db4d-411c-b231-c82038a0bd4a,
iC_ZeroTrimListSkew_P1,Digital input I0,BOOL,-A4_1:1.0  I0 : =P1+A-S5 Zero Trim/List/Skew Command P1,="1.0",P1AA4_1,DI524,AC500_PM592_ETH_V2_3\Extension_Bus\CM579_PNIO_A02\CM579_Master\P1AA4,7000.Bytes.Byte0.Digital_Input_I0,244cbdd2-db4d-411c-b231-c82038a0bd4a,
iTrolleyJoystickZero,Digital input I1,BOOL,-A4_1:1.1  I1 : =P1+K-S1 Joystick Trolley Zero,="1.1",P1AA4_1,DI524,AC500_PM592_ETH_V2_3\Extension_Bus\CM579_PNIO_A02\CM579_Master\P1AA4,7000.Bytes.Byte0.Digital_Input_I1,244cbdd2-db4d-411c-b231-c82038a0bd4a,
iC_SpreaderOff_P1,Digital input I2,BOOL,-A4_1:1.2  I2 : =P1+A-S14 Spreader Off Command P1,="1.2",P1AA4_1,DI524,AC500_PM592_ETH_V2_3\Extension_Bus\CM579_PNIO_A02\CM579_Master\P1AA4,7000.Bytes.Byte0.Digital_Input_I2,244cbdd2-db4d-411c-b231-c82038a0bd4a,
iC_SkewRight_P1,Digital input I3,BOOL,-A4_1:1.3  I3 : =P1+J-S1 Skew Right Command P1,="1.3",P1AA4_1,DI524,AC500_PM592_ETH_V2_3\Extension_Bus\CM579_PNIO_A02\CM579_Master\P1AA4,7000.Bytes.Byte0.Digital_Input_I3,244cbdd2-db4d-411c-b231-c82038a0bd4a,
iC_40Ft_P1,Digital input I4,BOOL,-A4_1:1.4  I4 : =P1+S-S2.3 40 ft. Command P1,="1.4",P1AA4_1,DI524,AC500_PM592_ETH_V2_3\Extension_Bus\CM579_PNIO_A02\CM579_Master\P1AA4,7000.Bytes.Byte0.Digital_Input_I4,244cbdd2-db4d-411c-b231-c82038a0bd4a,
iC_SkewLeft_P1,Digital input I5,BOOL,-A4_1:1.5  I5 : =P1+J-S2 Skew Left Command P1,="1.5",P1AA4_1,DI524,AC500_PM592_ETH_V2_3\Extension_Bus\CM579_PNIO_A02\CM579_Master\P1AA4,7000.Bytes.Byte0.Digital_Input_I5,244cbdd2-db4d-411c-b231-c82038a0bd4a,
iC_20Ft_P1,Digital input I6,BOOL,-A4_1:1.6  I6 : =P1+S-S2.1 20 ft. Command P1,="1.6",P1AA4_1,DI524,AC500_PM592_ETH_V2_3\Extension_Bus\CM579_PNIO_A02\CM579_Master\P1AA4,7000.Bytes.Byte0.Digital_Input_I6,244cbdd2-db4d-411c-b231-c82038a0bd4a,
iSpare_A4_1_I7,Digital input I7,BOOL,-A4_1:1.7  I7 :  Spare Input Prewired,="1.7",P1AA4_1,DI524,AC500_PM592_ETH_V2_3\Extension_Bus\CM579_PNIO_A02\CM579_Master\P1AA4,7000.Bytes.Byte0.Digital_Input_I7,244cbdd2-db4d-411c-b231-c82038a0bd4a,
,Digital inputs I8 - I15,BYTE,,,P1AA4_1,DI524,AC500_PM592_ETH_V2_3\Extension_Bus\CM579_PNIO_A02\CM579_Master\P1AA4,7000.Bytes.Byte1,244cbdd2-db4d-411c-b231-c82038a0bd4a,
iC_TrimRight_P1,Digital input I8,BOOL,-A4_1:2.0  I8 : =P1+T-S1 Trim Right Command P1,="2.0",P1AA4_1,DI524,AC500_PM592_ETH_V2_3\Extension_Bus\CM579_PNIO_A02\CM579_Master\P1AA4,7000.Bytes.Byte1.Digital_Input_I8,244cbdd2-db4d-411c-b231-c82038a0bd4a,
iC_SteerManualAuto_P1,Digital input I9,BOOL,-A4_1:2.1  I9 : =P1+A-S4 Steering Manual Auto Mode Command P1,="2.1",P1AA4_1,DI524,AC500_PM592_ETH_V2_3\Extension_Bus\CM579_PNIO_A02\CM579_Master\P1AA4,7000.Bytes.Byte1.Digital_Input_I9,244cbdd2-db4d-411c-b231-c82038a0bd4a,
iC_TrimLeft_P1,Digital input I10,BOOL,-A4_1:2.2 I10 : =P1+T-S2 Trim Left Command P1,="2.2",P1AA4_1,DI524,AC500_PM592_ETH_V2_3\Extension_Bus\CM579_PNIO_A02\CM579_Master\P1AA4,7000.Bytes.Byte1.Digital_Input_I10,244cbdd2-db4d-411c-b231-c82038a0bd4a,
iC_TravelSteerZeroPos_P1,Digital input I11,BOOL,-A4_1:2.3 I11 : =P1+F-S1-0 Travel Steering Zero Position Command P1,="2.3",P1AA4_1,DI524,AC500_PM592_ETH_V2_3\Extension_Bus\CM579_PNIO_A02\CM579_Master\P1AA4,7000.Bytes.Byte1.Digital_Input_I11,244cbdd2-db4d-411c-b231-c82038a0bd4a,
iC_TravelSteerRev_P1,Digital input I12,BOOL,-A4_1:2.4 I12 : =P1+F-S1-L Travel Steering Reverse Command P1,="2.4",P1AA4_1,DI524,AC500_PM592_ETH_V2_3\Extension_Bus\CM579_PNIO_A02\CM579_Master\P1AA4,7000.Bytes.Byte1.Digital_Input_I12,244cbdd2-db4d-411c-b231-c82038a0bd4a,
iC_TravelSteerFwd_P1,Digital input I13,BOOL,-A4_1:2.5 I13 : =P1+F-S1-R Travel Steering Forward Command P1,="2.5",P1AA4_1,DI524,AC500_PM592_ETH_V2_3\Extension_Bus\CM579_PNIO_A02\CM579_Master\P1AA4,7000.Bytes.Byte1.Digital_Input_I13,244cbdd2-db4d-411c-b231-c82038a0bd4a,
iC_InchingTrolley_P1,Digital input I14,BOOL,-A4_1:2.6 I14 : =P1+A-S10 Inching Trolley Command P1,="2.6",P1AA4_1,DI524,AC500_PM592_ETH_V2_3\Extension_Bus\CM579_PNIO_A02\CM579_Master\P1AA4,7000.Bytes.Byte1.Digital_Input_I14,244cbdd2-db4d-411c-b231-c82038a0bd4a,
iC_45Ft_P1,Digital input I15,BOOL,-A4_1:2.7 I15 : =P1+S-S2.4 45 ft. Command P1,="2.7",P1AA4_1,DI524,AC500_PM592_ETH_V2_3\Extension_Bus\CM579_PNIO_A02\CM579_Master\P1AA4,7000.Bytes.Byte1.Digital_Input_I15,244cbdd2-db4d-411c-b231-c82038a0bd4a,
,Digital inputs I16 - I23,BYTE,,,P1AA4_1,DI524,AC500_PM592_ETH_V2_3\Extension_Bus\CM579_PNIO_A02\CM579_Master\P1AA4,7000.Bytes.Byte2,244cbdd2-db4d-411c-b231-c82038a0bd4a,
iC_30ft_P1,Digital input I16,BOOL,-A4_1:3.0 I16 : =P1+S-S2.2 30 ft. Command P1,="3.0",P1AA4_1,DI524,AC500_PM592_ETH_V2_3\Extension_Bus\CM579_PNIO_A02\CM579_Master\P1AA4,7000.Bytes.Byte2.Digital_Input_I16,244cbdd2-db4d-411c-b231-c82038a0bd4a,
,Digital input I17,BOOL,,="3.1",P1AA4_1,DI524,AC500_PM592_ETH_V2_3\Extension_Bus\CM579_PNIO_A02\CM579_Master\P1AA4,7000.Bytes.Byte2.Digital_Input_I17,244cbdd2-db4d-411c-b231-c82038a0bd4a,
,Digital input I18,BOOL,,="3.2",P1AA4_1,DI524,AC500_PM592_ETH_V2_3\Extension_Bus\CM579_PNIO_A02\CM579_Master\P1AA4,7000.Bytes.Byte2.Digital_Input_I18,244cbdd2-db4d-411c-b231-c82038a0bd4a,
,Digital input I19,BOOL,,="3.3",P1AA4_1,DI524,AC500_PM592_ETH_V2_3\Extension_Bus\CM579_PNIO_A02\CM579_Master\P1AA4,7000.Bytes.Byte2.Digital_Input_I19,244cbdd2-db4d-411c-b231-c82038a0bd4a,
,Digital input I20,BOOL,,="3.4",P1AA4_1,DI524,AC500_PM592_ETH_V2_3\Extension_Bus\CM579_PNIO_A02\CM579_Master\P1AA4,7000.Bytes.Byte2.Digital_Input_I20,244cbdd2-db4d-411c-b231-c82038a0bd4a,
,Digital input I21,BOOL,,="3.5",P1AA4_1,DI524,AC500_PM592_ETH_V2_3\Extension_Bus\CM579_PNIO_A02\CM579_Master\P1AA4,7000.Bytes.Byte2.Digital_Input_I21,244cbdd2-db4d-411c-b231-c82038a0bd4a,
,Digital input I22,BOOL,,="3.6",P1AA4_1,DI524,AC500_PM592_ETH_V2_3\Extension_Bus\CM579_PNIO_A02\CM579_Master\P1AA4,7000.Bytes.Byte2.Digital_Input_I22,244cbdd2-db4d-411c-b231-c82038a0bd4a,
,Digital input I23,BOOL,,="3.7",P1AA4_1,DI524,AC500_PM592_ETH_V2_3\Extension_Bus\CM579_PNIO_A02\CM579_Master\P1AA4,7000.Bytes.Byte2.Digital_Input_I23,244cbdd2-db4d-411c-b231-c82038a0bd4a,
,Digital inputs I24 - I31,BYTE,,,P1AA4_1,DI524,AC500_PM592_ETH_V2_3\Extension_Bus\CM579_PNIO_A02\CM579_Master\P1AA4,7000.Bytes.Byte3,244cbdd2-db4d-411c-b231-c82038a0bd4a,
,Digital input I24,BOOL,,="4.0",P1AA4_1,DI524,AC500_PM592_ETH_V2_3\Extension_Bus\CM579_PNIO_A02\CM579_Master\P1AA4,7000.Bytes.Byte3.Digital_Input_I24,244cbdd2-db4d-411c-b231-c82038a0bd4a,
,Digital input I25,BOOL,,="4.1",P1AA4_1,DI524,AC500_PM592_ETH_V2_3\Extension_Bus\CM579_PNIO_A02\CM579_Master\P1AA4,7000.Bytes.Byte3.Digital_Input_I25,244cbdd2-db4d-411c-b231-c82038a0bd4a,
,Digital input I26,BOOL,,="4.2",P1AA4_1,DI524,AC500_PM592_ETH_V2_3\Extension_Bus\CM579_PNIO_A02\CM579_Master\P1AA4,7000.Bytes.Byte3.Digital_Input_I26,244cbdd2-db4d-411c-b231-c82038a0bd4a,
,Digital input I27,BOOL,,="4.3",P1AA4_1,DI524,AC500_PM592_ETH_V2_3\Extension_Bus\CM579_PNIO_A02\CM579_Master\P1AA4,7000.Bytes.Byte3.Digital_Input_I27,244cbdd2-db4d-411c-b231-c82038a0bd4a,
,Digital input I28,BOOL,,="4.4",P1AA4_1,DI524,AC500_PM592_ETH_V2_3\Extension_Bus\CM579_PNIO_A02\CM579_Master\P1AA4,7000.Bytes.Byte3.Digital_Input_I28,244cbdd2-db4d-411c-b231-c82038a0bd4a,
,Digital input I29,BOOL,,="4.5",P1AA4_1,DI524,AC500_PM592_ETH_V2_3\Extension_Bus\CM579_PNIO_A02\CM579_Master\P1AA4,7000.Bytes.Byte3.Digital_Input_I29,244cbdd2-db4d-411c-b231-c82038a0bd4a,
,Digital input I30,BOOL,,="4.6",P1AA4_1,DI524,AC500_PM592_ETH_V2_3\Extension_Bus\CM579_PNIO_A02\CM579_Master\P1AA4,7000.Bytes.Byte3.Digital_Input_I30,244cbdd2-db4d-411c-b231-c82038a0bd4a,
,Digital input I31,BOOL,,="4.7",P1AA4_1,DI524,AC500_PM592_ETH_V2_3\Extension_Bus\CM579_PNIO_A02\CM579_Master\P1AA4,7000.Bytes.Byte3.Digital_Input_I31,244cbdd2-db4d-411c-b231-c82038a0bd4a,
//P1AA4_2 (AC500_PM592_ETH_V2_3\Extension_Bus\CM579_PNIO_A02\CM579_Master\P1AA4)
,Digital inputs C0 - C15,WORD,,,P1AA4_2,DC522,AC500_PM592_ETH_V2_3\Extension_Bus\CM579_PNIO_A02\CM579_Master\P1AA4,7000.Typ_Word,bae99f2e-d0c1-4099-a11b-e18d7c9a9dc7,
,Digital inputs C0 - C7,BYTE,,,P1AA4_2,DC522,AC500_PM592_ETH_V2_3\Extension_Bus\CM579_PNIO_A02\CM579_Master\P1AA4,7000.Bytes.Byte0,bae99f2e-d0c1-4099-a11b-e18d7c9a9dc7,
,Digital input C0,BOOL,,="2.0",P1AA4_2,DC522,AC500_PM592_ETH_V2_3\Extension_Bus\CM579_PNIO_A02\CM579_Master\P1AA4,7000.Bytes.Byte0.Digital_Input_C0,bae99f2e-d0c1-4099-a11b-e18d7c9a9dc7,
,Digital input C1,BOOL,,="2.1",P1AA4_2,DC522,AC500_PM592_ETH_V2_3\Extension_Bus\CM579_PNIO_A02\CM579_Master\P1AA4,7000.Bytes.Byte0.Digital_Input_C1,bae99f2e-d0c1-4099-a11b-e18d7c9a9dc7,
,Digital input C2,BOOL,,="2.2",P1AA4_2,DC522,AC500_PM592_ETH_V2_3\Extension_Bus\CM579_PNIO_A02\CM579_Master\P1AA4,7000.Bytes.Byte0.Digital_Input_C2,bae99f2e-d0c1-4099-a11b-e18d7c9a9dc7,
,Digital input C3,BOOL,,="2.3",P1AA4_2,DC522,AC500_PM592_ETH_V2_3\Extension_Bus\CM579_PNIO_A02\CM579_Master\P1AA4,7000.Bytes.Byte0.Digital_Input_C3,bae99f2e-d0c1-4099-a11b-e18d7c9a9dc7,
,Digital input C4,BOOL,,="2.4",P1AA4_2,DC522,AC500_PM592_ETH_V2_3\Extension_Bus\CM579_PNIO_A02\CM579_Master\P1AA4,7000.Bytes.Byte0.Digital_Input_C4,bae99f2e-d0c1-4099-a11b-e18d7c9a9dc7,
,Digital input C5,BOOL,,="2.5",P1AA4_2,DC522,AC500_PM592_ETH_V2_3\Extension_Bus\CM579_PNIO_A02\CM579_Master\P1AA4,7000.Bytes.Byte0.Digital_Input_C5,bae99f2e-d0c1-4099-a11b-e18d7c9a9dc7,
,Digital input C6,BOOL,,="2.6",P1AA4_2,DC522,AC500_PM592_ETH_V2_3\Extension_Bus\CM579_PNIO_A02\CM579_Master\P1AA4,7000.Bytes.Byte0.Digital_Input_C6,bae99f2e-d0c1-4099-a11b-e18d7c9a9dc7,
,Digital input C7,BOOL,,="2.7",P1AA4_2,DC522,AC500_PM592_ETH_V2_3\Extension_Bus\CM579_PNIO_A02\CM579_Master\P1AA4,7000.Bytes.Byte0.Digital_Input_C7,bae99f2e-d0c1-4099-a11b-e18d7c9a9dc7,
,Digital inputs C8 - C15,BYTE,,,P1AA4_2,DC522,AC500_PM592_ETH_V2_3\Extension_Bus\CM579_PNIO_A02\CM579_Master\P1AA4,7000.Bytes.Byte1,bae99f2e-d0c1-4099-a11b-e18d7c9a9dc7,
,Digital input C8,BOOL,,="4.0",P1AA4_2,DC522,AC500_PM592_ETH_V2_3\Extension_Bus\CM579_PNIO_A02\CM579_Master\P1AA4,7000.Bytes.Byte1.Digital_Input_C8,bae99f2e-d0c1-4099-a11b-e18d7c9a9dc7,
,Digital input C9,BOOL,,="4.1",P1AA4_2,DC522,AC500_PM592_ETH_V2_3\Extension_Bus\CM579_PNIO_A02\CM579_Master\P1AA4,7000.Bytes.Byte1.Digital_Input_C9,bae99f2e-d0c1-4099-a11b-e18d7c9a9dc7,
,Digital input C10,BOOL,,="4.2",P1AA4_2,DC522,AC500_PM592_ETH_V2_3\Extension_Bus\CM579_PNIO_A02\CM579_Master\P1AA4,7000.Bytes.Byte1.Digital_Input_C10,bae99f2e-d0c1-4099-a11b-e18d7c9a9dc7,
,Digital input C11,BOOL,,="4.3",P1AA4_2,DC522,AC500_PM592_ETH_V2_3\Extension_Bus\CM579_PNIO_A02\CM579_Master\P1AA4,7000.Bytes.Byte1.Digital_Input_C11,bae99f2e-d0c1-4099-a11b-e18d7c9a9dc7,
,Digital input C12,BOOL,,="4.4",P1AA4_2,DC522,AC500_PM592_ETH_V2_3\Extension_Bus\CM579_PNIO_A02\CM579_Master\P1AA4,7000.Bytes.Byte1.Digital_Input_C12,bae99f2e-d0c1-4099-a11b-e18d7c9a9dc7,
,Digital input C13,BOOL,,="4.5",P1AA4_2,DC522,AC500_PM592_ETH_V2_3\Extension_Bus\CM579_PNIO_A02\CM579_Master\P1AA4,7000.Bytes.Byte1.Digital_Input_C13,bae99f2e-d0c1-4099-a11b-e18d7c9a9dc7,
,Digital input C14,BOOL,,="4.6",P1AA4_2,DC522,AC500_PM592_ETH_V2_3\Extension_Bus\CM579_PNIO_A02\CM579_Master\P1AA4,7000.Bytes.Byte1.Digital_Input_C14,bae99f2e-d0c1-4099-a11b-e18d7c9a9dc7,
,Digital input C15,BOOL,,="4.7",P1AA4_2,DC522,AC500_PM592_ETH_V2_3\Extension_Bus\CM579_PNIO_A02\CM579_Master\P1AA4,7000.Bytes.Byte1.Digital_Input_C15,bae99f2e-d0c1-4099-a11b-e18d7c9a9dc7,
,Digital outputs C0 - C15,WORD,,,P1AA4_2,DC522,AC500_PM592_ETH_V2_3\Extension_Bus\CM579_PNIO_A02\CM579_Master\P1AA4,7001.Typ_Word,bae99f2e-d0c1-4099-a11b-e18d7c9a9dc7,
,Digital outputs C0 - C7,BYTE,,,P1AA4_2,DC522,AC500_PM592_ETH_V2_3\Extension_Bus\CM579_PNIO_A02\CM579_Master\P1AA4,7001.Bytes.Byte0,bae99f2e-d0c1-4099-a11b-e18d7c9a9dc7,
qH_AutoSteerZone_P1,Digital output C0,BOOL,-A4_2:2.0 C0 : =P1+S-H10 Auto Steer Zone Lamp P1,="2.0",P1AA4_2,DC522,AC500_PM592_ETH_V2_3\Extension_Bus\CM579_PNIO_A02\CM579_Master\P1AA4,7001.Bytes.Byte0.Digital_Output_C0,bae99f2e-d0c1-4099-a11b-e18d7c9a9dc7,
qH_TrimListSkewZero_P1,Digital output C1,BOOL,-A4_2:2.1 C1 : =P1+T-H1 Trim List Skew Zero Lamp P1,="2.1",P1AA4_2,DC522,AC500_PM592_ETH_V2_3\Extension_Bus\CM579_PNIO_A02\CM579_Master\P1AA4,7001.Bytes.Byte0.Digital_Output_C1,bae99f2e-d0c1-4099-a11b-e18d7c9a9dc7,
,Digital output C2,BOOL,,="2.2",P1AA4_2,DC522,AC500_PM592_ETH_V2_3\Extension_Bus\CM579_PNIO_A02\CM579_Master\P1AA4,7001.Bytes.Byte0.Digital_Output_C2,bae99f2e-d0c1-4099-a11b-e18d7c9a9dc7,
qH_CraneOn_P1,Digital output C3,BOOL,-A4_2:2.3 C3 : =P1+A-H1 Crane On Lamp P1,="2.3",P1AA4_2,DC522,AC500_PM592_ETH_V2_3\Extension_Bus\CM579_PNIO_A02\CM579_Master\P1AA4,7001.Bytes.Byte0.Digital_Output_C3,bae99f2e-d0c1-4099-a11b-e18d7c9a9dc7,
qH_FaultReset_P1,Digital output C4,BOOL,-A4_2:2.4 C4 : =P1+A-H18 Fault Reset Lamp P1,="2.4",P1AA4_2,DC522,AC500_PM592_ETH_V2_3\Extension_Bus\CM579_PNIO_A02\CM579_Master\P1AA4,7001.Bytes.Byte0.Digital_Output_C4,bae99f2e-d0c1-4099-a11b-e18d7c9a9dc7,
qH_DriverBypass_P1,Digital output C5,BOOL,-A4_2:2.5 C5 : =P1+A-H19 Driver Bypass Lamp P1,="2.5",P1AA4_2,DC522,AC500_PM592_ETH_V2_3\Extension_Bus\CM579_PNIO_A02\CM579_Master\P1AA4,7001.Bytes.Byte0.Digital_Output_C5,bae99f2e-d0c1-4099-a11b-e18d7c9a9dc7,
qH_DieselOn_P1,Digital output C6,BOOL,-A4_2:2.6 C6 : =P1+A-H11 Diesel On Lamp P1,="2.6",P1AA4_2,DC522,AC500_PM592_ETH_V2_3\Extension_Bus\CM579_PNIO_A02\CM579_Master\P1AA4,7001.Bytes.Byte0.Digital_Output_C6,bae99f2e-d0c1-4099-a11b-e18d7c9a9dc7,
,Digital output C7,BOOL,,="2.7",P1AA4_2,DC522,AC500_PM592_ETH_V2_3\Extension_Bus\CM579_PNIO_A02\CM579_Master\P1AA4,7001.Bytes.Byte0.Digital_Output_C7,bae99f2e-d0c1-4099-a11b-e18d7c9a9dc7,
,Digital outputs C8 - C15,BYTE,,,P1AA4_2,DC522,AC500_PM592_ETH_V2_3\Extension_Bus\CM579_PNIO_A02\CM579_Master\P1AA4,7001.Bytes.Byte1,bae99f2e-d0c1-4099-a11b-e18d7c9a9dc7,
qH_AudioAlarm_P1,Digital output C8,BOOL,-A4_2:4.0 C8 : =P1+A-H17 Audio Alarm P1,="4.0",P1AA4_2,DC522,AC500_PM592_ETH_V2_3\Extension_Bus\CM579_PNIO_A02\CM579_Master\P1AA4,7001.Bytes.Byte1.Digital_Output_C8,bae99f2e-d0c1-4099-a11b-e18d7c9a9dc7,
,Digital output C9,BOOL,,="4.1",P1AA4_2,DC522,AC500_PM592_ETH_V2_3\Extension_Bus\CM579_PNIO_A02\CM579_Master\P1AA4,7001.Bytes.Byte1.Digital_Output_C9,bae99f2e-d0c1-4099-a11b-e18d7c9a9dc7,
,Digital output C10,BOOL,,="4.2",P1AA4_2,DC522,AC500_PM592_ETH_V2_3\Extension_Bus\CM579_PNIO_A02\CM579_Master\P1AA4,7001.Bytes.Byte1.Digital_Output_C10,bae99f2e-d0c1-4099-a11b-e18d7c9a9dc7,
,Digital output C11,BOOL,,="4.3",P1AA4_2,DC522,AC500_PM592_ETH_V2_3\Extension_Bus\CM579_PNIO_A02\CM579_Master\P1AA4,7001.Bytes.Byte1.Digital_Output_C11,bae99f2e-d0c1-4099-a11b-e18d7c9a9dc7,
,Digital output C12,BOOL,,="4.4",P1AA4_2,DC522,AC500_PM592_ETH_V2_3\Extension_Bus\CM579_PNIO_A02\CM579_Master\P1AA4,7001.Bytes.Byte1.Digital_Output_C12,bae99f2e-d0c1-4099-a11b-e18d7c9a9dc7,
,Digital output C13,BOOL,,="4.5",P1AA4_2,DC522,AC500_PM592_ETH_V2_3\Extension_Bus\CM579_PNIO_A02\CM579_Master\P1AA4,7001.Bytes.Byte1.Digital_Output_C13,bae99f2e-d0c1-4099-a11b-e18d7c9a9dc7,
,Digital output C14,BOOL,,="4.6",P1AA4_2,DC522,AC500_PM592_ETH_V2_3\Extension_Bus\CM579_PNIO_A02\CM579_Master\P1AA4,7001.Bytes.Byte1.Digital_Output_C14,bae99f2e-d0c1-4099-a11b-e18d7c9a9dc7,
,Digital output C15,BOOL,,="4.7",P1AA4_2,DC522,AC500_PM592_ETH_V2_3\Extension_Bus\CM579_PNIO_A02\CM579_Master\P1AA4,7001.Bytes.Byte1.Digital_Output_C15,bae99f2e-d0c1-4099-a11b-e18d7c9a9dc7,
//P1AA5_0 (AC500_PM592_ETH_V2_3\Extension_Bus\CM579_PNIO_A02\CM579_Master\P1AA5)
,Analog input AI0+,INT,,="1.0",P1AA5_0,CI501-IO,AC500_PM592_ETH_V2_3\Extension_Bus\CM579_PNIO_A02\CM579_Master\P1AA5,7500,9a5a4c91-8cab-48ec-a433-304a9a322bbc,
,Analog input AI1+,INT,,="1.1",P1AA5_0,CI501-IO,AC500_PM592_ETH_V2_3\Extension_Bus\CM579_PNIO_A02\CM579_Master\P1AA5,7501,9a5a4c91-8cab-48ec-a433-304a9a322bbc,
,Analog input AI2+,INT,,="1.2",P1AA5_0,CI501-IO,AC500_PM592_ETH_V2_3\Extension_Bus\CM579_PNIO_A02\CM579_Master\P1AA5,7502,9a5a4c91-8cab-48ec-a433-304a9a322bbc,
,Analog input AI3+,INT,,="1.3",P1AA5_0,CI501-IO,AC500_PM592_ETH_V2_3\Extension_Bus\CM579_PNIO_A02\CM579_Master\P1AA5,7503,9a5a4c91-8cab-48ec-a433-304a9a322bbc,
,Digital inputs DI0 - DI7,BYTE,,,P1AA5_0,CI501-IO,AC500_PM592_ETH_V2_3\Extension_Bus\CM579_PNIO_A02\CM579_Master\P1AA5,7000,9a5a4c91-8cab-48ec-a433-304a9a322bbc,
,Digital input DI0,BOOL,Input 0,="2.0",P1AA5_0,CI501-IO,AC500_PM592_ETH_V2_3\Extension_Bus\CM579_PNIO_A02\CM579_Master\P1AA5,7000.Digital_Input_DI0,9a5a4c91-8cab-48ec-a433-304a9a322bbc,
,Digital input DI1,BOOL,Input 1,="2.1",P1AA5_0,CI501-IO,AC500_PM592_ETH_V2_3\Extension_Bus\CM579_PNIO_A02\CM579_Master\P1AA5,7000.Digital_Input_DI1,9a5a4c91-8cab-48ec-a433-304a9a322bbc,
,Digital input DI2,BOOL,Input 2,="2.2",P1AA5_0,CI501-IO,AC500_PM592_ETH_V2_3\Extension_Bus\CM579_PNIO_A02\CM579_Master\P1AA5,7000.Digital_Input_DI2,9a5a4c91-8cab-48ec-a433-304a9a322bbc,
,Digital input DI3,BOOL,Input 3,="2.3",P1AA5_0,CI501-IO,AC500_PM592_ETH_V2_3\Extension_Bus\CM579_PNIO_A02\CM579_Master\P1AA5,7000.Digital_Input_DI3,9a5a4c91-8cab-48ec-a433-304a9a322bbc,
,Digital input DI4,BOOL,Input 4,="2.4",P1AA5_0,CI501-IO,AC500_PM592_ETH_V2_3\Extension_Bus\CM579_PNIO_A02\CM579_Master\P1AA5,7000.Digital_Input_DI4,9a5a4c91-8cab-48ec-a433-304a9a322bbc,
,Digital input DI5,BOOL,Input 5,="2.5",P1AA5_0,CI501-IO,AC500_PM592_ETH_V2_3\Extension_Bus\CM579_PNIO_A02\CM579_Master\P1AA5,7000.Digital_Input_DI5,9a5a4c91-8cab-48ec-a433-304a9a322bbc,
,Digital input DI6,BOOL,Input 6,="2.6",P1AA5_0,CI501-IO,AC500_PM592_ETH_V2_3\Extension_Bus\CM579_PNIO_A02\CM579_Master\P1AA5,7000.Digital_Input_DI6,9a5a4c91-8cab-48ec-a433-304a9a322bbc,
,Digital input DI7,BOOL,Input 7,="2.7",P1AA5_0,CI501-IO,AC500_PM592_ETH_V2_3\Extension_Bus\CM579_PNIO_A02\CM579_Master\P1AA5,7000.Digital_Input_DI7,9a5a4c91-8cab-48ec-a433-304a9a322bbc,
,Analog output AO0+,INT,,="1.5",P1AA5_0,CI501-IO,AC500_PM592_ETH_V2_3\Extension_Bus\CM579_PNIO_A02\CM579_Master\P1AA5,8500,9a5a4c91-8cab-48ec-a433-304a9a322bbc,
,Analog output AO1+,INT,,="1.6",P1AA5_0,CI501-IO,AC500_PM592_ETH_V2_3\Extension_Bus\CM579_PNIO_A02\CM579_Master\P1AA5,8501,9a5a4c91-8cab-48ec-a433-304a9a322bbc,
,Digital outputs DO0 - DO7,BYTE,,,P1AA5_0,CI501-IO,AC500_PM592_ETH_V2_3\Extension_Bus\CM579_PNIO_A02\CM579_Master\P1AA5,8000,9a5a4c91-8cab-48ec-a433-304a9a322bbc,
,Digital output DO0,BOOL,Output 0,="3.0",P1AA5_0,CI501-IO,AC500_PM592_ETH_V2_3\Extension_Bus\CM579_PNIO_A02\CM579_Master\P1AA5,8000.Digital_Output_DO0,9a5a4c91-8cab-48ec-a433-304a9a322bbc,
,Digital output DO1,BOOL,Output 1,="3.1",P1AA5_0,CI501-IO,AC500_PM592_ETH_V2_3\Extension_Bus\CM579_PNIO_A02\CM579_Master\P1AA5,8000.Digital_Output_DO1,9a5a4c91-8cab-48ec-a433-304a9a322bbc,
,Digital output DO2,BOOL,Output 2,="3.2",P1AA5_0,CI501-IO,AC500_PM592_ETH_V2_3\Extension_Bus\CM579_PNIO_A02\CM579_Master\P1AA5,8000.Digital_Output_DO2,9a5a4c91-8cab-48ec-a433-304a9a322bbc,
,Digital output DO3,BOOL,Output 3,="3.3",P1AA5_0,CI501-IO,AC500_PM592_ETH_V2_3\Extension_Bus\CM579_PNIO_A02\CM579_Master\P1AA5,8000.Digital_Output_DO3,9a5a4c91-8cab-48ec-a433-304a9a322bbc,
,Digital output DO4,BOOL,Output 4,="3.4",P1AA5_0,CI501-IO,AC500_PM592_ETH_V2_3\Extension_Bus\CM579_PNIO_A02\CM579_Master\P1AA5,8000.Digital_Output_DO4,9a5a4c91-8cab-48ec-a433-304a9a322bbc,
,Digital output DO5,BOOL,Output 5,="3.5",P1AA5_0,CI501-IO,AC500_PM592_ETH_V2_3\Extension_Bus\CM579_PNIO_A02\CM579_Master\P1AA5,8000.Digital_Output_DO5,9a5a4c91-8cab-48ec-a433-304a9a322bbc,
,Digital output DO6,BOOL,Output 6,="3.6",P1AA5_0,CI501-IO,AC500_PM592_ETH_V2_3\Extension_Bus\CM579_PNIO_A02\CM579_Master\P1AA5,8000.Digital_Output_DO6,9a5a4c91-8cab-48ec-a433-304a9a322bbc,
,Digital output DO7,BOOL,Output 7,="3.7",P1AA5_0,CI501-IO,AC500_PM592_ETH_V2_3\Extension_Bus\CM579_PNIO_A02\CM579_Master\P1AA5,8000.Digital_Output_DO7,9a5a4c91-8cab-48ec-a433-304a9a322bbc,
//P1AA5_1 (AC500_PM592_ETH_V2_3\Extension_Bus\CM579_PNIO_A02\CM579_Master\P1AA5)
,Digital inputs I0 - I31,DWORD,,,P1AA5_1,DI524,AC500_PM592_ETH_V2_3\Extension_Bus\CM579_PNIO_A02\CM579_Master\P1AA5,7000.Typ_DWord,b319fa24-5b9a-4547-be1b-ea54ec2256c8,
,Digital inputs I0 - I15,WORD,,,P1AA5_1,DI524,AC500_PM592_ETH_V2_3\Extension_Bus\CM579_PNIO_A02\CM579_Master\P1AA5,7000.Words.Word0,b319fa24-5b9a-4547-be1b-ea54ec2256c8,
,Digital inputs I16 - I31,WORD,,,P1AA5_1,DI524,AC500_PM592_ETH_V2_3\Extension_Bus\CM579_PNIO_A02\CM579_Master\P1AA5,7000.Words.Word1,b319fa24-5b9a-4547-be1b-ea54ec2256c8,
,Digital inputs I0 - I7,BYTE,,,P1AA5_1,DI524,AC500_PM592_ETH_V2_3\Extension_Bus\CM579_PNIO_A02\CM579_Master\P1AA5,7000.Bytes.Byte0,b319fa24-5b9a-4547-be1b-ea54ec2256c8,
iC_TL_Unlock_P1,Digital input I0,BOOL,-A5_1:1.0  I0 : =P1+S-S1.1 Twistlock Unlock Command P1,="1.0",P1AA5_1,DI524,AC500_PM592_ETH_V2_3\Extension_Bus\CM579_PNIO_A02\CM579_Master\P1AA5,7000.Bytes.Byte0.Digital_Input_I0,b319fa24-5b9a-4547-be1b-ea54ec2256c8,
iC_TL_Lock_P1,Digital input I1,BOOL,-A5_1:1.1  I1 : =P1+S-S1.2 Twistlock Lock Command P1,="1.1",P1AA5_1,DI524,AC500_PM592_ETH_V2_3\Extension_Bus\CM579_PNIO_A02\CM579_Master\P1AA5,7000.Bytes.Byte0.Digital_Input_I1,b319fa24-5b9a-4547-be1b-ea54ec2256c8,
iEStop_P1,Digital input I2,BOOL,-A5_1:1.2  I2 : =P1+A-S12 E-Stop P1,="1.2",P1AA5_1,DI524,AC500_PM592_ETH_V2_3\Extension_Bus\CM579_PNIO_A02\CM579_Master\P1AA5,7000.Bytes.Byte0.Digital_Input_I2,b319fa24-5b9a-4547-be1b-ea54ec2256c8,
iC_Reset_P1,Digital input I3,BOOL,-A5_1:1.3  I3 : =P1+A-S18 Reset Command P1,="1.3",P1AA5_1,DI524,AC500_PM592_ETH_V2_3\Extension_Bus\CM579_PNIO_A02\CM579_Master\P1AA5,7000.Bytes.Byte0.Digital_Input_I3,b319fa24-5b9a-4547-be1b-ea54ec2256c8,
iJoystickReverse,Digital input I4,BOOL,-A5_1:1.4  I4 : =P1+K-D1-L Joystick Reverse,="1.4",P1AA5_1,DI524,AC500_PM592_ETH_V2_3\Extension_Bus\CM579_PNIO_A02\CM579_Master\P1AA5,7000.Bytes.Byte0.Digital_Input_I4,b319fa24-5b9a-4547-be1b-ea54ec2256c8,
iC_InchingTravel_P1,Digital input I5,BOOL,-A5_1:1.5  I5 : =P1+A-S24 Inching Travel Command P1,="1.5",P1AA5_1,DI524,AC500_PM592_ETH_V2_3\Extension_Bus\CM579_PNIO_A02\CM579_Master\P1AA5,7000.Bytes.Byte0.Digital_Input_I5,b319fa24-5b9a-4547-be1b-ea54ec2256c8,
,Digital input I6,BOOL,,="1.6",P1AA5_1,DI524,AC500_PM592_ETH_V2_3\Extension_Bus\CM579_PNIO_A02\CM579_Master\P1AA5,7000.Bytes.Byte0.Digital_Input_I6,b319fa24-5b9a-4547-be1b-ea54ec2256c8,
iJoystickForward,Digital input I7,BOOL,-A5_1:1.7  I7 : =P1+K-D1-R Joystick Forward,="1.7",P1AA5_1,DI524,AC500_PM592_ETH_V2_3\Extension_Bus\CM579_PNIO_A02\CM579_Master\P1AA5,7000.Bytes.Byte0.Digital_Input_I7,b319fa24-5b9a-4547-be1b-ea54ec2256c8,
,Digital inputs I8 - I15,BYTE,,,P1AA5_1,DI524,AC500_PM592_ETH_V2_3\Extension_Bus\CM579_PNIO_A02\CM579_Master\P1AA5,7000.Bytes.Byte1,b319fa24-5b9a-4547-be1b-ea54ec2256c8,
iTravelJoystickZero,Digital input I8,BOOL,-A5_1:2.0  I8 : =P1+F-S1 Joystick Travel Zero,="2.0",P1AA5_1,DI524,AC500_PM592_ETH_V2_3\Extension_Bus\CM579_PNIO_A02\CM579_Master\P1AA5,7000.Bytes.Byte1.Digital_Input_I8,b319fa24-5b9a-4547-be1b-ea54ec2256c8,
iJoystickRight,Digital input I9,BOOL,-A5_1:2.1  I9 : =P1+F-D1-R Joystick Right,="2.1",P1AA5_1,DI524,AC500_PM592_ETH_V2_3\Extension_Bus\CM579_PNIO_A02\CM579_Master\P1AA5,7000.Bytes.Byte1.Digital_Input_I9,b319fa24-5b9a-4547-be1b-ea54ec2256c8,
iC_CraneOn_NO_P1,Digital input I10,BOOL,-A5_1:2.2 I10 : =P1+A-S1 Crane On (N/O) Command P1,="2.2",P1AA5_1,DI524,AC500_PM592_ETH_V2_3\Extension_Bus\CM579_PNIO_A02\CM579_Master\P1AA5,7000.Bytes.Byte1.Digital_Input_I10,b319fa24-5b9a-4547-be1b-ea54ec2256c8,
iJoystickLeft,Digital input I11,BOOL,-A5_1:2.3 I11 : =P1+F-D1-L Joystick Left,="2.3",P1AA5_1,DI524,AC500_PM592_ETH_V2_3\Extension_Bus\CM579_PNIO_A02\CM579_Master\P1AA5,7000.Bytes.Byte1.Digital_Input_I11,b319fa24-5b9a-4547-be1b-ea54ec2256c8,
iC_CraneOn_NC_P1,Digital input I12,BOOL,-A5_1:2.4 I12 : =P1+A-S1 Crane On (N/C) Command P1,="2.4",P1AA5_1,DI524,AC500_PM592_ETH_V2_3\Extension_Bus\CM579_PNIO_A02\CM579_Master\P1AA5,7000.Bytes.Byte1.Digital_Input_I12,b319fa24-5b9a-4547-be1b-ea54ec2256c8,
iC_Horn_P1,Digital input I13,BOOL,-A5_1:2.5 I13 : =P1+A-S19 Signal Horn Command P1,="2.5",P1AA5_1,DI524,AC500_PM592_ETH_V2_3\Extension_Bus\CM579_PNIO_A02\CM579_Master\P1AA5,7000.Bytes.Byte1.Digital_Input_I13,b319fa24-5b9a-4547-be1b-ea54ec2256c8,
iJoystickLower,Digital input I14,BOOL,-A5_1:2.6 I14 : =P1+H-D1-L Joystick Lower,="2.6",P1AA5_1,DI524,AC500_PM592_ETH_V2_3\Extension_Bus\CM579_PNIO_A02\CM579_Master\P1AA5,7000.Bytes.Byte1.Digital_Input_I14,b319fa24-5b9a-4547-be1b-ea54ec2256c8,
iC_CraneOffOn_P1,Digital input I15,BOOL,-A5_1:2.7 I15 : =P1+A-S2 Crane Off/On Command P1,="2.7",P1AA5_1,DI524,AC500_PM592_ETH_V2_3\Extension_Bus\CM579_PNIO_A02\CM579_Master\P1AA5,7000.Bytes.Byte1.Digital_Input_I15,b319fa24-5b9a-4547-be1b-ea54ec2256c8,
,Digital inputs I16 - I23,BYTE,,,P1AA5_1,DI524,AC500_PM592_ETH_V2_3\Extension_Bus\CM579_PNIO_A02\CM579_Master\P1AA5,7000.Bytes.Byte2,b319fa24-5b9a-4547-be1b-ea54ec2256c8,
iLS_DriverSeat_P1,Digital input I16,BOOL,-A5_1:3.0 I16 : =P1+A-S26 Driver Seat P1 Limitswitch,="3.0",P1AA5_1,DI524,AC500_PM592_ETH_V2_3\Extension_Bus\CM579_PNIO_A02\CM579_Master\P1AA5,7000.Bytes.Byte2.Digital_Input_I16,b319fa24-5b9a-4547-be1b-ea54ec2256c8,
iJoystickHoist,Digital input I17,BOOL,-A5_1:3.1 I17 : =P1+H-D1-R JOYSTICK HOIST,="3.1",P1AA5_1,DI524,AC500_PM592_ETH_V2_3\Extension_Bus\CM579_PNIO_A02\CM579_Master\P1AA5,7000.Bytes.Byte2.Digital_Input_I17,b319fa24-5b9a-4547-be1b-ea54ec2256c8,
iHoistJoystickZero,Digital input I18,BOOL,-A5_1:3.2 I18 : =P1+H-S1 Joystick Hoist Zero,="3.2",P1AA5_1,DI524,AC500_PM592_ETH_V2_3\Extension_Bus\CM579_PNIO_A02\CM579_Master\P1AA5,7000.Bytes.Byte2.Digital_Input_I18,b319fa24-5b9a-4547-be1b-ea54ec2256c8,
iC_DriverBypass_P1,Digital input I19,BOOL,-A5_1:3.3 I19 : =P1+A-S25 Driver Bypass Command P1,="3.3",P1AA5_1,DI524,AC500_PM592_ETH_V2_3\Extension_Bus\CM579_PNIO_A02\CM579_Master\P1AA5,7000.Bytes.Byte2.Digital_Input_I19,b319fa24-5b9a-4547-be1b-ea54ec2256c8,
,Digital input I20,BOOL,,="3.4",P1AA5_1,DI524,AC500_PM592_ETH_V2_3\Extension_Bus\CM579_PNIO_A02\CM579_Master\P1AA5,7000.Bytes.Byte2.Digital_Input_I20,b319fa24-5b9a-4547-be1b-ea54ec2256c8,
,Digital input I21,BOOL,,="3.5",P1AA5_1,DI524,AC500_PM592_ETH_V2_3\Extension_Bus\CM579_PNIO_A02\CM579_Master\P1AA5,7000.Bytes.Byte2.Digital_Input_I21,b319fa24-5b9a-4547-be1b-ea54ec2256c8,
,Digital input I22,BOOL,,="3.6",P1AA5_1,DI524,AC500_PM592_ETH_V2_3\Extension_Bus\CM579_PNIO_A02\CM579_Master\P1AA5,7000.Bytes.Byte2.Digital_Input_I22,b319fa24-5b9a-4547-be1b-ea54ec2256c8,
,Digital input I23,BOOL,,="3.7",P1AA5_1,DI524,AC500_PM592_ETH_V2_3\Extension_Bus\CM579_PNIO_A02\CM579_Master\P1AA5,7000.Bytes.Byte2.Digital_Input_I23,b319fa24-5b9a-4547-be1b-ea54ec2256c8,
,Digital inputs I24 - I31,BYTE,,,P1AA5_1,DI524,AC500_PM592_ETH_V2_3\Extension_Bus\CM579_PNIO_A02\CM579_Master\P1AA5,7000.Bytes.Byte3,b319fa24-5b9a-4547-be1b-ea54ec2256c8,
,Digital input I24,BOOL,,="4.0",P1AA5_1,DI524,AC500_PM592_ETH_V2_3\Extension_Bus\CM579_PNIO_A02\CM579_Master\P1AA5,7000.Bytes.Byte3.Digital_Input_I24,b319fa24-5b9a-4547-be1b-ea54ec2256c8,
,Digital input I25,BOOL,,="4.1",P1AA5_1,DI524,AC500_PM592_ETH_V2_3\Extension_Bus\CM579_PNIO_A02\CM579_Master\P1AA5,7000.Bytes.Byte3.Digital_Input_I25,b319fa24-5b9a-4547-be1b-ea54ec2256c8,
,Digital input I26,BOOL,,="4.2",P1AA5_1,DI524,AC500_PM592_ETH_V2_3\Extension_Bus\CM579_PNIO_A02\CM579_Master\P1AA5,7000.Bytes.Byte3.Digital_Input_I26,b319fa24-5b9a-4547-be1b-ea54ec2256c8,
,Digital input I27,BOOL,,="4.3",P1AA5_1,DI524,AC500_PM592_ETH_V2_3\Extension_Bus\CM579_PNIO_A02\CM579_Master\P1AA5,7000.Bytes.Byte3.Digital_Input_I27,b319fa24-5b9a-4547-be1b-ea54ec2256c8,
,Digital input I28,BOOL,,="4.4",P1AA5_1,DI524,AC500_PM592_ETH_V2_3\Extension_Bus\CM579_PNIO_A02\CM579_Master\P1AA5,7000.Bytes.Byte3.Digital_Input_I28,b319fa24-5b9a-4547-be1b-ea54ec2256c8,
,Digital input I29,BOOL,,="4.5",P1AA5_1,DI524,AC500_PM592_ETH_V2_3\Extension_Bus\CM579_PNIO_A02\CM579_Master\P1AA5,7000.Bytes.Byte3.Digital_Input_I29,b319fa24-5b9a-4547-be1b-ea54ec2256c8,
,Digital input I30,BOOL,,="4.6",P1AA5_1,DI524,AC500_PM592_ETH_V2_3\Extension_Bus\CM579_PNIO_A02\CM579_Master\P1AA5,7000.Bytes.Byte3.Digital_Input_I30,b319fa24-5b9a-4547-be1b-ea54ec2256c8,
,Digital input I31,BOOL,,="4.7",P1AA5_1,DI524,AC500_PM592_ETH_V2_3\Extension_Bus\CM579_PNIO_A02\CM579_Master\P1AA5,7000.Bytes.Byte3.Digital_Input_I31,b319fa24-5b9a-4547-be1b-ea54ec2256c8,
//P1AA5_2 (AC500_PM592_ETH_V2_3\Extension_Bus\CM579_PNIO_A02\CM579_Master\P1AA5)
,Digital inputs I0 - I31,DWORD,,,P1AA5_2,DI524,AC500_PM592_ETH_V2_3\Extension_Bus\CM579_PNIO_A02\CM579_Master\P1AA5,7000.Typ_DWord,e5a79dfb-fb51-49ed-91b4-3be43a3ec2f7,
,Digital inputs I0 - I15,WORD,,,P1AA5_2,DI524,AC500_PM592_ETH_V2_3\Extension_Bus\CM579_PNIO_A02\CM579_Master\P1AA5,7000.Words.Word0,e5a79dfb-fb51-49ed-91b4-3be43a3ec2f7,
,Digital inputs I16 - I31,WORD,,,P1AA5_2,DI524,AC500_PM592_ETH_V2_3\Extension_Bus\CM579_PNIO_A02\CM579_Master\P1AA5,7000.Words.Word1,e5a79dfb-fb51-49ed-91b4-3be43a3ec2f7,
,Digital inputs I0 - I7,BYTE,,,P1AA5_2,DI524,AC500_PM592_ETH_V2_3\Extension_Bus\CM579_PNIO_A02\CM579_Master\P1AA5,7000.Bytes.Byte0,e5a79dfb-fb51-49ed-91b4-3be43a3ec2f7,
iHoistD0,Digital input I0,BOOL,-A5_2:1.0  I0 : =P1+H-D1-D0 Hoist Joystick Encoder D0,="1.0",P1AA5_2,DI524,AC500_PM592_ETH_V2_3\Extension_Bus\CM579_PNIO_A02\CM579_Master\P1AA5,7000.Bytes.Byte0.Digital_Input_I0,e5a79dfb-fb51-49ed-91b4-3be43a3ec2f7,
iHoistD2,Digital input I1,BOOL,-A5_2:1.1  I1 : =P1+H-D1-D2 Hoist Joystick Encoder D2,="1.1",P1AA5_2,DI524,AC500_PM592_ETH_V2_3\Extension_Bus\CM579_PNIO_A02\CM579_Master\P1AA5,7000.Bytes.Byte0.Digital_Input_I1,e5a79dfb-fb51-49ed-91b4-3be43a3ec2f7,
iHoistD4,Digital input I2,BOOL,-A5_2:1.2  I2 : =P1+H-D1-D4 Hoist Joystick Encoder D4,="1.2",P1AA5_2,DI524,AC500_PM592_ETH_V2_3\Extension_Bus\CM579_PNIO_A02\CM579_Master\P1AA5,7000.Bytes.Byte0.Digital_Input_I2,e5a79dfb-fb51-49ed-91b4-3be43a3ec2f7,
iHoistD6,Digital input I3,BOOL,-A5_2:1.3  I3 : =P1+H-D1-D6 Hoist Joystick Encoder D6,="1.3",P1AA5_2,DI524,AC500_PM592_ETH_V2_3\Extension_Bus\CM579_PNIO_A02\CM579_Master\P1AA5,7000.Bytes.Byte0.Digital_Input_I3,e5a79dfb-fb51-49ed-91b4-3be43a3ec2f7,
iHoistD1,Digital input I4,BOOL,-A5_2:1.4  I4 : =P1+H-D1-D1 Hoist Joystick Encoder D1,="1.4",P1AA5_2,DI524,AC500_PM592_ETH_V2_3\Extension_Bus\CM579_PNIO_A02\CM579_Master\P1AA5,7000.Bytes.Byte0.Digital_Input_I4,e5a79dfb-fb51-49ed-91b4-3be43a3ec2f7,
iHoistD3,Digital input I5,BOOL,-A5_2:1.5  I5 : =P1+H-D1-D3 Hoist Joystick Encoder D3,="1.5",P1AA5_2,DI524,AC500_PM592_ETH_V2_3\Extension_Bus\CM579_PNIO_A02\CM579_Master\P1AA5,7000.Bytes.Byte0.Digital_Input_I5,e5a79dfb-fb51-49ed-91b4-3be43a3ec2f7,
iHoistD5,Digital input I6,BOOL,-A5_2:1.6  I6 : =P1+H-D1-D5 Hoist Joystick Encoder D5,="1.6",P1AA5_2,DI524,AC500_PM592_ETH_V2_3\Extension_Bus\CM579_PNIO_A02\CM579_Master\P1AA5,7000.Bytes.Byte0.Digital_Input_I6,e5a79dfb-fb51-49ed-91b4-3be43a3ec2f7,
iHoistD7,Digital input I7,BOOL,-A5_2:1.7  I7 : =P1+H-D1-D7 Hoist Joystick Encoder D7,="1.7",P1AA5_2,DI524,AC500_PM592_ETH_V2_3\Extension_Bus\CM579_PNIO_A02\CM579_Master\P1AA5,7000.Bytes.Byte0.Digital_Input_I7,e5a79dfb-fb51-49ed-91b4-3be43a3ec2f7,
,Digital inputs I8 - I15,BYTE,,,P1AA5_2,DI524,AC500_PM592_ETH_V2_3\Extension_Bus\CM579_PNIO_A02\CM579_Master\P1AA5,7000.Bytes.Byte1,e5a79dfb-fb51-49ed-91b4-3be43a3ec2f7,
iTravelD0,Digital input I8,BOOL,-A5_2:2.0  I8 : =P1+F-D1-D0 Travel Joystick Encoder D0,="2.0",P1AA5_2,DI524,AC500_PM592_ETH_V2_3\Extension_Bus\CM579_PNIO_A02\CM579_Master\P1AA5,7000.Bytes.Byte1.Digital_Input_I8,e5a79dfb-fb51-49ed-91b4-3be43a3ec2f7,
iTravelD2,Digital input I9,BOOL,-A5_2:2.1  I9 : =P1+F-D1-D2 Travel Joystick Encoder D2,="2.1",P1AA5_2,DI524,AC500_PM592_ETH_V2_3\Extension_Bus\CM579_PNIO_A02\CM579_Master\P1AA5,7000.Bytes.Byte1.Digital_Input_I9,e5a79dfb-fb51-49ed-91b4-3be43a3ec2f7,
iTravelD4,Digital input I10,BOOL,-A5_2:2.2 I10 : =P1+F-D1-D4 Travel Joystick Encoder D4,="2.2",P1AA5_2,DI524,AC500_PM592_ETH_V2_3\Extension_Bus\CM579_PNIO_A02\CM579_Master\P1AA5,7000.Bytes.Byte1.Digital_Input_I10,e5a79dfb-fb51-49ed-91b4-3be43a3ec2f7,
iTravelD6,Digital input I11,BOOL,-A5_2:2.3 I11 : =P1+F-D1-D6 Travel Joystick Encoder D6,="2.3",P1AA5_2,DI524,AC500_PM592_ETH_V2_3\Extension_Bus\CM579_PNIO_A02\CM579_Master\P1AA5,7000.Bytes.Byte1.Digital_Input_I11,e5a79dfb-fb51-49ed-91b4-3be43a3ec2f7,
iTravelD1,Digital input I12,BOOL,-A5_2:2.4 I12 : =P1+F-D1-D1 Travel Joystick Encoder D1,="2.4",P1AA5_2,DI524,AC500_PM592_ETH_V2_3\Extension_Bus\CM579_PNIO_A02\CM579_Master\P1AA5,7000.Bytes.Byte1.Digital_Input_I12,e5a79dfb-fb51-49ed-91b4-3be43a3ec2f7,
iTravelD3,Digital input I13,BOOL,-A5_2:2.5 I13 : =P1+F-D1-D3 Travel Joystick Encoder D3,="2.5",P1AA5_2,DI524,AC500_PM592_ETH_V2_3\Extension_Bus\CM579_PNIO_A02\CM579_Master\P1AA5,7000.Bytes.Byte1.Digital_Input_I13,e5a79dfb-fb51-49ed-91b4-3be43a3ec2f7,
iTravelD5,Digital input I14,BOOL,-A5_2:2.6 I14 : =P1+F-D1-D5 Travel Joystick Encoder D5,="2.6",P1AA5_2,DI524,AC500_PM592_ETH_V2_3\Extension_Bus\CM579_PNIO_A02\CM579_Master\P1AA5,7000.Bytes.Byte1.Digital_Input_I14,e5a79dfb-fb51-49ed-91b4-3be43a3ec2f7,
iTravelD7,Digital input I15,BOOL,-A5_2:2.7 I15 : =P1+F-D1-D7 Travel Joystick Encoder D7,="2.7",P1AA5_2,DI524,AC500_PM592_ETH_V2_3\Extension_Bus\CM579_PNIO_A02\CM579_Master\P1AA5,7000.Bytes.Byte1.Digital_Input_I15,e5a79dfb-fb51-49ed-91b4-3be43a3ec2f7,
,Digital inputs I16 - I23,BYTE,,,P1AA5_2,DI524,AC500_PM592_ETH_V2_3\Extension_Bus\CM579_PNIO_A02\CM579_Master\P1AA5,7000.Bytes.Byte2,e5a79dfb-fb51-49ed-91b4-3be43a3ec2f7,
iTrolleyD0,Digital input I16,BOOL,-A5_2:3.0 I16 : =P1+K-D1-D0 Trolley Joystick Encoder D0,="3.0",P1AA5_2,DI524,AC500_PM592_ETH_V2_3\Extension_Bus\CM579_PNIO_A02\CM579_Master\P1AA5,7000.Bytes.Byte2.Digital_Input_I16,e5a79dfb-fb51-49ed-91b4-3be43a3ec2f7,
iTrolleyD2,Digital input I17,BOOL,-A5_2:3.1 I17 : =P1+K-D1-D2 Trolley Joystick Encoder D2,="3.1",P1AA5_2,DI524,AC500_PM592_ETH_V2_3\Extension_Bus\CM579_PNIO_A02\CM579_Master\P1AA5,7000.Bytes.Byte2.Digital_Input_I17,e5a79dfb-fb51-49ed-91b4-3be43a3ec2f7,
iTrolleyD4,Digital input I18,BOOL,-A5_2:3.2 I18 : =P1+K-D1-D4 Trolley Joystick Encoder D4,="3.2",P1AA5_2,DI524,AC500_PM592_ETH_V2_3\Extension_Bus\CM579_PNIO_A02\CM579_Master\P1AA5,7000.Bytes.Byte2.Digital_Input_I18,e5a79dfb-fb51-49ed-91b4-3be43a3ec2f7,
iTrolleyD6,Digital input I19,BOOL,-A5_2:3.3 I19 : =P1+K-D1-D6 Trolley Joystick Encoder D6,="3.3",P1AA5_2,DI524,AC500_PM592_ETH_V2_3\Extension_Bus\CM579_PNIO_A02\CM579_Master\P1AA5,7000.Bytes.Byte2.Digital_Input_I19,e5a79dfb-fb51-49ed-91b4-3be43a3ec2f7,
iTrolleyD1,Digital input I20,BOOL,-A5_2:3.4 I20 : =P1+K-D1-D1 Trolley Joystick Encoder D1,="3.4",P1AA5_2,DI524,AC500_PM592_ETH_V2_3\Extension_Bus\CM579_PNIO_A02\CM579_Master\P1AA5,7000.Bytes.Byte2.Digital_Input_I20,e5a79dfb-fb51-49ed-91b4-3be43a3ec2f7,
iTrolleyD3,Digital input I21,BOOL,-A5_2:3.5 I21 : =P1+K-D1-D3 Trolley Joystick Encoder D3,="3.5",P1AA5_2,DI524,AC500_PM592_ETH_V2_3\Extension_Bus\CM579_PNIO_A02\CM579_Master\P1AA5,7000.Bytes.Byte2.Digital_Input_I21,e5a79dfb-fb51-49ed-91b4-3be43a3ec2f7,
iTrolleyD5,Digital input I22,BOOL,-A5_2:3.6 I22 : =P1+K-D1-D5 Trolley Joystick Encoder D5,="3.6",P1AA5_2,DI524,AC500_PM592_ETH_V2_3\Extension_Bus\CM579_PNIO_A02\CM579_Master\P1AA5,7000.Bytes.Byte2.Digital_Input_I22,e5a79dfb-fb51-49ed-91b4-3be43a3ec2f7,
iTrolleyD7,Digital input I23,BOOL,-A5_2:3.7 I23 : =P1+K-D1-D7 Trolley Joystick Encoder D7,="3.7",P1AA5_2,DI524,AC500_PM592_ETH_V2_3\Extension_Bus\CM579_PNIO_A02\CM579_Master\P1AA5,7000.Bytes.Byte2.Digital_Input_I23,e5a79dfb-fb51-49ed-91b4-3be43a3ec2f7,
,Digital inputs I24 - I31,BYTE,,,P1AA5_2,DI524,AC500_PM592_ETH_V2_3\Extension_Bus\CM579_PNIO_A02\CM579_Master\P1AA5,7000.Bytes.Byte3,e5a79dfb-fb51-49ed-91b4-3be43a3ec2f7,
,Digital input I24,BOOL,,="4.0",P1AA5_2,DI524,AC500_PM592_ETH_V2_3\Extension_Bus\CM579_PNIO_A02\CM579_Master\P1AA5,7000.Bytes.Byte3.Digital_Input_I24,e5a79dfb-fb51-49ed-91b4-3be43a3ec2f7,
,Digital input I25,BOOL,,="4.1",P1AA5_2,DI524,AC500_PM592_ETH_V2_3\Extension_Bus\CM579_PNIO_A02\CM579_Master\P1AA5,7000.Bytes.Byte3.Digital_Input_I25,e5a79dfb-fb51-49ed-91b4-3be43a3ec2f7,
,Digital input I26,BOOL,,="4.2",P1AA5_2,DI524,AC500_PM592_ETH_V2_3\Extension_Bus\CM579_PNIO_A02\CM579_Master\P1AA5,7000.Bytes.Byte3.Digital_Input_I26,e5a79dfb-fb51-49ed-91b4-3be43a3ec2f7,
,Digital input I27,BOOL,,="4.3",P1AA5_2,DI524,AC500_PM592_ETH_V2_3\Extension_Bus\CM579_PNIO_A02\CM579_Master\P1AA5,7000.Bytes.Byte3.Digital_Input_I27,e5a79dfb-fb51-49ed-91b4-3be43a3ec2f7,
,Digital input I28,BOOL,,="4.4",P1AA5_2,DI524,AC500_PM592_ETH_V2_3\Extension_Bus\CM579_PNIO_A02\CM579_Master\P1AA5,7000.Bytes.Byte3.Digital_Input_I28,e5a79dfb-fb51-49ed-91b4-3be43a3ec2f7,
,Digital input I29,BOOL,,="4.5",P1AA5_2,DI524,AC500_PM592_ETH_V2_3\Extension_Bus\CM579_PNIO_A02\CM579_Master\P1AA5,7000.Bytes.Byte3.Digital_Input_I29,e5a79dfb-fb51-49ed-91b4-3be43a3ec2f7,
,Digital input I30,BOOL,,="4.6",P1AA5_2,DI524,AC500_PM592_ETH_V2_3\Extension_Bus\CM579_PNIO_A02\CM579_Master\P1AA5,7000.Bytes.Byte3.Digital_Input_I30,e5a79dfb-fb51-49ed-91b4-3be43a3ec2f7,
,Digital input I31,BOOL,,="4.7",P1AA5_2,DI524,AC500_PM592_ETH_V2_3\Extension_Bus\CM579_PNIO_A02\CM579_Master\P1AA5,7000.Bytes.Byte3.Digital_Input_I31,e5a79dfb-fb51-49ed-91b4-3be43a3ec2f7,
//PPO_8_10_10_Words_Danfoss_Telegram_108_3 (AC500_PM592_ETH_V2_3\Extension_Bus\CM579_PNIO_A02\CM579_Master\S1HU1)
iFB_n0_HU1,Inputs,UINT,-A0 : =S1+H-U1 Hoist 1 FC Input UINT 0,,PPO_8_10_10_Words_Danfoss_Telegram_108_3,PPO 8 - 10/10 Words, Danfoss Telegram 108,AC500_PM592_ETH_V2_3\Extension_Bus\CM579_PNIO_A02\CM579_Master\S1HU1,143360,abc7edf1-7136-40b0-a7da-2cd2bcd2716e,
iFB_n1_HU1,Inputs,UINT,-A0 : =S1+H-U1 Hoist 1 FC Input UINT 1,,PPO_8_10_10_Words_Danfoss_Telegram_108_3,PPO 8 - 10/10 Words, Danfoss Telegram 108,AC500_PM592_ETH_V2_3\Extension_Bus\CM579_PNIO_A02\CM579_Master\S1HU1,143361,abc7edf1-7136-40b0-a7da-2cd2bcd2716e,
iFB_n2_HU1,Inputs,UINT,-A0 : =S1+H-U1 Hoist 1 FC Input UINT 2,,PPO_8_10_10_Words_Danfoss_Telegram_108_3,PPO 8 - 10/10 Words, Danfoss Telegram 108,AC500_PM592_ETH_V2_3\Extension_Bus\CM579_PNIO_A02\CM579_Master\S1HU1,143362,abc7edf1-7136-40b0-a7da-2cd2bcd2716e,
iFB_n3_HU1,Inputs,UINT,-A0 : =S1+H-U1 Hoist 1 FC Input UINT 3,,PPO_8_10_10_Words_Danfoss_Telegram_108_3,PPO 8 - 10/10 Words, Danfoss Telegram 108,AC500_PM592_ETH_V2_3\Extension_Bus\CM579_PNIO_A02\CM579_Master\S1HU1,143363,abc7edf1-7136-40b0-a7da-2cd2bcd2716e,
iFB_n4_HU1,Inputs,UINT,-A0 : =S1+H-U1 Hoist 1 FC Input UINT 4,,PPO_8_10_10_Words_Danfoss_Telegram_108_3,PPO 8 - 10/10 Words, Danfoss Telegram 108,AC500_PM592_ETH_V2_3\Extension_Bus\CM579_PNIO_A02\CM579_Master\S1HU1,143364,abc7edf1-7136-40b0-a7da-2cd2bcd2716e,
iFB_n5_HU1,Inputs,UINT,-A0 : =S1+H-U1 Hoist 1 FC Input UINT 5,,PPO_8_10_10_Words_Danfoss_Telegram_108_3,PPO 8 - 10/10 Words, Danfoss Telegram 108,AC500_PM592_ETH_V2_3\Extension_Bus\CM579_PNIO_A02\CM579_Master\S1HU1,143365,abc7edf1-7136-40b0-a7da-2cd2bcd2716e,
iFB_n6_HU1,Inputs,UINT,-A0 : =S1+H-U1 Hoist 1 FC Input UINT 6,,PPO_8_10_10_Words_Danfoss_Telegram_108_3,PPO 8 - 10/10 Words, Danfoss Telegram 108,AC500_PM592_ETH_V2_3\Extension_Bus\CM579_PNIO_A02\CM579_Master\S1HU1,143366,abc7edf1-7136-40b0-a7da-2cd2bcd2716e,
iFB_n7_HU1,Inputs,UINT,-A0 : =S1+H-U1 Hoist 1 FC Input UINT 7,,PPO_8_10_10_Words_Danfoss_Telegram_108_3,PPO 8 - 10/10 Words, Danfoss Telegram 108,AC500_PM592_ETH_V2_3\Extension_Bus\CM579_PNIO_A02\CM579_Master\S1HU1,143367,abc7edf1-7136-40b0-a7da-2cd2bcd2716e,
iFB_n8_HU1,Inputs,UINT,-A0 : =S1+H-U1 Hoist 1 FC Input UINT 8,,PPO_8_10_10_Words_Danfoss_Telegram_108_3,PPO 8 - 10/10 Words, Danfoss Telegram 108,AC500_PM592_ETH_V2_3\Extension_Bus\CM579_PNIO_A02\CM579_Master\S1HU1,143368,abc7edf1-7136-40b0-a7da-2cd2bcd2716e,
iFB_n9_HU1,Inputs,UINT,-A0 : =S1+H-U1 Hoist 1 FC Input UINT 9,,PPO_8_10_10_Words_Danfoss_Telegram_108_3,PPO 8 - 10/10 Words, Danfoss Telegram 108,AC500_PM592_ETH_V2_3\Extension_Bus\CM579_PNIO_A02\CM579_Master\S1HU1,143369,abc7edf1-7136-40b0-a7da-2cd2bcd2716e,
qFB_n0_HU1,Outputs,UINT,-A0 : =S1+H-U1 Hoist 1 FC Output UINT 0,,PPO_8_10_10_Words_Danfoss_Telegram_108_3,PPO 8 - 10/10 Words, Danfoss Telegram 108,AC500_PM592_ETH_V2_3\Extension_Bus\CM579_PNIO_A02\CM579_Master\S1HU1,147456,abc7edf1-7136-40b0-a7da-2cd2bcd2716e,
qFB_n1_HU1,Outputs,UINT,-A0 : =S1+H-U1 Hoist 1 FC Output UINT 1,,PPO_8_10_10_Words_Danfoss_Telegram_108_3,PPO 8 - 10/10 Words, Danfoss Telegram 108,AC500_PM592_ETH_V2_3\Extension_Bus\CM579_PNIO_A02\CM579_Master\S1HU1,147457,abc7edf1-7136-40b0-a7da-2cd2bcd2716e,
qFB_n2_HU1,Outputs,UINT,-A0 : =S1+H-U1 Hoist 1 FC Output UINT 2,,PPO_8_10_10_Words_Danfoss_Telegram_108_3,PPO 8 - 10/10 Words, Danfoss Telegram 108,AC500_PM592_ETH_V2_3\Extension_Bus\CM579_PNIO_A02\CM579_Master\S1HU1,147458,abc7edf1-7136-40b0-a7da-2cd2bcd2716e,
qFB_n3_HU1,Outputs,UINT,-A0 : =S1+H-U1 Hoist 1 FC Output UINT 3,,PPO_8_10_10_Words_Danfoss_Telegram_108_3,PPO 8 - 10/10 Words, Danfoss Telegram 108,AC500_PM592_ETH_V2_3\Extension_Bus\CM579_PNIO_A02\CM579_Master\S1HU1,147459,abc7edf1-7136-40b0-a7da-2cd2bcd2716e,
qFB_n4_HU1,Outputs,UINT,-A0 : =S1+H-U1 Hoist 1 FC Output UINT 4,,PPO_8_10_10_Words_Danfoss_Telegram_108_3,PPO 8 - 10/10 Words, Danfoss Telegram 108,AC500_PM592_ETH_V2_3\Extension_Bus\CM579_PNIO_A02\CM579_Master\S1HU1,147460,abc7edf1-7136-40b0-a7da-2cd2bcd2716e,
qFB_n5_HU1,Outputs,UINT,-A0 : =S1+H-U1 Hoist 1 FC Output UINT 5,,PPO_8_10_10_Words_Danfoss_Telegram_108_3,PPO 8 - 10/10 Words, Danfoss Telegram 108,AC500_PM592_ETH_V2_3\Extension_Bus\CM579_PNIO_A02\CM579_Master\S1HU1,147461,abc7edf1-7136-40b0-a7da-2cd2bcd2716e,
qFB_n6_HU1,Outputs,UINT,-A0 : =S1+H-U1 Hoist 1 FC Output UINT 6,,PPO_8_10_10_Words_Danfoss_Telegram_108_3,PPO 8 - 10/10 Words, Danfoss Telegram 108,AC500_PM592_ETH_V2_3\Extension_Bus\CM579_PNIO_A02\CM579_Master\S1HU1,147462,abc7edf1-7136-40b0-a7da-2cd2bcd2716e,
qFB_n7_HU1,Outputs,UINT,-A0 : =S1+H-U1 Hoist 1 FC Output UINT 7,,PPO_8_10_10_Words_Danfoss_Telegram_108_3,PPO 8 - 10/10 Words, Danfoss Telegram 108,AC500_PM592_ETH_V2_3\Extension_Bus\CM579_PNIO_A02\CM579_Master\S1HU1,147463,abc7edf1-7136-40b0-a7da-2cd2bcd2716e,
qFB_n8_HU1,Outputs,UINT,-A0 : =S1+H-U1 Hoist 1 FC Output UINT 8,,PPO_8_10_10_Words_Danfoss_Telegram_108_3,PPO 8 - 10/10 Words, Danfoss Telegram 108,AC500_PM592_ETH_V2_3\Extension_Bus\CM579_PNIO_A02\CM579_Master\S1HU1,147464,abc7edf1-7136-40b0-a7da-2cd2bcd2716e,
qFB_n9_HU1,Outputs,UINT,-A0 : =S1+H-U1 Hoist 1 FC Output UINT 9,,PPO_8_10_10_Words_Danfoss_Telegram_108_3,PPO 8 - 10/10 Words, Danfoss Telegram 108,AC500_PM592_ETH_V2_3\Extension_Bus\CM579_PNIO_A02\CM579_Master\S1HU1,147465,abc7edf1-7136-40b0-a7da-2cd2bcd2716e,
//PPO_8_10_10_Words_Danfoss_Telegram_108_2 (AC500_PM592_ETH_V2_3\Extension_Bus\CM579_PNIO_A02\CM579_Master\S1FU1)
iFB_n0_FU1,Inputs,UINT,-A0 : =S1+F-U1 Travel 1 FC Input UINT 0,,PPO_8_10_10_Words_Danfoss_Telegram_108_2,PPO 8 - 10/10 Words, Danfoss Telegram 108,AC500_PM592_ETH_V2_3\Extension_Bus\CM579_PNIO_A02\CM579_Master\S1FU1,143360,5103bc09-99d0-4d61-96ae-1b013ae88e4d,
iFB_n1_FU1,Inputs,UINT,-A0 : =S1+F-U1 Travel 1 FC Input UINT 1,,PPO_8_10_10_Words_Danfoss_Telegram_108_2,PPO 8 - 10/10 Words, Danfoss Telegram 108,AC500_PM592_ETH_V2_3\Extension_Bus\CM579_PNIO_A02\CM579_Master\S1FU1,143361,5103bc09-99d0-4d61-96ae-1b013ae88e4d,
iFB_n2_FU1,Inputs,UINT,-A0 : =S1+F-U1 Travel 1 FC Input UINT 2,,PPO_8_10_10_Words_Danfoss_Telegram_108_2,PPO 8 - 10/10 Words, Danfoss Telegram 108,AC500_PM592_ETH_V2_3\Extension_Bus\CM579_PNIO_A02\CM579_Master\S1FU1,143362,5103bc09-99d0-4d61-96ae-1b013ae88e4d,
iFB_n3_FU1,Inputs,UINT,-A0 : =S1+F-U1 Travel 1 FC Input UINT 3,,PPO_8_10_10_Words_Danfoss_Telegram_108_2,PPO 8 - 10/10 Words, Danfoss Telegram 108,AC500_PM592_ETH_V2_3\Extension_Bus\CM579_PNIO_A02\CM579_Master\S1FU1,143363,5103bc09-99d0-4d61-96ae-1b013ae88e4d,
iFB_n4_FU1,Inputs,UINT,-A0 : =S1+F-U1 Travel 1 FC Input UINT 4,,PPO_8_10_10_Words_Danfoss_Telegram_108_2,PPO 8 - 10/10 Words, Danfoss Telegram 108,AC500_PM592_ETH_V2_3\Extension_Bus\CM579_PNIO_A02\CM579_Master\S1FU1,143364,5103bc09-99d0-4d61-96ae-1b013ae88e4d,
iFB_n5_FU1,Inputs,UINT,-A0 : =S1+F-U1 Travel 1 FC Input UINT 5,,PPO_8_10_10_Words_Danfoss_Telegram_108_2,PPO 8 - 10/10 Words, Danfoss Telegram 108,AC500_PM592_ETH_V2_3\Extension_Bus\CM579_PNIO_A02\CM579_Master\S1FU1,143365,5103bc09-99d0-4d61-96ae-1b013ae88e4d,
iFB_n6_FU1,Inputs,UINT,-A0 : =S1+F-U1 Travel 1 FC Input UINT 6,,PPO_8_10_10_Words_Danfoss_Telegram_108_2,PPO 8 - 10/10 Words, Danfoss Telegram 108,AC500_PM592_ETH_V2_3\Extension_Bus\CM579_PNIO_A02\CM579_Master\S1FU1,143366,5103bc09-99d0-4d61-96ae-1b013ae88e4d,
iFB_n7_FU1,Inputs,UINT,-A0 : =S1+F-U1 Travel 1 FC Input UINT 7,,PPO_8_10_10_Words_Danfoss_Telegram_108_2,PPO 8 - 10/10 Words, Danfoss Telegram 108,AC500_PM592_ETH_V2_3\Extension_Bus\CM579_PNIO_A02\CM579_Master\S1FU1,143367,5103bc09-99d0-4d61-96ae-1b013ae88e4d,
iFB_n8_FU1,Inputs,UINT,-A0 : =S1+F-U1 Travel 1 FC Input UINT 8,,PPO_8_10_10_Words_Danfoss_Telegram_108_2,PPO 8 - 10/10 Words, Danfoss Telegram 108,AC500_PM592_ETH_V2_3\Extension_Bus\CM579_PNIO_A02\CM579_Master\S1FU1,143368,5103bc09-99d0-4d61-96ae-1b013ae88e4d,
iFB_n9_FU1,Inputs,UINT,-A0 : =S1+F-U1 Travel 1 FC Input UINT 9,,PPO_8_10_10_Words_Danfoss_Telegram_108_2,PPO 8 - 10/10 Words, Danfoss Telegram 108,AC500_PM592_ETH_V2_3\Extension_Bus\CM579_PNIO_A02\CM579_Master\S1FU1,143369,5103bc09-99d0-4d61-96ae-1b013ae88e4d,
qFB_n0_FU1,Outputs,UINT,-A0 : =S1+F-U1 Travel 1 FC Output UINT 0,,PPO_8_10_10_Words_Danfoss_Telegram_108_2,PPO 8 - 10/10 Words, Danfoss Telegram 108,AC500_PM592_ETH_V2_3\Extension_Bus\CM579_PNIO_A02\CM579_Master\S1FU1,147456,5103bc09-99d0-4d61-96ae-1b013ae88e4d,
qFB_n1_FU1,Outputs,UINT,-A0 : =S1+F-U1 Travel 1 FC Output UINT 1,,PPO_8_10_10_Words_Danfoss_Telegram_108_2,PPO 8 - 10/10 Words, Danfoss Telegram 108,AC500_PM592_ETH_V2_3\Extension_Bus\CM579_PNIO_A02\CM579_Master\S1FU1,147457,5103bc09-99d0-4d61-96ae-1b013ae88e4d,
qFB_n2_FU1,Outputs,UINT,-A0 : =S1+F-U1 Travel 1 FC Output UINT 2,,PPO_8_10_10_Words_Danfoss_Telegram_108_2,PPO 8 - 10/10 Words, Danfoss Telegram 108,AC500_PM592_ETH_V2_3\Extension_Bus\CM579_PNIO_A02\CM579_Master\S1FU1,147458,5103bc09-99d0-4d61-96ae-1b013ae88e4d,
qFB_n3_FU1,Outputs,UINT,-A0 : =S1+F-U1 Travel 1 FC Output UINT 3,,PPO_8_10_10_Words_Danfoss_Telegram_108_2,PPO 8 - 10/10 Words, Danfoss Telegram 108,AC500_PM592_ETH_V2_3\Extension_Bus\CM579_PNIO_A02\CM579_Master\S1FU1,147459,5103bc09-99d0-4d61-96ae-1b013ae88e4d,
qFB_n4_FU1,Outputs,UINT,-A0 : =S1+F-U1 Travel 1 FC Output UINT 4,,PPO_8_10_10_Words_Danfoss_Telegram_108_2,PPO 8 - 10/10 Words, Danfoss Telegram 108,AC500_PM592_ETH_V2_3\Extension_Bus\CM579_PNIO_A02\CM579_Master\S1FU1,147460,5103bc09-99d0-4d61-96ae-1b013ae88e4d,
qFB_n5_FU1,Outputs,UINT,-A0 : =S1+F-U1 Travel 1 FC Output UINT 5,,PPO_8_10_10_Words_Danfoss_Telegram_108_2,PPO 8 - 10/10 Words, Danfoss Telegram 108,AC500_PM592_ETH_V2_3\Extension_Bus\CM579_PNIO_A02\CM579_Master\S1FU1,147461,5103bc09-99d0-4d61-96ae-1b013ae88e4d,
qFB_n6_FU1,Outputs,UINT,-A0 : =S1+F-U1 Travel 1 FC Output UINT 6,,PPO_8_10_10_Words_Danfoss_Telegram_108_2,PPO 8 - 10/10 Words, Danfoss Telegram 108,AC500_PM592_ETH_V2_3\Extension_Bus\CM579_PNIO_A02\CM579_Master\S1FU1,147462,5103bc09-99d0-4d61-96ae-1b013ae88e4d,
qFB_n7_FU1,Outputs,UINT,-A0 : =S1+F-U1 Travel 1 FC Output UINT 7,,PPO_8_10_10_Words_Danfoss_Telegram_108_2,PPO 8 - 10/10 Words, Danfoss Telegram 108,AC500_PM592_ETH_V2_3\Extension_Bus\CM579_PNIO_A02\CM579_Master\S1FU1,147463,5103bc09-99d0-4d61-96ae-1b013ae88e4d,
qFB_n8_FU1,Outputs,UINT,-A0 : =S1+F-U1 Travel 1 FC Output UINT 8,,PPO_8_10_10_Words_Danfoss_Telegram_108_2,PPO 8 - 10/10 Words, Danfoss Telegram 108,AC500_PM592_ETH_V2_3\Extension_Bus\CM579_PNIO_A02\CM579_Master\S1FU1,147464,5103bc09-99d0-4d61-96ae-1b013ae88e4d,
qFB_n9_FU1,Outputs,UINT,-A0 : =S1+F-U1 Travel 1 FC Output UINT 9,,PPO_8_10_10_Words_Danfoss_Telegram_108_2,PPO 8 - 10/10 Words, Danfoss Telegram 108,AC500_PM592_ETH_V2_3\Extension_Bus\CM579_PNIO_A02\CM579_Master\S1FU1,147465,5103bc09-99d0-4d61-96ae-1b013ae88e4d,
//PPO_8_10_10_Words_Danfoss_Telegram_108_1 (AC500_PM592_ETH_V2_3\Extension_Bus\CM579_PNIO_A02\CM579_Master\S1FU2)
iFB_n0_FU2,Inputs,UINT,-A0 : =S1+F-U2 Travel 2 FC Input UINT 0,,PPO_8_10_10_Words_Danfoss_Telegram_108_1,PPO 8 - 10/10 Words, Danfoss Telegram 108,AC500_PM592_ETH_V2_3\Extension_Bus\CM579_PNIO_A02\CM579_Master\S1FU2,143360,b42f3ed8-f842-4e28-8aad-3a152751d237,
iFB_n1_FU2,Inputs,UINT,-A0 : =S1+F-U2 Travel 2 FC Input UINT 1,,PPO_8_10_10_Words_Danfoss_Telegram_108_1,PPO 8 - 10/10 Words, Danfoss Telegram 108,AC500_PM592_ETH_V2_3\Extension_Bus\CM579_PNIO_A02\CM579_Master\S1FU2,143361,b42f3ed8-f842-4e28-8aad-3a152751d237,
iFB_n2_FU2,Inputs,UINT,-A0 : =S1+F-U2 Travel 2 FC Input UINT 2,,PPO_8_10_10_Words_Danfoss_Telegram_108_1,PPO 8 - 10/10 Words, Danfoss Telegram 108,AC500_PM592_ETH_V2_3\Extension_Bus\CM579_PNIO_A02\CM579_Master\S1FU2,143362,b42f3ed8-f842-4e28-8aad-3a152751d237,
iFB_n3_FU2,Inputs,UINT,-A0 : =S1+F-U2 Travel 2 FC Input UINT 3,,PPO_8_10_10_Words_Danfoss_Telegram_108_1,PPO 8 - 10/10 Words, Danfoss Telegram 108,AC500_PM592_ETH_V2_3\Extension_Bus\CM579_PNIO_A02\CM579_Master\S1FU2,143363,b42f3ed8-f842-4e28-8aad-3a152751d237,
iFB_n4_FU2,Inputs,UINT,-A0 : =S1+F-U2 Travel 2 FC Input UINT 4,,PPO_8_10_10_Words_Danfoss_Telegram_108_1,PPO 8 - 10/10 Words, Danfoss Telegram 108,AC500_PM592_ETH_V2_3\Extension_Bus\CM579_PNIO_A02\CM579_Master\S1FU2,143364,b42f3ed8-f842-4e28-8aad-3a152751d237,
iFB_n5_FU2,Inputs,UINT,-A0 : =S1+F-U2 Travel 2 FC Input UINT 5,,PPO_8_10_10_Words_Danfoss_Telegram_108_1,PPO 8 - 10/10 Words, Danfoss Telegram 108,AC500_PM592_ETH_V2_3\Extension_Bus\CM579_PNIO_A02\CM579_Master\S1FU2,143365,b42f3ed8-f842-4e28-8aad-3a152751d237,
iFB_n6_FU2,Inputs,UINT,-A0 : =S1+F-U2 Travel 2 FC Input UINT 6,,PPO_8_10_10_Words_Danfoss_Telegram_108_1,PPO 8 - 10/10 Words, Danfoss Telegram 108,AC500_PM592_ETH_V2_3\Extension_Bus\CM579_PNIO_A02\CM579_Master\S1FU2,143366,b42f3ed8-f842-4e28-8aad-3a152751d237,
iFB_n7_FU2,Inputs,UINT,-A0 : =S1+F-U2 Travel 2 FC Input UINT 7,,PPO_8_10_10_Words_Danfoss_Telegram_108_1,PPO 8 - 10/10 Words, Danfoss Telegram 108,AC500_PM592_ETH_V2_3\Extension_Bus\CM579_PNIO_A02\CM579_Master\S1FU2,143367,b42f3ed8-f842-4e28-8aad-3a152751d237,
iFB_n8_FU2,Inputs,UINT,-A0 : =S1+F-U2 Travel 2 FC Input UINT 8,,PPO_8_10_10_Words_Danfoss_Telegram_108_1,PPO 8 - 10/10 Words, Danfoss Telegram 108,AC500_PM592_ETH_V2_3\Extension_Bus\CM579_PNIO_A02\CM579_Master\S1FU2,143368,b42f3ed8-f842-4e28-8aad-3a152751d237,
iFB_n9_FU2,Inputs,UINT,-A0 : =S1+F-U2 Travel 2 FC Input UINT 9,,PPO_8_10_10_Words_Danfoss_Telegram_108_1,PPO 8 - 10/10 Words, Danfoss Telegram 108,AC500_PM592_ETH_V2_3\Extension_Bus\CM579_PNIO_A02\CM579_Master\S1FU2,143369,b42f3ed8-f842-4e28-8aad-3a152751d237,
qFB_n0_FU2,Outputs,UINT,-A0 : =S1+F-U2 Travel 2 FC Output UINT 0,,PPO_8_10_10_Words_Danfoss_Telegram_108_1,PPO 8 - 10/10 Words, Danfoss Telegram 108,AC500_PM592_ETH_V2_3\Extension_Bus\CM579_PNIO_A02\CM579_Master\S1FU2,147456,b42f3ed8-f842-4e28-8aad-3a152751d237,
qFB_n1_FU2,Outputs,UINT,-A0 : =S1+F-U2 Travel 2 FC Output UINT 1,,PPO_8_10_10_Words_Danfoss_Telegram_108_1,PPO 8 - 10/10 Words, Danfoss Telegram 108,AC500_PM592_ETH_V2_3\Extension_Bus\CM579_PNIO_A02\CM579_Master\S1FU2,147457,b42f3ed8-f842-4e28-8aad-3a152751d237,
qFB_n2_FU2,Outputs,UINT,-A0 : =S1+F-U2 Travel 2 FC Output UINT 2,,PPO_8_10_10_Words_Danfoss_Telegram_108_1,PPO 8 - 10/10 Words, Danfoss Telegram 108,AC500_PM592_ETH_V2_3\Extension_Bus\CM579_PNIO_A02\CM579_Master\S1FU2,147458,b42f3ed8-f842-4e28-8aad-3a152751d237,
qFB_n3_FU2,Outputs,UINT,-A0 : =S1+F-U2 Travel 2 FC Output UINT 3,,PPO_8_10_10_Words_Danfoss_Telegram_108_1,PPO 8 - 10/10 Words, Danfoss Telegram 108,AC500_PM592_ETH_V2_3\Extension_Bus\CM579_PNIO_A02\CM579_Master\S1FU2,147459,b42f3ed8-f842-4e28-8aad-3a152751d237,
qFB_n4_FU2,Outputs,UINT,-A0 : =S1+F-U2 Travel 2 FC Output UINT 4,,PPO_8_10_10_Words_Danfoss_Telegram_108_1,PPO 8 - 10/10 Words, Danfoss Telegram 108,AC500_PM592_ETH_V2_3\Extension_Bus\CM579_PNIO_A02\CM579_Master\S1FU2,147460,b42f3ed8-f842-4e28-8aad-3a152751d237,
qFB_n5_FU2,Outputs,UINT,-A0 : =S1+F-U2 Travel 2 FC Output UINT 5,,PPO_8_10_10_Words_Danfoss_Telegram_108_1,PPO 8 - 10/10 Words, Danfoss Telegram 108,AC500_PM592_ETH_V2_3\Extension_Bus\CM579_PNIO_A02\CM579_Master\S1FU2,147461,b42f3ed8-f842-4e28-8aad-3a152751d237,
qFB_n6_FU2,Outputs,UINT,-A0 : =S1+F-U2 Travel 2 FC Output UINT 6,,PPO_8_10_10_Words_Danfoss_Telegram_108_1,PPO 8 - 10/10 Words, Danfoss Telegram 108,AC500_PM592_ETH_V2_3\Extension_Bus\CM579_PNIO_A02\CM579_Master\S1FU2,147462,b42f3ed8-f842-4e28-8aad-3a152751d237,
qFB_n7_FU2,Outputs,UINT,-A0 : =S1+F-U2 Travel 2 FC Output UINT 7,,PPO_8_10_10_Words_Danfoss_Telegram_108_1,PPO 8 - 10/10 Words, Danfoss Telegram 108,AC500_PM592_ETH_V2_3\Extension_Bus\CM579_PNIO_A02\CM579_Master\S1FU2,147463,b42f3ed8-f842-4e28-8aad-3a152751d237,
qFB_n8_FU2,Outputs,UINT,-A0 : =S1+F-U2 Travel 2 FC Output UINT 8,,PPO_8_10_10_Words_Danfoss_Telegram_108_1,PPO 8 - 10/10 Words, Danfoss Telegram 108,AC500_PM592_ETH_V2_3\Extension_Bus\CM579_PNIO_A02\CM579_Master\S1FU2,147464,b42f3ed8-f842-4e28-8aad-3a152751d237,
qFB_n9_FU2,Outputs,UINT,-A0 : =S1+F-U2 Travel 2 FC Output UINT 9,,PPO_8_10_10_Words_Danfoss_Telegram_108_1,PPO 8 - 10/10 Words, Danfoss Telegram 108,AC500_PM592_ETH_V2_3\Extension_Bus\CM579_PNIO_A02\CM579_Master\S1FU2,147465,b42f3ed8-f842-4e28-8aad-3a152751d237,
//PPO_8_10_10_Words_Danfoss_Telegram_108 (AC500_PM592_ETH_V2_3\Extension_Bus\CM579_PNIO_A02\CM579_Master\S1KU1)
iFB_n0_KU1,Inputs,UINT,-A0 : =S1+K-U1 Trolley FC Input UINT 0,,PPO_8_10_10_Words_Danfoss_Telegram_108,PPO 8 - 10/10 Words, Danfoss Telegram 108,AC500_PM592_ETH_V2_3\Extension_Bus\CM579_PNIO_A02\CM579_Master\S1KU1,143360,eb92d716-ee88-4660-ba33-e214da5335ff,
iFB_n1_KU1,Inputs,UINT,-A0 : =S1+K-U1 Trolley FC Input UINT 1,,PPO_8_10_10_Words_Danfoss_Telegram_108,PPO 8 - 10/10 Words, Danfoss Telegram 108,AC500_PM592_ETH_V2_3\Extension_Bus\CM579_PNIO_A02\CM579_Master\S1KU1,143361,eb92d716-ee88-4660-ba33-e214da5335ff,
iFB_n2_KU1,Inputs,UINT,-A0 : =S1+K-U1 Trolley FC Input UINT 2,,PPO_8_10_10_Words_Danfoss_Telegram_108,PPO 8 - 10/10 Words, Danfoss Telegram 108,AC500_PM592_ETH_V2_3\Extension_Bus\CM579_PNIO_A02\CM579_Master\S1KU1,143362,eb92d716-ee88-4660-ba33-e214da5335ff,
iFB_n3_KU1,Inputs,UINT,-A0 : =S1+K-U1 Trolley FC Input UINT 3,,PPO_8_10_10_Words_Danfoss_Telegram_108,PPO 8 - 10/10 Words, Danfoss Telegram 108,AC500_PM592_ETH_V2_3\Extension_Bus\CM579_PNIO_A02\CM579_Master\S1KU1,143363,eb92d716-ee88-4660-ba33-e214da5335ff,
iFB_n4_KU1,Inputs,UINT,-A0 : =S1+K-U1 Trolley FC Input UINT 4,,PPO_8_10_10_Words_Danfoss_Telegram_108,PPO 8 - 10/10 Words, Danfoss Telegram 108,AC500_PM592_ETH_V2_3\Extension_Bus\CM579_PNIO_A02\CM579_Master\S1KU1,143364,eb92d716-ee88-4660-ba33-e214da5335ff,
iFB_n5_KU1,Inputs,UINT,-A0 : =S1+K-U1 Trolley FC Input UINT 5,,PPO_8_10_10_Words_Danfoss_Telegram_108,PPO 8 - 10/10 Words, Danfoss Telegram 108,AC500_PM592_ETH_V2_3\Extension_Bus\CM579_PNIO_A02\CM579_Master\S1KU1,143365,eb92d716-ee88-4660-ba33-e214da5335ff,
iFB_n6_KU1,Inputs,UINT,-A0 : =S1+K-U1 Trolley FC Input UINT 6,,PPO_8_10_10_Words_Danfoss_Telegram_108,PPO 8 - 10/10 Words, Danfoss Telegram 108,AC500_PM592_ETH_V2_3\Extension_Bus\CM579_PNIO_A02\CM579_Master\S1KU1,143366,eb92d716-ee88-4660-ba33-e214da5335ff,
iFB_n7_KU1,Inputs,UINT,-A0 : =S1+K-U1 Trolley FC Input UINT 7,,PPO_8_10_10_Words_Danfoss_Telegram_108,PPO 8 - 10/10 Words, Danfoss Telegram 108,AC500_PM592_ETH_V2_3\Extension_Bus\CM579_PNIO_A02\CM579_Master\S1KU1,143367,eb92d716-ee88-4660-ba33-e214da5335ff,
iFB_n8_KU1,Inputs,UINT,-A0 : =S1+K-U1 Trolley FC Input UINT 8,,PPO_8_10_10_Words_Danfoss_Telegram_108,PPO 8 - 10/10 Words, Danfoss Telegram 108,AC500_PM592_ETH_V2_3\Extension_Bus\CM579_PNIO_A02\CM579_Master\S1KU1,143368,eb92d716-ee88-4660-ba33-e214da5335ff,
iFB_n9_KU1,Inputs,UINT,-A0 : =S1+K-U1 Trolley FC Input UINT 9,,PPO_8_10_10_Words_Danfoss_Telegram_108,PPO 8 - 10/10 Words, Danfoss Telegram 108,AC500_PM592_ETH_V2_3\Extension_Bus\CM579_PNIO_A02\CM579_Master\S1KU1,143369,eb92d716-ee88-4660-ba33-e214da5335ff,
qFB_n0_KU1,Outputs,UINT,-A0 : =S1+K-U1 Trolley FC Output UINT 0,,PPO_8_10_10_Words_Danfoss_Telegram_108,PPO 8 - 10/10 Words, Danfoss Telegram 108,AC500_PM592_ETH_V2_3\Extension_Bus\CM579_PNIO_A02\CM579_Master\S1KU1,147456,eb92d716-ee88-4660-ba33-e214da5335ff,
qFB_n1_KU1,Outputs,UINT,-A0 : =S1+K-U1 Trolley FC Output UINT 1,,PPO_8_10_10_Words_Danfoss_Telegram_108,PPO 8 - 10/10 Words, Danfoss Telegram 108,AC500_PM592_ETH_V2_3\Extension_Bus\CM579_PNIO_A02\CM579_Master\S1KU1,147457,eb92d716-ee88-4660-ba33-e214da5335ff,
qFB_n2_KU1,Outputs,UINT,-A0 : =S1+K-U1 Trolley FC Output UINT 2,,PPO_8_10_10_Words_Danfoss_Telegram_108,PPO 8 - 10/10 Words, Danfoss Telegram 108,AC500_PM592_ETH_V2_3\Extension_Bus\CM579_PNIO_A02\CM579_Master\S1KU1,147458,eb92d716-ee88-4660-ba33-e214da5335ff,
qFB_n3_KU1,Outputs,UINT,-A0 : =S1+K-U1 Trolley FC Output UINT 3,,PPO_8_10_10_Words_Danfoss_Telegram_108,PPO 8 - 10/10 Words, Danfoss Telegram 108,AC500_PM592_ETH_V2_3\Extension_Bus\CM579_PNIO_A02\CM579_Master\S1KU1,147459,eb92d716-ee88-4660-ba33-e214da5335ff,
qFB_n4_KU1,Outputs,UINT,-A0 : =S1+K-U1 Trolley FC Output UINT 4,,PPO_8_10_10_Words_Danfoss_Telegram_108,PPO 8 - 10/10 Words, Danfoss Telegram 108,AC500_PM592_ETH_V2_3\Extension_Bus\CM579_PNIO_A02\CM579_Master\S1KU1,147460,eb92d716-ee88-4660-ba33-e214da5335ff,
qFB_n5_KU1,Outputs,UINT,-A0 : =S1+K-U1 Trolley FC Output UINT 5,,PPO_8_10_10_Words_Danfoss_Telegram_108,PPO 8 - 10/10 Words, Danfoss Telegram 108,AC500_PM592_ETH_V2_3\Extension_Bus\CM579_PNIO_A02\CM579_Master\S1KU1,147461,eb92d716-ee88-4660-ba33-e214da5335ff,
qFB_n6_KU1,Outputs,UINT,-A0 : =S1+K-U1 Trolley FC Output UINT 6,,PPO_8_10_10_Words_Danfoss_Telegram_108,PPO 8 - 10/10 Words, Danfoss Telegram 108,AC500_PM592_ETH_V2_3\Extension_Bus\CM579_PNIO_A02\CM579_Master\S1KU1,147462,eb92d716-ee88-4660-ba33-e214da5335ff,
qFB_n7_KU1,Outputs,UINT,-A0 : =S1+K-U1 Trolley FC Output UINT 7,,PPO_8_10_10_Words_Danfoss_Telegram_108,PPO 8 - 10/10 Words, Danfoss Telegram 108,AC500_PM592_ETH_V2_3\Extension_Bus\CM579_PNIO_A02\CM579_Master\S1KU1,147463,eb92d716-ee88-4660-ba33-e214da5335ff,
qFB_n8_KU1,Outputs,UINT,-A0 : =S1+K-U1 Trolley FC Output UINT 8,,PPO_8_10_10_Words_Danfoss_Telegram_108,PPO 8 - 10/10 Words, Danfoss Telegram 108,AC500_PM592_ETH_V2_3\Extension_Bus\CM579_PNIO_A02\CM579_Master\S1KU1,147464,eb92d716-ee88-4660-ba33-e214da5335ff,
qFB_n9_KU1,Outputs,UINT,-A0 : =S1+K-U1 Trolley FC Output UINT 9,,PPO_8_10_10_Words_Danfoss_Telegram_108,PPO 8 - 10/10 Words, Danfoss Telegram 108,AC500_PM592_ETH_V2_3\Extension_Bus\CM579_PNIO_A02\CM579_Master\S1KU1,147465,eb92d716-ee88-4660-ba33-e214da5335ff,
