Level1;Level2;Level3;Level4 / Group;Type;OPCSymbol;Caption;Hint;Left;Top;Width;Height;ColorTrue;ColorFalse;Visible;MinValue;MaxValue;LevelN2;LevelP2;LevelN3;LevelP3
Signals;General Control;Overview;Drives;Bool;.bNoErrorHoist1;Hoist1 Drive;;1;20;110;20;0xff00;0xff;true;;;;;;
Signals;General Control;Overview;Drives;Bool;.bNoErrorHoist2;Hoist2 Drive;;1;40;110;20;0xff00;0xff;true;;;;;;
Signals;General Control;Overview;Drives;Bool;.bNoErrorTravel;Travel Drive;;1;60;110;20;0xff00;0xff;true;;;;;;
Signals;General Control;Overview;Drives;Bool;.bNoErrorTrolley;Trolley Drive;;1;80;110;20;0xff00;0xff;true;;;;;;
Signals;General Control;Overview;Drives;Bool;.bNoErrorBoom;Boom Drive;;1;100;110;20;0xff00;0xff;true;;;;;;
;;;;;;;;;;;;;;;;;;;;
Signals;General Control;Overview;Crane;Bool;.qhCraneOnP1;Crane On;;1;20;110;20;0xff00;0xff;true;;;;;;
Signals;General Control;Overview;Crane;Bool;.qResetLamp;Reset S1;;1;40;110;20;0xff00;0xff;true;;;;;;
x;General Control;Overview;Crane;Bool;.qhResetLampP20;Reset P20;;1;60;110;20;0xff00;0xff;true;;;;;;
;;;;;;;;;;;;;;;;;;;;
Signals;General Control;Overview;Electric;Bool;.bIbsOK;Interbus-S OK;;1;20;110;20;0xff00;0xff;true;;;;;;
Signals;General Control;Overview;Electric;Bool;.b24V_OK;24V DC OK;;1;40;110;20;0xff00;0xff;true;;;;;;
;;;;;;;;;;;;;;;;;;;;
Signals;General Control;EStop;;Bool;.ESErrors.Error[ES_S1AS1];=S1+A-S1       A7.1   1.2  Emerg. Stop 1 S1;;10;10;450;20;0xff;0xff00;true;;;;;;
Signals;General Control;EStop;;Bool;.ESErrors.Error[ES_GAS6];=G+A-S6        A7.1   2.1  Emerg. Stop 1 M.-House;;-100;-100;450;20;0xff;0xff00;true;;;;;;
Signals;General Control;EStop;;Bool;.ESErrors.Error[ES_GAS7];=G+A-S7        A7.1   1.1  Emerg. Stop 2 M.-House;;-100;-100;450;20;0xff;0xff00;true;;;;;;
Signals;General Control;EStop;;Bool;.ESErrors.Error[ES_GAS8];=G+A-S8        A7.1   8.2  Emerg. Stop Mainbeam;;-100;-100;450;20;0xff;0xff00;true;;;;;;
Signals;General Control;EStop;;Bool;.ESErrors.Error[ES_P20AS01];=P20+A-S01     A4.3   2.1  Emerg. Stop P20;;-100;-100;450;20;0xff;0xff00;true;;;;;;
Signals;General Control;EStop;;Bool;.ESErrors.Error[ES_EFS11];=E+F-S11       A4.3   1.2  Emerg. Stop 1 Travel;;-100;-100;450;20;0xff;0xff00;true;;;;;;
Signals;General Control;EStop;;Bool;.ESErrors.Error[ES_EFS12];=E+F-S12       A4.3   2.2  Emerg. Stop 2 Travel;;-100;-100;450;20;0xff;0xff00;true;;;;;;
Signals;General Control;EStop;;Bool;.ESErrors.Error[ES_EFS13];=E+F-S13       A4.3   3.1  Emerg. Stop 3 Travel;;-100;-100;450;20;0xff;0xff00;true;;;;;;
Signals;General Control;EStop;;Bool;.ESErrors.Error[ES_EFS14];=E+F-S14       A4.3   1.3  Emerg. Stop 4 Travel;;-100;-100;450;20;0xff;0xff00;true;;;;;;
Signals;General Control;EStop;;Bool;.ESErrors.Error[ES_S2AS1];=S2+A-S1       A8.1   5.1  Emerg. Stop Switchbox S2;;-100;-100;450;20;0xff;0xff00;true;;;;;;
Signals;General Control;EStop;;Bool;.ESErrors.Error[ES_P1AS12];=P1+A-S12      A10.1  5.1  E-Stop Control Panel;;-100;-100;450;20;0xff;0xff00;true;;;;;;
Signals;General Control;EStop;;Bool;.ESErrors.Error[ES_KKS13];=K+K-S13       A8.1   6.1  Emerg. Stop Trolley 1+ 4;;-100;-100;450;20;0xff;0xff00;true;;;;;;
Signals;General Control;EStop;;Bool;.ESErrors.Error[ES_KKS11];=K+K-S11       A8.1   5.2  Emerg. Stop Trolley 2+ 3;;-100;-100;450;20;0xff;0xff00;true;;;;;;
Signals;General Control;EStop;;Bool;.ESErrors.Error[ES_KKS12];=K+K-S12       A8.1   6.2  Emerg. Stop On X7;;-100;-100;450;20;0xff;0xff00;true;;;;;;
Signals;General Control;EStop;;Bool;.ESErrors.Error[ES_KKS15];=K+K-S15       A7.1   2.2  Emerg. Stop Cabin Entry;;-100;-100;450;20;0xff;0xff00;true;;;;;;
Signals;General Control;EStop;;Bool;.ESErrors.Error[ES_GAS74];=G+A-S74       A7.1   3.1  Maint.Switch Festoon Area;;-100;-100;450;20;0xff;0xff00;true;;;;;;
Signals;General Control;EStop;;Bool;.ESErrors.Error[ES_S1AS2];=S1+A-S2       A7.1   6.4  Emerg. Stop 2 S1;;-100;-100;450;20;0xff;0xff00;true;;;;;;
;;;;;;;;;;;;;;;;;;;;
;;;;;;;;;;;;;;;;;;;;
Signals;General Control;SafetyChain;;Bool;.iQ_PhaseFault;=S1+A-Q7       A1.2   7.2  Phase Fault;;24;20;450;20;0xff00;0xff;true;;;;;;
Signals;General Control;SafetyChain;;Bool;.iPhaseFault;=S1+A-F8       A1.2   7.1  Phase Fault;;-100;-100;450;20;0xff00;0xff;true;;;;;;
Signals;General Control;SafetyChain;;Bool;.iMainSwitchDrives;=S1+A-Q4       A1.2   8.1  Main Switch Drives;;-100;-100;450;20;0xff00;0xff;true;;;;;;
Signals;General Control;SafetyChain;;Bool;.iMainswitchHeatLight;=S1+A-Q2       A1.2   8.3  Mainswitch Heating+Light.;;-100;-100;450;20;0xff00;0xff;true;;;;;;
Signals;General Control;SafetyChain;;Bool;.iQ_AuxSupplyDrives;=S1+A-Q6       A1.2   7.4  Aux. Supply Drives;;-100;-100;450;20;0xff00;0xff;true;;;;;;
Signals;General Control;SafetyChain;;Bool;.iQ_Supply_S2;=S1+R-Q10      A1.1   7.2  Supply Switchbox S2;;-100;-100;450;20;0xff00;0xff;true;;;;;;
Signals;General Control;SafetyChain;;Bool;.iSupplySetvalueJoystick;=S1+A-Q13/F21  A7.1   5.2  Supply Setvalue Joysticks;;-100;-100;450;20;0xff00;0xff;true;;;;;;
Signals;General Control;SafetyChain;;Bool;.iQ_ControlVolt115V;=S1+A-Q9       A1.2   8.2  Control Voltage 115V;;-100;-100;450;20;0xff00;0xff;true;;;;;;
Signals;General Control;SafetyChain;;Bool;.iF9_ControlVolt115V;=S1+A-F9       A7.1   6.1  Control Voltage 115V;;-100;-100;450;20;0xff00;0xff;true;;;;;;
Signals;General Control;SafetyChain;;Bool;.iF10_ControlVolt115V;=S1+A-F10      A7.1   5.1  Control Voltage 115V;;-100;-100;450;20;0xff00;0xff;true;;;;;;
Signals;General Control;SafetyChain;;Bool;.iQ_ControlVolt24VDC;=S1+A-Q12      A1.2   7.3  Control Voltage 24VDC;;-100;-100;450;20;0xff00;0xff;true;;;;;;
Signals;General Control;SafetyChain;;Bool;.iF12_ControlVolt24VDC;=S1+A-F12      A7.1   1.3  Control Voltage 24VDC;;-100;-100;450;20;0xff00;0xff;true;;;;;;
Signals;General Control;SafetyChain;;Bool;.iF13_ControlVolt24VDC;=S1+A-F13      A7.1   8.4  Control Voltage 24VDC;;-100;-100;450;20;0xff00;0xff;true;;;;;;
Signals;General Control;SafetyChain;;Bool;.iF14_ControlVolt24VDC;=S1+A-F14      A7.1   7.4  Control Voltage 24VDC;;-100;-100;450;20;0xff00;0xff;true;;;;;;
Signals;General Control;SafetyChain;;Bool;.iF15_ControlVolt24VDC;=S1+A-F15      A7.1   8.3  Control Voltage 24VDC;;-100;-100;450;20;0xff00;0xff;true;;;;;;
Signals;General Control;SafetyChain;;Bool;.iQ_AuxSupply;=S1+A-Q63      A1.1   6.3  Aux. Supply 24V Prim.;;-100;-100;450;20;0xff00;0xff;true;;;;;;
Signals;General Control;SafetyChain;;Bool;.iSupply24V_S2;=S2+A-Q1       A8.1   3.1  Breaker Supply 24V S2;;-100;-100;450;20;0xff00;0xff;true;;;;;;
Signals;General Control;SafetyChain;;Bool;.iSupply24V_L212;=S2+A-F4       A8.1   8.2  Supply L212+24V;;536;20;450;20;0xff00;0xff;true;;;;;;
Signals;General Control;SafetyChain;;Bool;.iF_SupplyPotis;=S1+A-F26      A7.1   2.3  Supply Potis;;-100;-100;450;20;0xff00;0xff;true;;;;;;
Signals;General Control;SafetyChain;;Bool;.iHT_Trafo_OilLevel;=G+A-F1        A7.1   5.3  HT-Transformer Oil Level;;-100;-100;450;20;0xff00;0xff;true;;;;;;
Signals;General Control;SafetyChain;;Bool;.HWErrors.Error[HW_S1AK6];Fault S1AK6  Crane On;;-100;-100;450;20;0xff;0xff00;true;;;;;;
Signals;General Control;SafetyChain;;Bool;.HWErrors.Error[HW_S1AK01];Fault S1AK01 Reset Emerg. Stop;;-100;-100;450;20;0xff;0xff00;true;;;;;;
Signals;General Control;SafetyChain;;Bool;.HWErrors.Error[HW_S1AK5M];Fault S1AK5M Aux. Supply;;-100;-100;450;20;0xff;0xff00;true;;;;;;
;;;;;;;;;;;;;;;;;;;;
Signals;General Control;SafetyChain;;Bool;GENERAL_CONTROL.bSafetyChain;Flag for SafetyChain;;-100;-120;450;20;0xff00;0xff;true;;;;;;
;;;;;;;;;;;;;;;;;;;;
;;;;;;;;;;;;;;;;;;;;
Signals;Crane On;P1;;Bool;.iCraneOn_NO_P1;=P1+A-S1-N/O   A10.1  5.2  Crane On (N/O);;10;24;450;20;0xff00;0x808080;true;;;;;;
Signals;Crane On;P1;;Bool;.iCraneOn_NC_P1;=P1+A-S1-N/C   A10.1  6.2  Crane On (N/C);;-100;-100;450;20;0xff00;0x808080;true;;;;;;
Signals;Crane On;P1;;Bool;.iCraneOffOnP1;=P1+A-S2       A10.1  7.1  Crane Off/On;;-100;-100;450;20;0xff00;0x808080;true;;;;;;
Signals;Crane On;P1;;Bool;.bEStop_OK;E-Stop OK;;-100;-100;450;20;0xff00;0x808080;true;;;;;;
Signals;Crane On;P1;;Bool;GENERAL_CONTROL.bSafetyChain;Flag for SafetyChain;;-100;-100;450;20;0xff00;0x808080;true;;;;;;
Signals;Crane On;P1;;Bool;.bBrakeMonitor;Monitor Brake Contactors all Drive;;-100;-100;450;20;0xff00;0x808080;true;;;;;;
Signals;Crane On;P1;;Bool;.bCraneDisable;Crane disabled;;-100;-100;450;20;0xff00;0x808080;true;;;;;;
Signals;Crane On;P1;;Bool;.iLS_SlackRopeRight;=H+E-S13       A7.5   1.3  Boom Slack Rope Right;;-100;-100;450;20;0xff00;0x808080;true;;;;;;
Signals;Crane On;P1;;Bool;.iLS_SlackRopeLeft;=H+E-S12       A7.5   2.3  Boom Slack Rope Left;;-100;-100;450;20;0xff00;0x808080;true;;;;;;
Signals;Crane On;P1;;Bool;.iLs_60degPosLs1;=G+E-S15       A7.5   8.4  LS Boom 60° Up LS1       or slackrope;;-100;-100;450;20;0xff00;0x808080;true;;;;;;
Signals;Crane On;P1;;Bool;.iLs_60degPosLs2;=G+E-S15.1     A7.5   7.4  LS Boom 60° Up LS2       or slackrope;;-100;-100;450;20;0xff00;0x808080;true;;;;;;
Signals;Crane On;P1;;Bool;.bZeroPosition;Zero PositionFlag for Zero Position Joysticks;;-100;-100;450;20;0xff00;0x808080;true;;;;;;
Signals;Crane On;P1;;Bool;.qCraneOnGeneral;=S1+A-K6       A7.6   5.2  Crane On General;;-100;-100;450;20;0xff00;0x808080;true;;;;;;
Signals;Crane On;P1;;Bool;GENERAL_CONTROL.bOffTime;Delay Restart after Switch Off;;-100;-100;450;20;0x808080;0xff00;true;;;;;;
;;;;;;;;;;;;;;;;;;;;
Signals;Crane On;P1;;Bool;.bCraneOnP1;Flag for CraneOn from P1;;-100;-124;450;20;0xff00;0x808080;true;;;;;;
;;;;;;;;;;;;;;;;;;;;
;;;;;;;;;;;;;;;;;;;;
Signals;Crane On;P1;;Bool;.iBoomOn_NO_P1;=P1+E-S1-N/O   A10.1  3.1  Boom On (N/O);;510;24;450;20;0xff00;0x808080;true;;;;;;
Signals;Crane On;P1;;Bool;.iBoomOn_NC_P1;=P1+E-S1-N/C   A10.1  4.1  Boom On (N/C);;-100;-100;450;20;0xff00;0x808080;true;;;;;;
Signals;Crane On;P1;;Bool;.iCraneOffOnP1;=P1+A-S2       A10.1  7.1  Crane Off/On;;-100;-100;450;20;0xff00;0x808080;true;;;;;;
Signals;Crane On;P1;;Bool;.bEStop_OK;E-Stop OK;;-100;-100;450;20;0xff00;0x808080;true;;;;;;
Signals;Crane On;P1;;Bool;GENERAL_CONTROL.bSafetyChain;Flag for SafetyChain;;-100;-100;450;20;0xff00;0x808080;true;;;;;;
Signals;Crane On;P1;;Bool;.bBrakeMonitor;Monitor Brake Contactors all Drive;;-100;-100;450;20;0xff00;0x808080;true;;;;;;
Signals;Crane On;P1;;Bool;.bCraneDisable;Crane disabled;;-100;-100;450;20;0xff00;0x808080;true;;;;;;
Signals;Crane On;P1;;Bool;.bZeroPosition;Zero PositionFlag for Zero Position Joysticks;;-100;-100;450;20;0xff00;0x808080;true;;;;;;
Signals;Crane On;P1;;Bool;.qCraneOnGeneral;=S1+A-K6       A7.6   5.2  Crane On General;;-100;-100;450;20;0xff00;0x808080;true;;;;;;
Signals;Crane On;P1;;Bool;GENERAL_CONTROL.bOffTime;Delay Restart after Switch Off;;-100;-100;450;20;0x808080;0xff00;true;;;;;;
Signals;Crane On;P1;;Bool;.bBoomOnP1;Flag for Boom On from P1;;-100;-124;450;20;0xff00;0x808080;true;;;;;;
;;;;;;;;;;;;;;;;;;;;
Signals;Crane On;S1;;Bool;.iCraneOn_NO_S1;=S1+A-S5-N/O   A1.2   3.2  Crane On (N/O);;10;24;450;20;0xff00;0x808080;true;;;;;;
Signals;Crane On;S1;;Bool;.iCraneOn_NC_S1;=S1+A-S5-N/C   A1.2   4.2  Cane On (N/C);;-100;-100;450;20;0xff00;0x808080;true;;;;;;
Signals;Crane On;S1;;Bool;.iCraneOff_S1;=S1+A-S4       A1.2   4.1  Crane Off;;-100;-100;450;20;0xff00;0x808080;true;;;;;;
Signals;Crane On;S1;;Bool;.bEStop_OK;E-Stop OK;;-100;-100;450;20;0xff00;0x808080;true;;;;;;
Signals;Crane On;S1;;Bool;GENERAL_CONTROL.bSafetyChain;Flag for SafetyChain;;-100;-100;450;20;0xff00;0x808080;true;;;;;;
Signals;Crane On;S1;;Bool;.bBrakeMonitor;Monitor Brake Contactors all Drive;;-100;-100;450;20;0xff00;0x808080;true;;;;;;
Signals;Crane On;S1;;Bool;.bCraneDisable;Crane disabled;;-100;-100;450;20;0xff00;0x808080;true;;;;;;
Signals;Crane On;S1;;Bool;.bZeroPosition;Zero PositionFlag for Zero Position Joysticks;;-100;-100;450;20;0xff00;0x808080;true;;;;;;
Signals;Crane On;S1;;Bool;.qCraneOnGeneral;=S1+A-K6       A7.6   5.2  Crane On General;;-100;-100;450;20;0xff00;0x808080;true;;;;;;
Signals;Crane On;S1;;Bool;GENERAL_CONTROL.bOffTime;Delay Restart after Switch Off;;-100;-100;450;20;0x808080;0xff00;true;;;;;;
Signals;Crane On;S1;;Bool;.iHoistSelected;=S1+A-S18.1    A1.1   1.1  Hoist Selected;;-100;-100;450;20;0xff00;0x808080;true;;;;;;
Signals;Crane On;S1;;Bool;.iBoomSelected;=S1+A-S18.2    A1.1   2.1  Boom Selected;;-100;-100;450;20;0xff00;0x808080;true;;;;;;
;;;;;;;;;;;;;;;;;;;;
Signals;Crane On;S1;;Bool;.bCraneOnS1;Flag for CraneOn from S1;;-100;-124;450;20;0xff00;0x808080;true;;;;;;
;;;;;;;;;;;;;;;;;;;;
Signals;Crane On;S1;;Bool;.iHoistSelected;=S1+A-S18.1    A1.1   1.1  Hoist Selected;;-100;-124;450;20;0xff00;0x808080;true;;;;;;
Signals;Crane On;S1;;Bool;.bHoistOnS1;Flag for Hoist On from S1;;-100;-100;450;20;0xff00;0x808080;true;;;;;;
;;;;;;;;;;;;;;;;;;;;
Signals;Crane On;S1;;Bool;.iBoomSelected;=S1+A-S18.2    A1.1   2.1  Boom Selected;;-100;-124;450;20;0xff00;0x808080;true;;;;;;
Signals;Crane On;S1;;Bool;.bBoomOnS1;Flag for Boom On from S1;;-100;-100;450;20;0xff00;0x808080;true;;;;;;
;;;;;;;;;;;;;;;;;;;;
Signals;Crane On;P20;;Bool;.iCraneOn_NO_P20;=P20+A-S1-N/O  A4.5   6.1  Crane On (N/O);;10;24;450;20;0xff00;0x808080;true;;;;;;
Signals;Crane On;P20;;Bool;.iCraneOn_NC_P20;=P20+A-S1-N/C  A4.5   5.4  Crane On (N/C);;-100;-100;450;20;0xff00;0x808080;true;;;;;;
Signals;Crane On;P20;;Bool;.iCraneOffOnP20;=P20+A-S2      A4.5   5.1  Crane Off/On;;-100;-100;450;20;0xff00;0x808080;true;;;;;;
Signals;Crane On;P20;;Bool;.bEStop_OK;E-Stop OK;;-100;-100;450;20;0xff00;0x808080;true;;;;;;
Signals;Crane On;P20;;Bool;GENERAL_CONTROL.bSafetyChain;Flag for SafetyChain;;-100;-100;450;20;0xff00;0x808080;true;;;;;;
Signals;Crane On;P20;;Bool;.bBrakeMonitor;Monitor Brake Contactors all Drive;;-100;-100;450;20;0xff00;0x808080;true;;;;;;
Signals;Crane On;P20;;Bool;.bCraneDisable;Crane disabled;;-100;-100;450;20;0xff00;0x808080;true;;;;;;
Signals;Crane On;P20;;Bool;.bZeroPosition;Zero PositionFlag for Zero Position Joysticks;;-100;-100;450;20;0xff00;0x808080;true;;;;;;
Signals;Crane On;P20;;Bool;.qCraneOnGeneral;=S1+A-K6       A7.6   5.2  Crane On General;;-100;-100;450;20;0xff00;0x808080;true;;;;;;
Signals;Crane On;P20;;Bool;GENERAL_CONTROL.bOffTime;Delay Restart after Switch Off;;-100;-100;450;20;0x808080;0xff00;true;;;;;;
Signals;Crane On;P20;;Bool;.bCraneOnP20;Flag for CraneOn from P20;;-100;-124;450;20;0xff00;0x808080;true;;;;;;
;;;;;;;;;;;;;;;;;;;;
Signals;Desks;P1; ;Bool;.iCraneOffOnP1;=P1+A-S2       A10.1  7.1  Crane Off/On;;10;10;450;20;0xff00;0x808080;true;;;;;;
Signals;Desks;P1; ;Bool;.iCraneOn_NO_P1;=P1+A-S1-N/O   A10.1  5.2  Crane On (N/O);;10;-100;450;20;0xff00;0x808080;true;;;;;;
Signals;Desks;P1; ;Bool;.iCraneOn_NC_P1;=P1+A-S1-N/C   A10.1  6.2  Crane On (N/C);;10;-100;450;20;0xff00;0x808080;true;;;;;;
Signals;Desks;P1; ;Bool;.iAudioCancel; =P1+A-S6       A10.1  7.2  Audio Cancel;;10;-100;450;20;0xff00;0x808080;true;;;;;;
Signals;Desks;P1; ;Bool;.iHorn;=P1+A-S5       A10.1  8.1  Horn;;10;-100;450;20;0xff00;0x808080;true;;;;;;
Signals;Desks;P1; ;Bool;.iParkingBypass;=P1+A-S10      A10.1  8.2  Parking Bypass;;10;-100;450;20;0xff00;0x808080;true;;;;;;
Signals;Desks;P1; ;Bool;.iTrolleyAutopark;=P1+K-S23      A9.1   4.2  Trolley Autopark;;10;-100;450;20;0xff00;0x808080;true;;;;;;
Signals;Desks;P1; ;Bool;.iStormanchorUpDownP1;=P1+F-S11      A9.1   8.4  Stormanchor Up/Down;;10;-100;450;20;0xff00;0x808080;true;;;;;;
;;;;;;;;;;;;;;;;;;;;
Signals;Desks;P1; ;Bool;.qhCraneOnP1;=P1+A-H1       A10.2  1.1  Crane On lamp P1;;10;-124;450;20;0xff00;0x808080;true;;;;;;
Signals;Desks;P1; ;Bool;.qhEStopActivated;=P1+A-H3       A10.2  2.1  Emerg. Stop Activated;;10;-100;450;20;0xff00;0x808080;true;;;;;;
Signals;Desks;P1; ;Bool;.qhHighWind;=P1+A-H5       A10.2  1.4  High Wind lamp;;10;-100;450;20;0xff00;0x808080;true;;;;;;
Signals;Desks;P1; ;Bool;.qhWindWarning;=P1+A-H6       A10.2  2.4  Wind Warning;;10;-100;450;20;0xff00;0x808080;true;;;;;;
Signals;Desks;P1; ;Bool;.qhOverload;=P1+A-H13      A10.2  8.1  Overload lamp;;10;-100;450;20;0xff00;0x808080;true;;;;;;
Signals;Desks;P1; ;Bool;.qhWarningOverload;=P1+A-H10      A10.2  7.4  Warning Overload;;10;-100;450;20;0xff00;0x808080;true;;;;;;
x;Desks;P1; ;Bool;.qhHeavyLift;=P1+A-H11      A10.2  5.4  Heavy Lift;;10;-100;450;20;0xff00;0x808080;true;;;;;;
Signals;Desks;P1; ;Bool;.qAudioAlarm;=P1+A-H20      A10.2  8.4  Audio Alarm;;10;-100;450;20;0xff00;0x808080;true;;;;;;
Signals;Desks;P1; ;Bool;.qhElectricalFault;=P1+A-H8       A10.2  3.1  Electrical Fault lamp;;10;-100;450;20;0xff00;0x808080;true;;;;;;
Signals;Desks;P1; ;Bool;.qhTwinLegsUp;=P1+A-H24      A9.2   2.1  Twin Legs Up lamp;;10;-100;450;20;0xff00;0x808080;true;;;;;;
Signals;Desks;P1; ;Bool;.qhTwinLegsDown;=P1+A-H25      A9.2   1.4  Twin Legs Down lamp;;10;-100;450;20;0xff00;0x808080;true;;;;;;
Signals;Desks;P1; ;Bool;.qhGateOpen;=P1+A-H4       A9.2   7.1  Gate Open;;10;-100;450;20;0xff00;0x808080;true;;;;;;
Signals;Desks;P1; ;Bool;.qhTrolleyParked;=P1+K-H22      A9.2   7.4  Trolley Parked;;10;-100;450;20;0xff00;0x808080;true;;;;;;
Signals;Desks;P1; ;Bool;.qhAutopark;=P1+K-H23      A9.2   5.1  Trolley Autopark;;10;-100;450;20;0xff00;0x808080;true;;;;;;
Signals;Desks;P1; ;Bool;.qhStormanchorPositionP1;=P1+F-H10      A9.2   3.1  Stormanchor Position;;10;-100;450;20;0xff00;0x808080;true;;;;;;
Signals;Desks;P1; ;Bool;.qhStormAnchorsUpP1;=P1+F-H11      A9.2   5.4  Storm Anchors Up;;10;-100;450;20;0xff00;0x808080;true;;;;;;
Signals;Desks;P1; ;Bool;.qhStormAnchorsDownP1;=P1+F-H12      A9.2   6.4  Storm Anchors Down;;10;-100;450;20;0xff00;0x808080;true;;;;;;
Signals;Desks;P1; ;Bool;.qhRailclampsUpP1;=P1+F-H13      A9.2   6.1  Railclamps Up;;10;-100;450;20;0xff00;0x808080;true;;;;;;
;;; ;;;;;;;;;;;;;;;;;
Signals;Desks;P1; ;Bool;.iBoomOn_NO_P1;=P1+E-S1-N/O   A10.1  3.1  Boom On (N/O);;510;10;450;20;0xff00;0x808080;true;;;;;;
Signals;Desks;P1; ;Bool;.iBoomOn_NC_P1;=P1+E-S1-N/C   A10.1  4.1  Boom On;;510;-100;450;20;0xff00;0x808080;true;;;;;;
Signals;Desks;P1; ;Bool;.iBoomUp_P1; =P1+E-S3       A10.1  3.2  Boom Up;;510;-100;450;20;0xff00;0x808080;true;;;;;;
Signals;Desks;P1; ;Bool;.iBoomDown_P1;=P1+E-S4       A10.1  4.2  Boom Down;;510;-100;450;20;0xff00;0x808080;true;;;;;;
Signals;Desks;P1; ;Bool;.iBoomStop_P1;=P1+E-S5       A10.1  3.3  Boom Stop;;510;-100;450;20;0xff00;0x808080;true;;;;;;
;;;;;;;;;;;;;;;;;;;;
Signals;Desks;P1; ;Bool;.qhBoomReady_P1;=P1+A-H23      A9.2   1.1  Boom Ready lamp;;510;-124;450;20;0xff00;0x808080;true;;;;;;
Signals;Desks;P1; ;Bool;.qhBoomOn_P1;=P1+E-H1       A10.2  5.1  Boom On lamp;;510;-100;450;20;0xff00;0x808080;true;;;;;;
Signals;Desks;P1; ;Bool;.qhBoomUp_P1;=P1+E-H2       A10.2  6.1  Boom Up lamp;;510;-100;450;20;0xff00;0x808080;true;;;;;;
Signals;Desks;P1; ;Bool;.qhBoomDown_P1;=P1+E-H3       A10.2  6.4  Boom Down lamp;;510;-100;450;20;0xff00;0x808080;true;;;;;;
;;;;;;;;;;;;;;;;;;;;
Signals;Desks;P1; ;Bool;.iSpreaderOff;=P1+A-S21      A9.1   5.1  Spreader Off;;510;-124;450;20;0xff00;0x808080;true;;;;;;
Signals;Desks;P1; ;Bool;.iSpreaderOnP1;=P1+A-S16      A9.1   7.2  Spreader On;;510;-100;450;20;0xff00;0x808080;true;;;;;;
Signals;Desks;P1; ;Bool;.iTrimRight;=P1+T-S1       A9.1   1.1  Trim Right;;510;-100;450;20;0xff00;0x808080;true;;;;;;
Signals;Desks;P1; ;Bool;.iTrimLeft;=P1+T-S2       A9.1   2.1  Trim Left;;510;-100;450;20;0xff00;0x808080;true;;;;;;
Signals;Desks;P1; ;Bool;.iListForward;=P1+L-S1       A9.1   2.3  List Forward;;510;-100;450;20;0xff00;0x808080;true;;;;;;
Signals;Desks;P1; ;Bool;.iListReverse;=P1+L-S1       A9.1   1.3  List Reverse;;510;-100;450;20;0xff00;0x808080;true;;;;;;
Signals;Desks;P1; ;Bool;.iSkewRight;=P1+J-S1       A9.1   1.2  Skew Right;;510;-100;450;20;0xff00;0x808080;true;;;;;;
Signals;Desks;P1; ;Bool;.iSkewLeft;=P1+J-S1       A9.1   2.2  Skew Left;;510;-100;450;20;0xff00;0x808080;true;;;;;;
Signals;Desks;P1; ;Bool;.iZeroTrimListSkew;=P1+A-S11      A9.1   7.4  Zero Trim/List/Skew;;510;-100;450;20;0xff00;0x808080;true;;;;;;
Signals;Desks;P1; ;Bool;.iTwinLegsUp;=P1+S-S24      A9.1   4.3  Twin Legs Up;;510;-100;450;20;0xff00;0x808080;true;;;;;;
Signals;Desks;P1; ;Bool;.iTwinLegsDown;=P1+S-S25      A9.1   3.4  Twin Legs Down;;510;-100;450;20;0xff00;0x808080;true;;;;;;
Signals;Desks;P1; ;Bool;.i20FtSwitch;=P1+S-S2       A9.1   1.4  20 Ft.Switch;;510;-100;450;20;0xff00;0x808080;true;;;;;;
Signals;Desks;P1; ;Bool;.i40FtSwitch;=P1+S-S2       A9.1   3.3  40 Ft.Switch;;510;-100;450;20;0xff00;0x808080;true;;;;;;
Signals;Desks;P1; ;Bool;.i2x20FtPosSwitch;=P1+S-S2       A9.1   4.4  2x20 Ft. Position switch;;510;-100;450;20;0xff00;0x808080;true;;;;;;
Signals;Desks;P1; ;Bool;.i45FtSwitch;=P1+S-S2       A9.1   2.4  45 Ft.Switch;;510;-100;450;20;0xff00;0x808080;true;;;;;;
Signals;Desks;P1; ;Bool;.iRetractIn;=P1+S-S10      A9.1   7.3  Retract In;;510;-100;450;20;0xff00;0x808080;true;;;;;;
Signals;Desks;P1; ;Bool;.iExpandOut;=P1+S-S11      A9.1   8.3  Expand Out;;510;-100;450;20;0xff00;0x808080;true;;;;;;
Signals;Desks;P1; ;Bool;.iSetPosSeaside;=P1+S-S12      A9.1   5.4  Set Position Seaside;;510;-100;450;20;0xff00;0x808080;true;;;;;;
Signals;Desks;P1; ;Bool;.qSetPosSeaside;=P1+S-H12      A9.2   3.4  Set Position Seaside;;510;-100;450;20;0xff00;0x808080;true;;;;;;
Signals;Desks;P1; ;Bool;.iSetPosLandside;=P1+S-S13      A9.1   6.4  Set Position Landside;;510;-100;450;20;0xff00;0x808080;true;;;;;;
Signals;Desks;P1; ;Bool;.qSetPosLandside;=P1+S-H13      A9.2   4.4  Set Position Landside;;510;-100;450;20;0xff00;0x808080;true;;;;;;
Signals;Desks;P1; ;Bool;.iCenterSpreaderOff;=P1+S-S8       A9.1   3.1  Center Spreader Off;;510;-100;450;20;0xff00;0x808080;true;;;;;;
Signals;Desks;P1; ;Bool;.iCenterSpreaderManual;=P1+S-S8       A9.1   4.1  Center Spreader Manual;;510;-100;450;20;0xff00;0x808080;true;;;;;;
Signals;Desks;P1; ;Bool;.iCenterSpreaderAuto;=P1+S-S8       A9.1   3.2  Center Spreader Autom.;;510;-100;450;20;0xff00;0x808080;true;;;;;;
Signals;Desks;P1; ;Bool;.iFlippersUpDown;=P1+S-S22      A9.1   6.1  Flippers Up Down;;510;-100;450;20;0xff00;0x808080;true;;;;;;
Signals;Desks;P1; ;Bool;.iFlipper1;=P1+S-S4.1     A9.1   5.2  Flipper 1;;510;-100;450;20;0xff00;0x808080;true;;;;;;
Signals;Desks;P1; ;Bool;.iFlipper2;=P1+S-S4.2     A9.1   6.2  Flipper 2;;510;-100;450;20;0xff00;0x808080;true;;;;;;
Signals;Desks;P1; ;Bool;.iFlipper3;=P1+S-S4.3     A9.1   7.1  Flipper 3;;510;-100;450;20;0xff00;0x808080;true;;;;;;
Signals;Desks;P1; ;Bool;.iFlipper4;=P1+S-S4.4     A9.1   8.1  Flipper 4;;510;-100;450;20;0xff00;0x808080;true;;;;;;
;;;;;;;;;;;;;;;;;;;;
Signals;Desks;P20; ;Bool;.iCraneOffOnP20;=P20+A-S2      A4.5   5.1  Crane Off/On;;10;10;450;20;0xff00;0x808080;true;;;;;;
Signals;Desks;P20; ;Bool;.iCraneOn_NO_P20;=P20+A-S1-N/O  A4.5   6.1  Crane On (N/O);;10;-100;450;20;0xff00;0x808080;true;;;;;;
Signals;Desks;P20; ;Bool;.iCraneOn_NC_P20;=P20+A-S1-N/C  A4.5   5.4  Crane On (N/C);;10;-100;450;20;0xff00;0x808080;true;;;;;;
Signals;Desks;P20; ;Bool;.iHornP20;=P20+A-S3      A4.5   7.1  Horn;;10;-100;450;20;0xff00;0x808080;true;;;;;;
Signals;Desks;P20; ;Bool;.iStormanchorUpDownP20;=P20+F-S11     A4.5   1.1  Stormanchor Up/Down;;10;-100;450;20;0xff00;0x808080;true;;;;;;
;;;;;;;;;;;;;;;;;;;;
Signals;Desks;P20; ;Bool;.qhCraneOnP20;=P20+A-H1      A4.7   2.1  Crane On lamp P20;;10;-124;450;20;0xff00;0x808080;true;;;;;;
Signals;Desks;P20; ;Bool;.qhStormAnchorsUpP20;=P20+F-H11     A4.7   1.4  Storm Anchors Up;;10;-100;450;20;0xff00;0x808080;true;;;;;;
Signals;Desks;P20; ;Bool;.qhStormAnchorsDownP20;=P20+F-H12     A4.7   2.4  Storm Anchors Down;;10;-100;450;20;0xff00;0x808080;true;;;;;;
Signals;Desks;P20; ;Bool;.qhRailclampsUpP20;=P20+F-H13     A4.7   3.1  Railclamps Up;;10;-100;450;20;0xff00;0x808080;true;;;;;;
Signals;Desks;P20; ;Bool;.qhStormanchorPositionP20;=P20+F-H10     A4.7   6.1  Stormanchor Position;;10;-100;450;20;0xff00;0x808080;true;;;;;;
;;;;;;;;;;;;;;;;;;;;
Signals;Desks;P20; ;Bool;.iJoystTravelZeroP20;=P20+F-S4      A4.5   8.4  Joystick Travel Zero P20;;10;-124;450;20;0xff00;0x808080;true;;;;;;
Signals;Desks;P20; ;Bool;.iTravelRightP20;=P20+F-S2      A4.5   8.1  Travel Right P20;;10;-100;450;20;0xff00;0x808080;true;;;;;;
Signals;Desks;P20; ;Bool;.iTravelLeftP20;=P20+F-S3      A4.5   7.4  Travel Left P20;;10;-100;450;20;0xff00;0x808080;true;;;;;;
;;;;;;;;;;;;;;;;;;;;
Signals;Hoist;Meters;;Double;Digivert_Hoist_1.vis_iArmVoltage;VoltageH1[V];;75;100;100;400;0xff;0xffff;true;-500;500;-400;400;-450;450
Signals;Hoist;Meters;;Double;Digivert_Hoist_1.vis_iArmCurrent;Current1 [A];;225;100;100;400;0xff;0xffff;true;0;1800;0;1090;0;1500
Signals;Hoist;Meters;;Double;Digivert_Hoist_2.vis_iArmVoltage;Voltage2 [V];;375;100;100;400;0xff;0xffff;true;-500;500;-400;400;-450;450
Signals;Hoist;Meters;;Double;Digivert_Hoist_2.vis_iArmCurrent;Current2 [A];;525;100;100;400;0xff;0xffff;true;0;1800;0;1090;0;1500
Signals;Hoist;Meters;;Double;Digivert_Hoist_1.vis_iSpeed;Speed [rpm];;675;100;100;400;0xff;0xffff;true;-2000;2000;-1850;1850;-2000;2000
Signals;Hoist;Meters;;Double;EMS_UPDATE.LOAD.rSCAL_VALUE;Load [t];;825;100;100;400;0xff;0xffff;true;-10;100;0;58;0;78
;;;;;;;;;;;;;;;;;;;;
Signals;Hoist;Curves;;Double;Digivert_Hoist_1.vis_iArmVoltage;Voltage1[V];;24;3;950;180;0xff;0xffff;true;-500;500;;;;
Signals;Hoist;Curves;;Double;Digivert_Hoist_2.vis_iArmVoltage;Voltage2[V];;24;3;950;180;0xff;0xffff;true;-500;500;;;;
Signals;Hoist;Curves;;Double;Digivert_Hoist_1.vis_iArmCurrent;Current1[A];;24;186;950;180;0xff;0xffff;true;0;1800;;;;
Signals;Hoist;Curves;;Double;Digivert_Hoist_2.vis_iArmCurrent;Current2[A];;24;186;950;180;0xff;0xffff;true;0;1800;;;;
Signals;Hoist;Curves;;Double;EMS_UPDATE.LOAD.rSCAL_VALUE;Load[t];;24;369;950;180;0xff;0xffff;true;-10;100;;;;
Signals;Hoist;Curves;;Double;Digivert_Hoist_1.vis_iSpeed;Speed[rpm];;24;369;950;180;0xff;0xffff;true;-2000;2000;;;;
;;;;;;;;;;;;;;;;;;;;
;;;;;;;;;;;;;;;;;;;;
Signals;Hoist;LimitSwitches;;Bool;.iBrakeHoistOpen1;=G+H-Y1M       A4.2   8.2  LS Brake Hoist open;;650;10;350;20;0x808080;0xff00;true;;;;;;
Signals;Hoist;LimitSwitches;;Bool;.iBrakeHoistOpen2;=G+H-Y11M      A4.2   7.2  LS Brake Hoist open;;650;-100;350;20;0x808080;0xff00;true;;;;;;
;;;;;;;;;;;;;;;;;;;;
Signals;Hoist;LimitSwitches;;Bool;.iEStopLsHoistUp;=S1+H-K9       A4.1   8.3  Emerg.Stop LS Hoist UP;;10;10;350;20;0xff00;0xff;true;;;;;;
Signals;Hoist;LimitSwitches;;Bool;.iLimitSwHoistUp;=G+H-S3        A4.2   7.4  Limit Switch Hoist Up;;10;-100;350;20;0xff00;0x808080;true;;;;;;
Signals;Hoist;LimitSwitches;;Bool;.iPreLimitSwHoistUp10;=G+H-S2        A4.2   7.3  Pre-LS HoistUp 10%;;10;-100;350;20;0xff00;0x808080;true;;;;;;
Signals;Hoist;LimitSwitches;;Bool;.iPreLimitSwHoistUp50;=G+H-S6        A4.2   7.1  Pre-LS HoistUp 50%;;10;-100;350;20;0xff00;0x808080;true;;;;;;
Signals;Hoist;LimitSwitches;;Bool;.iPreLimitSwHoistDown50;=G+H-S4        A4.2   8.3  Pre-LS Hoist Down 50%;;10;-100;350;20;0xff00;0x808080;true;;;;;;
Signals;Hoist;LimitSwitches;;Bool;.iLimitSwHoistDown;=G+H-S5        A4.2   8.4  Limit Switch Hoist Down;;10;-100;350;20;0xff00;0x808080;true;;;;;;
;;;;;;;;;;;;;;;;;;;;
;;;;;;;;;;;;;;;;;;;;
Signals;Hoist;SafetyChain;Hoist1;Bool;HOIST_21_GENERAL.bSafetyChainHoist1;Flag Safetychain Hoist 1;;10;20;450;24;0xff00;0xff;true;;;;;;
Signals;Hoist;SafetyChain;Hoist1;Bool;.iSupplyElectronicsR1;=S1+H-F9       A4.1   5.3  Supply Electronics R1;;10;50;450;20;0xff00;0xff;true;;;;;;
Signals;Hoist;SafetyChain;Hoist1;Bool;.iF_ContactorHoist;=S1+A-F10.1    A7.1   4.4  Hoist Contactor Supply;;10;-100;450;20;0xff00;0xff;true;;;;;;
Signals;Hoist;SafetyChain;Hoist1;Bool;.iQ_MainswitchHoist1;=S1+H-Q1       A1.2   3.1  Mainswitch Hoist 1;;10;-100;450;20;0xff00;0xff;true;;;;;;
Signals;Hoist;SafetyChain;Hoist1;Bool;.iRegVoltageHoist1;=S1+H-Q4       A4.1   8.2  Regulator Voltage Hoist 1;;10;-100;450;20;0xff00;0xff;true;;;;;;
Signals;Hoist;SafetyChain;Hoist1;Bool;.iMotorfieldHoist1_prim;=S1+H-Q6       A4.1   2.1  Motorfield Hoist 1 Prim.;;10;-100;450;20;0xff00;0xff;true;;;;;;
Signals;Hoist;SafetyChain;Hoist1;Bool;.iMotorfieldHoist1_sec;=S1+H-F7       A4.1   3.1  Motorfield Hoist 1 Sec.;;10;-100;450;20;0xff00;0xff;true;;;;;;
Signals;Hoist;SafetyChain;Hoist1;Bool;.iArmatureVoltage1_Hoist1;=S1+H-F3       A4.1   6.2  Armature Voltage Hoist 1;;10;-100;450;20;0xff00;0xff;true;;;;;;
Signals;Hoist;SafetyChain;Hoist1;Bool;.iArmatureVoltage2_Hoist1;=S1+H-F4       A4.1   7.1  Armature Voltage Hoist 1;;10;-100;450;20;0xff00;0xff;true;;;;;;
Signals;Hoist;SafetyChain;Hoist1;Bool;.iFuThyHoist1;=S1+H-U1       A4.1   5.1  Fuse Mon. Thy. Hoist 1;;10;-100;450;20;0xff00;0xff;true;;;;;;
Signals;Hoist;SafetyChain;Hoist1;Bool;.iEStopLsHoistUp;=S1+H-K9       A4.1   8.3  Emerg.Stop LS Hoist UP;;10;-100;450;20;0xff00;0xff;true;;;;;;
Signals;Hoist;SafetyChain;Hoist1;Bool;.iQ_Brake1Hoist;=S1+H-Q3       A4.1   3.2  Brake Hoist;;10;-100;450;20;0xff00;0xff;true;;;;;;
Signals;Hoist;SafetyChain;Hoist1;Bool;.iQ_Brake2Hoist;=S1+H-Q13      A4.1   4.2  Brake Hoist;;10;-100;450;20;0xff00;0xff;true;;;;;;
x;Hoist;SafetyChain;Hoist1;Bool;.iQ_EmergencyBrakeMotor;=S1+H-Q17      A4.2   3.1  Emergency Brake Motor;;10;-100;450;20;0xff00;0xff;true;;;;;;
x;Hoist;SafetyChain;Hoist1;Bool;.iF_EmergencyBrakeValves;=S1+H-F6       A4.2   3.2  Emergency Brake Valves;;10;-100;450;20;0xff00;0xff;true;;;;;;
x;Hoist;SafetyChain;Hoist1;Bool;.iF_CtrlValvesBoomBrake2;=S1+E-F6       A7.5   1.2  Ctrl Valves Boom Brake 2;;10;-100;450;20;0xff00;0xff;true;;;;;;
Signals;Hoist;SafetyChain;Hoist1;Bool;.QFErrors.Error[QF_S1HF2];S1HF2 Magn. Overcurrent. Hoist 1;;10;-100;450;20;0xff;0xff00;true;;;;;;
Signals;Hoist;SafetyChain;Hoist1;Bool;.HWErrors.Error[HW_S1HK3M];Fault S1HK3M Brake Hoist;;10;-100;450;20;0xff;0xff00;true;;;;;;
Signals;Hoist;SafetyChain;Hoist1;Bool;.HWErrors.Error[HW_S1HK13M];Fault S1HK13M Brake Hoist;;10;-100;450;20;0xff;0xff00;true;;;;;;
x;Hoist;SafetyChain;Hoist1;Bool;.HWErrors.Error[HW_S1HK23M];Fault S1HK23M Emergency Brakes Motor;;10;-100;450;20;0xff;0xff00;true;;;;;;
x;Hoist;SafetyChain;Hoist1;Bool;.HWErrors.Error[HW_S1HK24M];Fault S1HK24M Ctrl Valves E-Brake Hoist;;10;-100;450;20;0xff;0xff00;true;;;;;;
x;Hoist;SafetyChain;Hoist1;Bool;.HWErrors.Error[HW_S1HK25M];Fault S1HK25M Tank Shut Off Valve;;10;-100;450;20;0xff;0xff00;true;;;;;;
Signals;Hoist;SafetyChain;Hoist1;Bool;.HWErrors.Error[HW_S1HK3];Fault S1HK3 Lowering/BridgeOverload;;10;-100;450;20;0xff;0xff00;true;;;;;;
Signals;Hoist;SafetyChain;Hoist1;Bool;.HWErrors.Error[HW_S1HK10T_HK1M];Fault S1HK10T/HK1M Maincontactor Hoist 1;;10;-100;450;20;0xff;0xff00;true;;;;;;
Signals;Hoist;SafetyChain;Hoist1;Bool;.HWErrors.Error[HW_HOIST50DOWN];Hardwarefault Hoist PRE LS 50% Down;;10;-100;450;20;0xff;0xff00;true;;;;;;
Signals;Hoist;SafetyChain;Hoist1;Bool;.HWErrors.Error[HW_HOIST10UP];Hardwarefault Hoist PRE LS 10% Up;;10;-100;450;20;0xff;0xff00;true;;;;;;
Signals;Hoist;SafetyChain;Hoist1;Bool;.HWErrors.Error[HW_HOIST50UP];Hardwarefault Hoist PRE LS 50% Up;;10;-100;450;20;0xff;0xff00;true;;;;;;
Signals;Hoist;SafetyChain;Hoist1;Bool;.HWErrors.Error[HW_HOIST_UP];Hardwarefault Hoist LS Up;;10;-100;450;20;0xff;0xff00;true;;;;;;
Signals;Hoist;SafetyChain;Hoist1;Bool;.HWErrors.Error[HW_BRAKE_HOIST];Fault Brake Hoist;;10;-100;450;20;0xff;0xff00;true;;;;;;
Signals;Hoist;SafetyChain;Hoist1;Bool;.EHOErrors.Error[EHO_MonTorqueCheck];Fault Torque Check Hoist;;10;-100;450;20;0xff;0xff00;true;;;;;;
Signals;Hoist;SafetyChain;Hoist1;Bool;.EHOErrors.Error[EHO_MonStopsignal];Fault Stopsignal Hoist;;10;-100;450;20;0xff;0xff00;true;;;;;;
Signals;Hoist;SafetyChain;Hoist1;Bool;.QFErrors.Error[QF_OverspeedHoist];GHF1 Overspeed Hoist;;10;-100;450;20;0xff;0xff00;true;;;;;;
Signals;Hoist;SafetyChain;Hoist1;Bool;.EHOErrors.Error[EHO_MonDirection];Fault  Direction Relais Hoist;;10;-100;450;20;0xff;0xff00;true;;;;;;
;;;;;;;;;;;;;;;;;;;;
Signals;Hoist;SafetyChain;Hoist1;Bool;HOIST_21_GENERAL.bSafetyChain_1_Hoist1;Flag 1 Safetychain Hoist 1;;10;-116;450;20;0xff00;0xff;true;;;;;;
Signals;Hoist;SafetyChain;Hoist1;Bool;.bMonitorElecHoist1OK;Monitor Electronic Hoist 1;;10;-116;450;20;0xff00;0xff;true;;;;;;
Signals;Hoist;SafetyChain;Hoist1;Bool;.iHo1_Motorfield;Monitor Motorfield Hoist 1;;10;-100;450;20;0xff00;0xff;true;;;;;;
Signals;Hoist;SafetyChain;Hoist1;Bool;.iHo1_FaultElectronic;=R1+H          A2.1   1.1  Fault Electr.Hoist 1;;10;-100;450;20;0xff00;0xff;true;;;;;;
Signals;Hoist;SafetyChain;Hoist1;Bool;.EHOErrors.Error[EHO_MonRegBlocked_Ho1];Fault Regulator Blocked Hoist 1;;10;-100;450;20;0xff;0xff00;true;;;;;;
Signals;Hoist;SafetyChain;Hoist1;Bool;.EHOErrors.Error[EHO_MonOvercurrent_Ho1];Fault Overcurrent Hoist 1;;10;-100;450;20;0xff;0xff00;true;;;;;;
Signals;Hoist;SafetyChain;Hoist1;Bool;.iK_AuxSupply;=S1+A-K5M      A1.2   6.2  Aux. Supply;;10;-100;450;20;0xff00;0xff;true;;;;;;
Signals;Hoist;SafetyChain;Hoist1;Bool;.tonSafetyChainHoist.Q;Delay Safetychain Hoist On;;10;-100;450;20;0xff00;0xff;true;;;;;;
Signals;Hoist;SafetyChain;Hoist1;Bool;HOIST_21_GENERAL.bSafetyChain_2_Hoist1;Flag 2 Safetychain Hoist 1;;10;-116;450;20;0xff00;0xff;true;;;;;;
;;;;;;;;;;;;;;;;;;;;
Signals;Hoist;SafetyChain;Hoist2;Bool;HOIST_21_GENERAL.bSafetyChainHoist2;Flag Safetychain Hoist 2;;510;20;450;24;0xff00;0xff;true;;;;;;
Signals;Hoist;SafetyChain;Hoist2;Bool;.iSupplyElectronicsR1;=S1+H-F9       A4.1   5.3  Supply Electronics R1;;510;50;450;20;0xff00;0xff;true;;;;;;
Signals;Hoist;SafetyChain;Hoist2;Bool;.iF_ContactorHoist;=S1+A-F10.1    A7.1   4.4  Hoist Contactor Supply;;510;-100;450;20;0xff00;0xff;true;;;;;;
Signals;Hoist;SafetyChain;Hoist2;Bool;.iQ_MainswitchHoist1;=S1+H-Q1       A1.2   3.1  Mainswitch Hoist 1;;510;-100;450;20;0xff00;0xff;true;;;;;;
Signals;Hoist;SafetyChain;Hoist2;Bool;.iQ_MainswitchHoist2;=S1+H-Q11      A1.2   4.1  Mainswitch Hoist 2;;510;-100;450;20;0xff00;0xff;true;;;;;;
Signals;Hoist;SafetyChain;Hoist2;Bool;.iRegVoltageHoist2;=S1+H-Q14      A4.2   6.2  Regulator Voltage Hoist 2;;510;-100;450;20;0xff00;0xff;true;;;;;;
Signals;Hoist;SafetyChain;Hoist2;Bool;.iMotorfieldHoist2_prim;=S1+H-Q16      A4.2   2.3  Motorfield Hoist 2 Prim.;;510;-100;450;20;0xff00;0xff;true;;;;;;
Signals;Hoist;SafetyChain;Hoist2;Bool;.iMotorfieldHoist2_sec;=S1+H-F17      A4.2   3.3  Motorfield Hoist 2 Sec.;;510;-100;450;20;0xff00;0xff;true;;;;;;
Signals;Hoist;SafetyChain;Hoist2;Bool;.iArmatureVoltage1_Hoist2;=S1+H-F13      A4.2   6.4  Armature Voltage Hoist 2;;510;-100;450;20;0xff00;0xff;true;;;;;;
Signals;Hoist;SafetyChain;Hoist2;Bool;.iArmatureVoltage2_Hoist2;=S1+H-F14      A4.2   5.1  Armature Voltage Hoist 2;;510;-100;450;20;0xff00;0xff;true;;;;;;
Signals;Hoist;SafetyChain;Hoist2;Bool;.iFuThyHoist2;=S1+H-U11      A4.2   5.3  Fuse Mon. Thy. Hoist 2;;510;-100;450;20;0xff00;0xff;true;;;;;;
Signals;Hoist;SafetyChain;Hoist2;Bool;.iEStopLsHoistUp;=S1+H-K9       A4.1   8.3  Emerg.Stop LS Hoist UP;;510;-100;450;20;0xff00;0xff;true;;;;;;
Signals;Hoist;SafetyChain;Hoist2;Bool;.iQ_Brake1Hoist;=S1+H-Q3       A4.1   3.2  Brake Hoist;;510;-100;450;20;0xff00;0xff;true;;;;;;
Signals;Hoist;SafetyChain;Hoist2;Bool;.iQ_Brake2Hoist;=S1+H-Q13      A4.1   4.2  Brake Hoist;;510;-100;450;20;0xff00;0xff;true;;;;;;
x;Hoist;SafetyChain;Hoist2;Bool;.iQ_EmergencyBrakeMotor;=S1+H-Q17      A4.2   3.1  Emergency Brake Motor;;510;-100;450;20;0xff00;0xff;true;;;;;;
x;Hoist;SafetyChain;Hoist2;Bool;.iF_EmergencyBrakeValves;=S1+H-F6       A4.2   3.2  Emergency Brake Valves;;510;-100;450;20;0xff00;0xff;true;;;;;;
x;Hoist;SafetyChain;Hoist2;Bool;.iF_CtrlValvesBoomBrake2;=S1+E-F6       A7.5   1.2  Ctrl Valves Boom Brake 2;;510;-100;450;20;0xff00;0xff;true;;;;;;
Signals;Hoist;SafetyChain;Hoist2;Bool;.QFErrors.Error[QF_S1HF12];=S1+H-F12      A4.2   6.1  Magn. Overcurrent Hoist 2;;510;-100;450;20;0xff;0xff00;true;;;;;;
Signals;Hoist;SafetyChain;Hoist2;Bool;.HWErrors.Error[HW_S1HK3M];Fault S1HK3M Brake Hoist;;510;-100;450;20;0xff;0xff00;true;;;;;;
Signals;Hoist;SafetyChain;Hoist2;Bool;.HWErrors.Error[HW_S1HK13M];Fault S1HK13M Brake Hoist;;510;-100;450;20;0xff;0xff00;true;;;;;;
x;Hoist;SafetyChain;Hoist2;Bool;.HWErrors.Error[HW_S1HK23M];Fault S1HK23M Emergency Brakes Motor;;510;-100;450;20;0xff;0xff00;true;;;;;;
x;Hoist;SafetyChain;Hoist2;Bool;.HWErrors.Error[HW_S1HK24M];Fault S1HK24M Ctrl Valves E-Brake Hoist;;510;-100;450;20;0xff;0xff00;true;;;;;;
x;Hoist;SafetyChain;Hoist2;Bool;.HWErrors.Error[HW_S1HK25M];Fault S1HK25M Tank Shut Off Valve;;510;-100;450;20;0xff;0xff00;true;;;;;;
Signals;Hoist;SafetyChain;Hoist2;Bool;.HWErrors.Error[HW_S1HK3];Fault S1HK3 Lowering/BridgeOverload;;510;-100;450;20;0xff;0xff00;true;;;;;;
Signals;Hoist;SafetyChain;Hoist2;Bool;.HWErrors.Error[HW_S1HK10T_HK1M];Fault S1HK10T/HK1M Maincontactor Hoist 1;;510;-100;450;20;0xff;0xff00;true;;;;;;
Signals;Hoist;SafetyChain;Hoist2;Bool;.HWErrors.Error[HW_S1HK11T_HK11M];Fault S1HK11T/HK11M Maincontactor Hoist 2;;510;-100;450;20;0xff;0xff00;true;;;;;;
Signals;Hoist;SafetyChain;Hoist2;Bool;.HWErrors.Error[HW_HOIST50DOWN];Hardwarefault Hoist PRE LS 50% Down;;510;-100;450;20;0xff;0xff00;true;;;;;;
Signals;Hoist;SafetyChain;Hoist2;Bool;.HWErrors.Error[HW_HOIST10UP];Hardwarefault Hoist PRE LS 10% Up;;510;-100;450;20;0xff;0xff00;true;;;;;;
Signals;Hoist;SafetyChain;Hoist2;Bool;.HWErrors.Error[HW_HOIST50UP];Hardwarefault Hoist PRE LS 50% Up;;510;-100;450;20;0xff;0xff00;true;;;;;;
Signals;Hoist;SafetyChain;Hoist2;Bool;.HWErrors.Error[HW_HOIST_UP];Hardwarefault Hoist LS Up;;510;-100;450;20;0xff;0xff00;true;;;;;;
Signals;Hoist;SafetyChain;Hoist2;Bool;.HWErrors.Error[HW_BRAKE_HOIST];Fault Brake Hoist;;510;-100;450;20;0xff;0xff00;true;;;;;;
Signals;Hoist;SafetyChain;Hoist2;Bool;.EHOErrors.Error[EHO_MonTorqueCheck];Fault Torque Check Hoist;;510;-100;450;20;0xff;0xff00;true;;;;;;
Signals;Hoist;SafetyChain;Hoist2;Bool;.EHOErrors.Error[EHO_MonStopsignal];Fault Stopsignal Hoist;;510;-100;450;20;0xff;0xff00;true;;;;;;
Signals;Hoist;SafetyChain;Hoist2;Bool;.QFErrors.Error[QF_OverspeedHoist];GHF1 Overspeed Hoist;;510;-100;450;20;0xff;0xff00;true;;;;;;
Signals;Hoist;SafetyChain;Hoist2;Bool;.EHOErrors.Error[EHO_MonDirection];Fault  Direction Relais Hoist;;510;-100;450;20;0xff;0xff00;true;;;;;;
Signals;Hoist;SafetyChain;Hoist2;Bool;HOIST_21_GENERAL.bSafetyChain_1_Hoist2;Flag 1 Safetychain Hoist 2;;510;-116;450;20;0xff00;0xff;true;;;;;;
;;;;;;;;;;;;;;;;;;;;
Signals;Hoist;SafetyChain;Hoist2;Bool;.bMonitorElecHoist2OK;Monitor Electronic Hoist 2;;510;-116;450;20;0xff00;0xff;true;;;;;;
Signals;Hoist;SafetyChain;Hoist2;Bool;.iHo2_Motorfield;Monitor Motorfield Hoist 2;;510;-100;450;20;0xff00;0xff;true;;;;;;
Signals;Hoist;SafetyChain;Hoist2;Bool;.iHo1_FaultElectronic;=R1+H          A2.1   1.1  Fault Electr.Hoist 1;;510;-100;450;20;0xff00;0xff;true;;;;;;
Signals;Hoist;SafetyChain;Hoist2;Bool;.iHo2_FaultElectronic;=R1+H          A2.2   5.1  Fault Electr.Hoist 2;;510;-100;450;20;0xff00;0xff;true;;;;;;
Signals;Hoist;SafetyChain;Hoist2;Bool;.EHOErrors.Error[EHO_MonRegBlocked_Ho2];Fault Regulator Blocked Hoist 2;;510;-100;450;20;0xff;0xff00;true;;;;;;
Signals;Hoist;SafetyChain;Hoist2;Bool;.EHOErrors.Error[EHO_MonOvercurrent_Ho2];Fault Overcurrent Hoist 2;;510;-100;450;20;0xff;0xff00;true;;;;;;
Signals;Hoist;SafetyChain;Hoist2;Bool;.iK_AuxSupply;=S1+A-K5M      A1.2   6.2  Aux. Supply;;510;-100;450;20;0xff00;0xff;true;;;;;;
Signals;Hoist;SafetyChain;Hoist2;Bool;.tonSafetyChainHoist.Q;Delay Safetychain Hoist On;;510;-100;450;20;0xff00;0xff;true;;;;;;
Signals;Hoist;SafetyChain;Hoist2;Bool;HOIST_21_GENERAL.bSafetyChain_2_Hoist2;Flag 2 Safetychain Hoist 2;;510;-116;450;20;0xff00;0xff;true;;;;;;
;;;;;;;;;;;;;;;;;;;;
Signals;Hoist;SafetyChain;Hoist;Bool;HOIST_21_GENERAL.bSafetyChainHoist;Flag Safetychain Hoist;;510;-116;450;20;0xff00;0xff;true;;;;;;
;;;;;;;;;;;;;;;;;;;;
Signals;Hoist;HoistOn;Hoist1;Bool;HOIST_21_GENERAL.bSafetyChain_1_Hoist1;Flag Safteychain 1 Hoist 1;;10;2;450;20;0xff00;0xff;true;;;;;;
Signals;Hoist;HoistOn;Hoist1;Bool;HOIST_21_GENERAL.bSafetyChain_2_Hoist1;Flag Safteychain 2 Hoist 1;;10;-100;450;20;0xff00;0xff;true;;;;;;
Signals;Hoist;HoistOn;Hoist1;Bool;HOIST_21_GENERAL.bSafetyChainHoist1;Flag Safteychain Hoist 1;;10;-100;450;20;0xff00;0xff;true;;;;;;
Signals;Hoist;HoistOn;Hoist1;Bool;.iCraneOn_NO_P1;=P1+A-S1-N/O   A10.1  5.2  Crane On (N/O);;10;-117;450;20;0xff00;0x808080;true;;;;;;
Signals;Hoist;HoistOn;Hoist1;Bool;.iCraneOn_NO_S1;=S1+A-S5-N/O   A1.2   3.2  Crane On (N/O);;10;-100;450;20;0xff00;0x808080;true;;;;;;
;;;;;;;;;;;;;;;;;;;;
Signals;Hoist;HoistOn;Hoist1;Bool;.iJoystHoistZero;=P1+H-S1.3     A10.1  2.2  Joystick Hoist Zero;;10;-117;450;20;0xff00;0x808080;true;;;;;;
Signals;Hoist;HoistOn;Hoist1;Bool;.iInching_Up;Inching Up;;10;-100;450;20;0x808080;0xff00;true;;;;;;
Signals;Hoist;HoistOn;Hoist1;Bool;.iInching_Down;Inching Down;;10;-100;450;20;0x808080;0xff00;true;;;;;;
Signals;Hoist;HoistOn;Hoist1;Bool;.iCraneOn;=S1+A-K6       A7.1   7.3  Crane On;;10;-100;450;20;0xff00;0x808080;true;;;;;;
Signals;Hoist;HoistOn;Hoist1;Bool;.iSelectHoist1;=S1+H-K25      A4.2   1.1  Select Hoist 1;;10;-100;450;20;0xff00;0x808080;true;;;;;;
Signals;Hoist;HoistOn;Hoist1;Bool;.bHoistOn;Flag Hoist On;;10;-100;450;20;0xff00;0x808080;true;;;;;;
Signals;Hoist;HoistOn;Hoist1;Bool;.qMaincontactorHoist1;=S1+H-K10T     A4.6   5.1  Maincontactor Hoist 1;;10;-100;450;20;0xff00;0x808080;true;;;;;;
Signals;Hoist;HoistOn;Hoist1;Bool;.qFieldHoist1;=S1+H-K2M      A4.6   5.4  Fieldcontactor Hoist 1;;10;-100;450;20;0xff00;0x808080;true;;;;;;
Signals;Hoist;HoistOn;Hoist1;Bool;.tonRegulatorInterlockHoist.Q;Timedelay Regulator Interlock Hoist;;10;-117;450;20;0xff00;0x808080;true;;;;;;
Signals;Hoist;HoistOn;Hoist1;Bool;.iControlTest;=S1+A-S34      A7.3   7.1  Control/Test Switch;;10;-100;450;20;0x808080;0xff00;true;;;;;;
Signals;Hoist;HoistOn;Hoist1;Bool;.qHo1_RegInterlock;=R1+H          A2.4   PLG3 Reg. Interlock Hoist 1;;10;-100;450;20;0xff00;0x808080;true;;;;;;
Signals;Hoist;HoistOn;Hoist1;Bool;.iHo1_FaultElectronic;=R1+H          A2.1   1.1  Fault Electr.Hoist 1;;10;-115;450;20;0xff00;0xff;true;;;;;;
Signals;Hoist;HoistOn;Hoist1;Bool;.iHo1_Motorfield;=R1+H          A2.1   2.2  Motorfield Mon. Hoist 1;;10;-100;450;20;0xff00;0xff;true;;;;;;
Signals;Hoist;HoistOn;Hoist1;Bool;.EHOErrors.Error[EHO_MonRegBlocked_Ho1];Fault Regulator Blocked Hoist 1;;10;-100;450;20;0xff;0xff00;true;;;;;;
Signals;Hoist;HoistOn;Hoist1;Bool;.EHOErrors.Error[EHO_MonOvercurrent_Ho1];Fault Overcurrent Hoist 1;;10;-100;450;20;0xff;0xff00;true;;;;;;
Signals;Hoist;HoistOn;Hoist1;Bool;.EHOErrors.Error[EHO_MonTacho_Ho1];Fault Tacho Monitor Hoist 1;;10;-100;450;20;0xff;0xff00;true;;;;;;
Signals;Hoist;HoistOn;Hoist1;Bool;.EHOErrors.Error[EHO_MonOverspeedTacho_Ho1];Fault Overspeed Tacho Hoist 1;;10;-100;450;20;0xff;0xff00;true;;;;;;
Signals;Hoist;HoistOn;Hoist1;Bool;.EHOErrors.Error[EHO_MonRegCheck];Fault Regulator Check Hoist;;10;-100;450;20;0xff;0xff00;true;;;;;;
Signals;Hoist;HoistOn;Hoist1;Bool;.EHOErrors.Error[EHO_ElecFaults_Ho1];Fault Electronic Hoist 1;;10;-100;450;20;0xff;0xff00;true;;;;;;
Signals;Hoist;HoistOn;Hoist1;Bool;.EHOErrors.Error[EHO_MonSetActual_Ho1];Fault Set-Actual Monitor  Hoist 1;;10;-100;450;20;0xff;0xff00;true;;;;;;
;;;;;;;;;;;;;;;;;;;;
Signals;Hoist;HoistOn;Hoist2;Bool;HOIST_21_GENERAL.bSafetyChain_1_Hoist2;Flag Safteychain 1 Hoist 2;;510;2;450;20;0xff00;0xff;true;;;;;;
Signals;Hoist;HoistOn;Hoist2;Bool;HOIST_21_GENERAL.bSafetyChain_2_Hoist2;Flag Safteychain 2 Hoist 2;;510;-100;450;20;0xff00;0xff;true;;;;;;
Signals;Hoist;HoistOn;Hoist2;Bool;HOIST_21_GENERAL.bSafetyChainHoist2;Flag Safteychain Hoist 2;;510;-100;450;20;0xff00;0xff;true;;;;;;
Signals;Hoist;HoistOn;Hoist2;Bool;.iCraneOn_NO_P1;=P1+A-S1-N/O   A10.1  5.2  Crane On (N/O);;510;-117;450;20;0xff00;0x808080;true;;;;;;
Signals;Hoist;HoistOn;Hoist2;Bool;.iCraneOn_NO_S1;=S1+A-S5-N/O   A7.3   7.2  Crane On (N/O);;510;-100;450;20;0xff00;0x808080;true;;;;;;
;;;;;;;;;;;;;;;;;;;;
Signals;Hoist;HoistOn;Hoist2;Bool;.iJoystHoistZero;=P1+H-S1.3     A10.1  2.2  Joystick Hoist Zero;;510;-117;450;20;0xff00;0x808080;true;;;;;;
Signals;Hoist;HoistOn;Hoist2;Bool;.iInching_Up;Inching Up;;510;-100;450;20;0x808080;0xff00;true;;;;;;
Signals;Hoist;HoistOn;Hoist2;Bool;.iInching_Down;Inching Down;;510;-100;450;20;0x808080;0xff00;true;;;;;;
Signals;Hoist;HoistOn;Hoist2;Bool;.iCraneOn;=S1+A-K6       A7.1   7.3  Crane On;;510;-100;450;20;0xff00;0x808080;true;;;;;;
Signals;Hoist;HoistOn;Hoist2;Bool;.iSelectHoist2;=S1+H-K26      A4.2   2.1  Select Hoist 2;;510;-100;450;20;0xff00;0x808080;true;;;;;;
Signals;Hoist;HoistOn;Hoist2;Bool;.bHoistOn;Flag Hoist On;;510;-100;450;20;0xff00;0x808080;true;;;;;;
Signals;Hoist;HoistOn;Hoist2;Bool;.qMaincontactorHoist1;=S1+H-K10T     A4.6   5.1  Maincontactor Hoist 1;;510;-100;450;20;0xff00;0x808080;true;;;;;;
Signals;Hoist;HoistOn;Hoist2;Bool;.qMaincontactorHoist2;=S1+H-K11T     A4.6   6.1  Maincontactor Hoist 2;;510;-100;450;20;0xff00;0x808080;true;;;;;;
Signals;Hoist;HoistOn;Hoist2;Bool;.tonRegulatorInterlockHoist.Q;Timedelay Regulator Interlock Hoist;;510;-117;450;20;0xff00;0x808080;true;;;;;;
Signals;Hoist;HoistOn;Hoist2;Bool;.iControlTest;=S1+A-S34      A7.3   7.1  Control/Test Switch;;510;-100;450;20;0x808080;0xff00;true;;;;;;
Signals;Hoist;HoistOn;Hoist2;Bool;.qHo2_RegInterlock;=R1+H          A2.4   PLG4 Reg. Interlock Hoist 2;;510;-100;450;20;0xff00;0x808080;true;;;;;;
Signals;Hoist;HoistOn;Hoist2;Bool;.iHo2_FaultElectronic;=R1+H          A2.2   5.1  Fault Electr.Hoist 2;;510;-115;450;20;0xff00;0xff;true;;;;;;
Signals;Hoist;HoistOn;Hoist2;Bool;.iHo2_Motorfield;=R1+H          A2.2   6.1  Motorfield Mon. Hoist 2;;510;-100;450;20;0xff00;0xff;true;;;;;;
Signals;Hoist;HoistOn;Hoist2;Bool;.EHOErrors.Error[EHO_MonRegBlocked_Ho2];Fault Regulator Blocked Hoist 2;;510;-100;450;20;0xff;0xff00;true;;;;;;
Signals;Hoist;HoistOn;Hoist2;Bool;.EHOErrors.Error[EHO_MonOvercurrent_Ho2];Fault Overcurrent Hoist 2;;510;-100;450;20;0xff;0xff00;true;;;;;;
Signals;Hoist;HoistOn;Hoist2;Bool;.EHOErrors.Error[EHO_MonTacho_Ho2];Fault Tacho Monitor Hoist 2;;510;-100;450;20;0xff;0xff00;true;;;;;;
Signals;Hoist;HoistOn;Hoist2;Bool;.EHOErrors.Error[EHO_MonOverspeedTacho_Ho2];Fault Overspeed Tacho Hoist 2;;510;-100;450;20;0xff;0xff00;true;;;;;;
Signals;Hoist;HoistOn;Hoist2;Bool;.EHOErrors.Error[EHO_MonRegCheck];Fault Regulator Check Hoist;;510;-100;450;20;0xff;0xff00;true;;;;;;
Signals;Hoist;HoistOn;Hoist2;Bool;.EHOErrors.Error[EHO_ElecFaults_Ho2];Fault Electronic Hoist 2;;510;-100;450;20;0xff;0xff00;true;;;;;;
Signals;Hoist;HoistOn;Hoist2;Bool;.EHOErrors.Error[EHO_MonSetActual_Ho2];Fault Set-Actual Monitor  Hoist 2;;510;-100;450;20;0xff;0xff00;true;;;;;;
;;;;;;;;;;;;;;;;;;;;
;;;;;;;;;;;;;;;;;;;;
;;;;;;;;;;;;;;;;;;;;
Signals;Hoist;Hoisting;;Bool;.iJoystHoist;=P1+H-S1.1     A10.1  2.1  Joystick Hoist;;10;10;450;20;0xff00;0x808080;true;;;;;;
Signals;Hoist;Hoisting;;Bool;.iJoystLower;=P1+H-S1.2     A10.1  1.2  Joystick Lower;;-100;-100;450;20;0xff00;0x808080;true;;;;;;
Signals;Hoist;Hoisting;;Bool;.iJoystHoistZero;=P1+H-S1.3     A10.1  2.2  Joystick Hoist Zero;;-100;-100;450;20;0xff00;0x808080;true;;;;;;
Signals;Hoist;Hoisting;;Bool;.bCraneOnP1;Flag for Crane On from P1;;-100;-100;450;20;0xff00;0x808080;true;;;;;;
;;;;;;;;;;;;;;;;;;;;
Signals;Hoist;Hoisting;;Bool;.iInching_Up;=S1+A-S20      A1.1   2.2  Inching Up;;-100;-124;450;20;0xff00;0x808080;true;;;;;;
Signals;Hoist;Hoisting;;Bool;.iInching_Down;=S1+A-S21      A1.1   1.3  Inching Down;;-100;-100;450;20;0xff00;0x808080;true;;;;;;
Signals;Hoist;Hoisting;;Bool;.iHoistSelected;=S1+A-S18.1    A1.1   1.1  Hoist Selected;;-100;-100;450;20;0xff00;0x808080;true;;;;;;
Signals;Hoist;Hoisting;;Bool;.bHoistOnS1;Flag for Hoist On from S1;;-100;-100;450;20;0xff00;0x808080;true;;;;;;
;;;;;;;;;;;;;;;;;;;;
Signals;Hoist;Hoisting;;Bool;.iOverTempChokeHoist1;=S1+H-S1       A4.1   5.2  Overtemp. Choke Hoist 1;;-100;-124;450;20;0xff00;0xff;true;;;;;;
Signals;Hoist;Hoisting;;Bool;.iQ_FanHoistMotor1;=S1+H-Q2       A4.1   7.2  Fan Hoist Motor 1;;-100;-100;450;20;0xff00;0xff;true;;;;;;
Signals;Hoist;Hoisting;;Bool;.iFanThyHoist1;=S1+H-F10      A4.1   1.1  Fan Thy. Hoist 1;;-100;-100;450;20;0xff00;0xff;true;;;;;;
Signals;Hoist;Hoisting;;Bool;.iFanMonThyHoist1;=S1+H-U1       A4.1   6.1  Fan Mon. Thy. Hoist 1;;-100;-100;450;20;0xff00;0xff;true;;;;;;
Signals;Hoist;Hoisting;;Bool;.iOverTempChokeHoist2;=S1+H-S11      A4.2   5.4  Overtemp. Choke Hoist 2;;-100;-124;450;20;0xff00;0xff;true;;;;;;
Signals;Hoist;Hoisting;;Bool;.iQ_FanHoistMotor2;=S1+H-Q12      A4.2   5.2  Fan Hoist Motor 2;;-100;-100;450;20;0xff00;0xff;true;;;;;;
Signals;Hoist;Hoisting;;Bool;.iFanThyHoist2;=S1+H-F11      A4.2   1.3  Fan Thy. Hoist 2;;-100;-100;450;20;0xff00;0xff;true;;;;;;
Signals;Hoist;Hoisting;;Bool;.iFanMonThyHoist2;=S1+H-U11      A4.2   6.3  Fan Mon. Thy. Hoist 2 ;;-100;-100;450;20;0xff00;0xff;true;;;;;;
Signals;Hoist;Hoisting;;Bool;HOIST_22_COMMANDS.tofDirectionHoist.Q;tof Direction Hoist;;-100;-100;450;20;0xff00;0xff;true;;;;;;
;;;;;;;;;;;;;;;;;;;;
Signals;Hoist;Hoisting;;Bool;.qHo1_RegInterlock;=R1+H          A2.4   PLG3 Reg. Interlock Hoist 1;;510;10;450;20;0xff00;0x808080;true;;;;;;
Signals;Hoist;Hoisting;;Bool;.qHo2_RegInterlock;=R1+H          A2.4   PLG4 Reg. Interlock Hoist 2;;-100;-100;450;20;0xff00;0x808080;true;;;;;;
x;Hoist;Hoisting;;Bool;.iLs1HoistE_Brake;=G+H-B20       A4.2   1.2  LS 1 Hoist E-Brake;;-100;-100;450;20;0xff00;0x808080;true;;;;;;
x;Hoist;Hoisting;;Bool;.iLs2HoistE_Brake;=G+H-B21       A4.2   2.2  LS 2 Hoist E-Brake;;-100;-100;450;20;0xff00;0x808080;true;;;;;;
Signals;Hoist;Hoisting;;Bool;.tonSafetyChainHoist.Q;Timedelay Safety Chain Hoist;;-100;-100;450;20;0xff00;0x808080;true;;;;;;
Signals;Hoist;Hoisting;;Bool;.bPtcHoistHoisting;=S1+H-F5      =S1+H-F15    PTC-Hoist 1 or 2 Overtemperature;;-100;-100;450;20;0xff00;0xff;true;;;;;;
Signals;Hoist;Hoisting;;Bool;.bReadyForHoisting;Flag Ready for Hoisting;;-100;-100;450;20;0xff00;0x808080;true;;;;;;
Signals;Hoist;Hoisting;;Bool;.iEStopLsHoistUp;=S1+H-K9       A4.1   8.3  Emerg.Stop LS Hoist UP;;-100;-100;450;20;0xff00;0xff;true;;;;;;
Signals;Hoist;Hoisting;;Bool;.iResetButton;=S1+A-K17      A7.1   4.1  Contactor Reset Button;;-100;-100;450;20;0x808080;0xff00;true;;;;;;
Signals;Hoist;Hoisting;;Bool;.iLimitSwHoistUp;=G+H-S3        A4.2   7.4  Limit Switch Hoist Up;;-100;-100;450;20;0xff00;0x808080;true;;;;;;
Signals;Hoist;Hoisting;;Bool;.iFaultLoadmeasure;=R1+H          A2.1   5.1  Fault Loadmeasurement;;-100;-100;450;20;0xff00;0xff;true;;;;;;
Signals;Hoist;Hoisting;;Bool;.rsSetvalueOverload.Q1;Overload affect Hoisting Setvalue;;-100;-100;450;20;0xff00;0x808080;true;;;;;;
x;Hoist;Hoisting;;Bool;.HWErrors.Error[HW_HoistSecondaryBrake];Fault LS Secondary Brake Hoist;;-100;-100;450;20;0xff;0xff00;true;;;;;;
Signals;Hoist;Hoisting;;Bool;.bEccentricLOad;Eccentric Load;;-100;-100;450;20;0xff;0xff00;true;;;;;;
Signals;Hoist;Hoisting;;Bool;.bDirFreeGeneral;Overtemperature Switchbox S1 + S2 + HT-Trafo ;;-100;-100;450;20;0xff00;0xff;true;;;;;;
Signals;Hoist;Hoisting;;Bool;.iBoomRaiseLimit;=R1+H          A2.1   8.1  Boom Raise Limit Load      OR;;-100;-100;450;20;0xff00;0xff;true;;;;;;
Signals;Hoist;Hoisting;;Bool;.iLS_BoomDown;=G+E-S16       A7.5   5.3  LS Boom Down                   OR;;-100;-100;450;20;0xff00;0xff;true;;;;;;
;;;;;;;;;;;;;;;;;;;;
Signals;Hoist;Hoisting;;Bool;.bHoisting;Flag hoisting;;-100;-124;450;20;0xff00;0x808080;true;;;;;;
;;;;;;;;;;;;;;;;;;;;
;;;;;;;;;;;;;;;;;;;;
Signals;Hoist;Lowering;;Bool;.iJoystHoist;=P1+H-S1.1     A10.1  2.1  Joystick Hoist;;10;10;450;20;0xff00;0x808080;true;;;;;;
Signals;Hoist;Lowering;;Bool;.iJoystLower;=P1+H-S1.2     A10.1  1.2  Joystick Lower;;-100;-100;450;20;0xff00;0x808080;true;;;;;;
Signals;Hoist;Lowering;;Bool;.iJoystHoistZero;=P1+H-S1.3     A10.1  2.2  Joystick Hoist Zero;;-100;-100;450;20;0xff00;0x808080;true;;;;;;
Signals;Hoist;Lowering;;Bool;.bCraneOnP1;Flag for Crane On from P1;;-100;-100;450;20;0xff00;0x808080;true;;;;;;
;;;;;;;;;;;;;;;;;;;;
Signals;Hoist;Lowering;;Bool;.iInching_Up;=S1+A-S20      A1.1   2.2  Inching Up;;-100;-124;450;20;0xff00;0x808080;true;;;;;;
Signals;Hoist;Lowering;;Bool;.iInching_Down;=S1+A-S21      A1.1   1.3  Inching Down;;-100;-100;450;20;0xff00;0x808080;true;;;;;;
Signals;Hoist;Lowering;;Bool;.iHoistSelected;=S1+A-S18.1    A1.1   1.1  Hoist Selected;;-100;-100;450;20;0xff00;0x808080;true;;;;;;
Signals;Hoist;Lowering;;Bool;.bHoistOnS1;Flag for Hoist On from S1;;-100;-100;450;20;0xff00;0x808080;true;;;;;;
;;;;;;;;;;;;;;;;;;;;
Signals;Hoist;Lowering;;Bool;.iOverTempChokeHoist1;=S1+H-S1       A4.1   5.2  Overtemp. Choke Hoist 1;;-100;-124;450;20;0xff00;0xff;true;;;;;;
Signals;Hoist;Lowering;;Bool;.iQ_FanHoistMotor1;=S1+H-Q2       A4.1   7.2  Fan Hoist Motor 1;;-100;-100;450;20;0xff00;0xff;true;;;;;;
Signals;Hoist;Lowering;;Bool;.iFanThyHoist1;=S1+H-F10      A4.1   1.1  Fan Thy. Hoist 1;;-100;-100;450;20;0xff00;0xff;true;;;;;;
Signals;Hoist;Lowering;;Bool;.iFanMonThyHoist1;=S1+H-U1       A4.1   6.1  Fan Mon. Thy. Hoist 1;;-100;-100;450;20;0xff00;0xff;true;;;;;;
Signals;Hoist;Lowering;;Bool;.iOverTempChokeHoist2;=S1+H-S11      A4.2   5.4  Overtemp. Choke Hoist 2;;-100;-124;450;20;0xff00;0xff;true;;;;;;
Signals;Hoist;Lowering;;Bool;.iQ_FanHoistMotor2;=S1+H-Q12      A4.2   5.2  Fan Hoist Motor 2;;-100;-100;450;20;0xff00;0xff;true;;;;;;
Signals;Hoist;Lowering;;Bool;.iFanThyHoist2;=S1+H-F11      A4.2   1.3  Fan Thy. Hoist 2;;-100;-100;450;20;0xff00;0xff;true;;;;;;
Signals;Hoist;Lowering;;Bool;.iFanMonThyHoist2;=S1+H-U11      A4.2   6.3  Fan Mon. Thy. Hoist 2 ;;-100;-100;450;20;0xff00;0xff;true;;;;;;
Signals;Hoist;Lowering;;Bool;HOIST_22_COMMANDS.tofDirectionHoist.Q;tof Direction Hoist;;-100;-100;450;20;0xff00;0xff;true;;;;;;
;;;;;;;;;;;;;;;;;;;;
Signals;Hoist;Lowering;;Bool;.qHo1_RegInterlock;=R1+H          A2.4   PLG3 Reg. Interlock Hoist 1;;510;10;450;20;0xff00;0x808080;true;;;;;;
Signals;Hoist;Lowering;;Bool;.qHo2_RegInterlock;=R1+H          A2.4   PLG4 Reg. Interlock Hoist 2;;-100;-100;450;20;0xff00;0x808080;true;;;;;;
x;Hoist;Lowering;;Bool;.iLs1HoistE_Brake;=G+H-B20       A4.2   1.2  LS 1 Hoist E-Brake;;-100;-100;450;20;0xff00;0x808080;true;;;;;;
x;Hoist;Lowering;;Bool;.iLs2HoistE_Brake;=G+H-B21       A4.2   2.2  LS 2 Hoist E-Brake;;-100;-100;450;20;0xff00;0x808080;true;;;;;;
Signals;Hoist;Lowering;;Bool;.tonSafetyChainHoist.Q;Timedelay Safety Chain Hoist;;-100;-100;450;20;0xff00;0x808080;true;;;;;;
Signals;Hoist;Lowering;;Bool;.bPtcHoistLowering;=S1+H-F5      =S1+H-F15    PTC-Hoist 1 or 2 Overtemperature;;-100;-100;450;20;0xff00;0xff;true;;;;;;
Signals;Hoist;Lowering;;Bool;HOIST_22_COMMANDS.tofSlackDelay.Q;=R1+H          A2.1   8.2  Slackrope >5to;;-100;-100;450;20;0xff00;0x808080;true;;;;;;
Signals;Hoist;Lowering;;Bool;.iLimitSwHoistDown;=G+H-S5        A4.2   8.4  Limit Switch Hoist Down;;-100;-100;450;20;0xff00;0x808080;true;;;;;;
Signals;Hoist;Lowering;;Bool;.bDepositLS;Spreader Deposit Limitswitches;;-100;-100;450;20;0x808080;0xff00;true;;;;;;
x;Hoist;Lowering;;Bool;.HWErrors.Error[HW_HoistSecondaryBrake];Fault LS Secondary Brake Hoist;;-100;-100;450;20;0xff;0xff00;true;;;;;;
Signals;Hoist;Lowering;;Bool;.bDirFreeGeneral;Overtemperature Switchbox S1 + S2 + HT-Trafo ;;-100;-100;450;20;0xff00;0x808080;true;;;;;;
;;;;;;;;;;;;;;;;;;;;
Signals;Hoist;Lowering;;Bool;.bLowering;Hoistgear Lowering/Bridge Overload;;-100;-124;450;20;0xff00;0x808080;true;;;;;;
;;;;;;;;;;;;;;;;;;;;
;;;;;;;;;;;;;;;;;;;;
Signals;Hoist;SpeedLimits;;Bool;.bHoisting;Flag Hoisting;;10;10;450;20;0xff00;0x808080;true;;;;;;
Signals;Hoist;SpeedLimits;;Bool;.bLowering;Flag Lowering;;-100;-100;450;20;0xff00;0x808080;true;;;;;;
Signals;Hoist;SpeedLimits;;Bool;.iPreLimitSwHoistUp10;=G+H-S2        A4.2   7.3  Pre-LS HoistUp 10% ;;-100;-100;450;20;0xff00;0x808080;true;;;;;;
Signals;Hoist;SpeedLimits;;Bool;.iFaultLoadmeasure;=R1+H          A2.1   5.1  Fault Loadmeasurement;;-100;-100;450;20;0xff00;0xff;true;;;;;;
Signals;Hoist;SpeedLimits;;Bool;.iResetButton;=S1+A-K17      A7.1   4.1  Contactor Reset Button;;-100;-100;450;20;0xff00;0x808080;true;;;;;;
x;Hoist;SpeedLimits;;Bool;.iResetP20;=P20+A-S5      A4.5   2.1  Reset P20;;-100;-100;450;20;0xff00;0x808080;true;;;;;;
Signals;Hoist;SpeedLimits;;Bool;.bPtcHoist_OK;=S1+H-F5      =S1+H-F15    PTC-Hoist 1 or 2 Overtemperature;;-100;-100;450;20;0xff00;0xff;true;;;;;;
Signals;Hoist;SpeedLimits;;Bool;.bCraneOnS1;Flag for CraneOn from S1;;-100;-100;450;20;0x808080;0xff00;true;;;;;;
Signals;Hoist;SpeedLimits;;Bool;.bHoistOnS1;Flag for Hoist On from S1;;-100;-100;450;20;0x808080;0xff00;true;;;;;;
Signals;Hoist;SpeedLimits;;Bool;.bFastSpeedGeneral;Overtemperature Switchbox S1 + S2 + HT-Trafo ;;-100;-100;450;20;0xff00;0xff;true;;;;;;
Signals;Hoist;SpeedLimits;;Bool;HOIST_22_COMMANDS.srFastSpeedHoist.Q1;Fast Speed allowed;;-100;-100;450;20;0xff00;0x808080;true;;;;;;
Signals;Hoist;SpeedLimits;;Bool;.tpBypassOverload.Q;Timer Bypass Overload;;-100;-100;450;20;0xff00;0x808080;true;;;;;;
;;;;;;;;;;;;;;;;;;;;
Signals;Hoist;SpeedLimits;;Bool;.qMaxSpeedRefHoist;=S1+H          A4.8   PLG3 Max. Speed Ref. Hoist;;-100;-124;450;20;0xff00;0x808080;true;;;;;;
;;;;;;;;;;;;;;;;;;;;
Signals;Hoist;SpeedLimits;;Bool;.iPreLimitSwHoistUp50;=G+H-S6        A4.2   7.1  Pre-LS HoistUp 50%;;-100;-148;450;20;0xff00;0x808080;true;;;;;;
Signals;Hoist;SpeedLimits;;Bool;.iSelectHoist1;=S1+H-K25      A4.2   1.1  Select Hoist 1;;-100;-100;450;20;0xff00;0x808080;true;;;;;;
Signals;Hoist;SpeedLimits;;Bool;.iSelectHoist2;=S1+H-K26      A4.2   2.1  Select Hoist 2;;-100;-100;450;20;0xff00;0x808080;true;;;;;;
Signals;Hoist;SpeedLimits;;Bool;.qSpreaderOn;=S2+S-K0M      A8.5   4.1  Spreader On;;-100;-100;450;20;0xff00;0x808080;true;;;;;;
Signals;Hoist;SpeedLimits;;Bool;.qHo_Speed2;=R1+H          A2.3   PLG3 Hoist Speed 2 (500RPM);;-100;-100;450;20;0xff00;0x808080;true;;;;;;
Signals;Hoist;SpeedLimits;;Bool;.iLs_60degPosLs1;=G+E-S15       A7.5   8.4  LS Boom 60° Up LS1;;-100;-100;450;20;0xff00;0x808080;true;;;;;;
Signals;Hoist;SpeedLimits;;Bool;.iLs_60degPosLs2;=G+E-S15.1     A7.5   7.4  LS Boom 60° Up LS2;;-100;-100;450;20;0xff00;0x808080;true;;;;;;
;;;;;;;;;;;;;;;;;;;;
Signals;Hoist;SpeedLimits;;Bool;.qHo_BaseSpeed;=R1+H          A2.4   PLG1 Base Speed (750RPM);;-100;-124;450;20;0xff00;0x808080;true;;;;;;
;;;;;;;;;;;;;;;;;;;;
Signals;Hoist;SpeedLimits;;Bool;.iPreLimitSwHoistDown50;=G+H-S4        A4.2   8.3  Pre-LS Hoist Down 50%;;510;10;450;20;0xff00;0x808080;true;;;;;;
Signals;Hoist;SpeedLimits;;Bool;.iTrolleyOnBoom;=K+K-B15       A8.1   5.3  Trolley On Boom (Bridges 50% Down Pre-LS);;-100;-100;450;20;0xff00;0x808080;true;;;;;;
Signals;Hoist;SpeedLimits;;Bool;.qHo_Speed3;=R1+H          A2.3   PLG2 Hoist Speed 3 (175RPM);;-100;-100;450;20;0xff00;0x808080;true;;;;;;
;;;;;;;;;;;;;;;;;;;;
Signals;Hoist;SpeedLimits;;Bool;.qHo_Speed2;=R1+H          A2.3   PLG3 Hoist Speed 2 (500RPM);;-100;-124;450;20;0xff00;0x808080;true;;;;;;
;;;;;;;;;;;;;;;;;;;;
Signals;Hoist;SpeedLimits;;Bool;HOIST_22_COMMANDS.tonDelaySlackRope.Q;Delay Full Speed After Slack Rope;;510;-148;450;20;0xff00;0x808080;true;;;;;;
Signals;Hoist;SpeedLimits;;Bool;HOIST_22_COMMANDS.tonDelayDepositHoist.Q;Deposit 1-4 Signal delayed;;-100;-100;450;20;0xff00;0x808080;true;;;;;;
Signals;Hoist;SpeedLimits;;Bool;.qMaxSpeedRefHoist;=S1+H          A4.8   PLG3 Max. Speed Ref. Hoist;;-100;-100;450;20;0xff00;0x808080;true;;;;;;
;;;;;;;;;;;;;;;;;;;;
Signals;Hoist;SpeedLimits;;Bool;.qHo_Speed3;=R1+H          A2.3   PLG2 Hoist Speed 3 (175RPM);;-100;-124;450;20;0xff00;0x808080;true;;;;;;
;;;;;;;;;;;;;;;;;;;;
;;;;;;;;;;;;;;;;;;;;
Signals;Travel;Meters;;Double;Digivert_Travel_1.vis_iArmVoltage;Voltage[V];;150;100;100;400;0xff;0xffff;true;-500;500;-400;400;-450;450
Signals;Travel;Meters;;Double;Digivert_Travel_1.vis_iArmCurrent;Curr.Sum.[A];;350;100;100;400;0xff;0xffff;true;0;1500;0;880;0;1400
Signals;Travel;Meters;;Double;Digivert_Travel_1.vis_iArmCurrentSeaside;Curr.Sea.[A];;550;100;100;400;0xff;0xffff;true;-750;750;-440;440;-700;700
Signals;Travel;Meters;;Double;Digivert_Travel_1.vis_iArmCurrentLandside;Curr.Land.[A];;750;100;100;400;0xff;0xffff;true;-750;750;-440;440;-700;700
;;;;;;;;;;;;;;;;;;;;
Signals;Travel;Curves;;Double;Digivert_Travel_1.vis_iArmVoltage;Voltage[V];;24;3;950;275;0xff;0xffff;true;-500;500;;;;
Signals;Travel;Curves;;Double;Digivert_Travel_1.vis_iArmCurrent;Curr.Sum.[A];;24;3;950;275;0xff;0xffff;true;0;1500;;;;
Signals;Travel;Curves;;Double;Digivert_Travel_1.vis_iArmCurrentSeaside;Curr.Sea.[A];;24;285;950;275;0xff;0xffff;true;-750;750;;;;
Signals;Travel;Curves;;Double;Digivert_Travel_1.vis_iArmCurrentLandside;Curr.Land.[A];;24;285;950;275;0xff;0xffff;true;-750;750;;;;
;;;;;;;;;;;;;;;;;;;;
Signals;Travel;LimitSwitches;;Bool;.iPre10AntiCollLeft;=E+F-B2  A4.4   1.3  Tr. AntiColl. PreLS Left;;200;100;300;20;0xff00;0x808080;true;;;;;;
Signals;Travel;LimitSwitches;;Bool;.iAntiCollLeft;=E+F-B2  A4.4   2.3  Travel Anti Coll. Left;;200;-100;300;20;0xff00;0x808080;true;;;;;;
;;;;;;;;;;;;;;;;;;;;
Signals;Travel;LimitSwitches;;Bool;.iPre10AntiCollRight;=E+F-B3  A4.4   1.4  Tr. AntiColl. PreLS Right;;700;100;300;20;0xff00;0x808080;true;;;;;;
Signals;Travel;LimitSwitches;;Bool;.iAntiCollRight;=E+F-B3  A4.4   2.4  Travel Anti Coll. Right;;700;-100;300;20;0xff00;0x808080;true;;;;;;
;;;;;;;;;;;;;;;;;;;;
Signals;Travel;LimitSwitches;;Bool;.iDrumEmpty;=S1+N-S2.D     A7.2   8.4  CDR LS Empty;;200;300;300;20;0xff00;0x808080;true;;;;;;
Signals;Travel;LimitSwitches;;Bool;.iLsTravelLeft;=S1+F-K8       A4.4   8.2  Travel Ls Left;;200;-100;300;20;0xff00;0x808080;true;;;;;;
Signals;Travel;LimitSwitches;;Bool;.iLsTravelRight;=S1+F-K6       A4.4   7.2  Travel Ls Right;;200;-100;300;20;0xff00;0x808080;true;;;;;;
;;;;;;;;;;;;;;;;;;;;
Signals;Travel;LimitSwitches;;Bool;.iBufferLS1;=E+F-S20       A4.4   5.1  Buffer 1 Limitswitch;;200;-110;300;20;0xff00;0x808080;true;;;;;;
Signals;Travel;LimitSwitches;;Bool;.iTieDownLS1;=E+F-S96       A4.4   5.2  Tie Down LS1;;200;-100;300;20;0xff00;0x808080;true;;;;;;
Signals;Travel;LimitSwitches;;Bool;.iBufferLS2;=E+F-S21       A4.4   6.1  Buffer 2 Limitswitch;;200;-100;300;20;0xff00;0x808080;true;;;;;;
Signals;Travel;LimitSwitches;;Bool;.iTieDownLS2;=E+F-S97       A4.4   6.2  Tie Down LS2;;200;-100;300;20;0xff00;0x808080;true;;;;;;
;;;;;;;;;;;;;;;;;;;;
Signals;Travel;LimitSwitches;;Bool;.iTieDownLS3;=E+F-S98       A4.4   3.3  Tie Down LS3;;200;-110;300;20;0xff00;0x808080;true;;;;;;
Signals;Travel;LimitSwitches;;Bool;.iTieDownLS4;=E+F-S99       A4.4   4.3  Tie Down LS4;;200;-100;300;20;0xff00;0x808080;true;;;;;;
;;;;;;;;;;;;;;;;;;;;
Signals;Travel;LimitSwitches;;Bool;.iStormanchorPosition;EFS82 A4.3 8.3 Storm.Position;;780;300;220;20;0xff00;0x808080;true;;;;;;
Signals;Travel;LimitSwitches;;Bool;.iStormanchor1Up;EFS80 A4.3 7.3 Storm. 1 Up;;780;-100;220;20;0xff00;0x808080;true;;;;;;
Signals;Travel;LimitSwitches;;Bool;.iStormanchor1Down;EFS81 A4.3 7.2 Storm. 1 Down;;780;-100;220;20;0xff00;0x808080;true;;;;;;
Signals;Travel;LimitSwitches;;Bool;.iStormanchor2Up;EFS84 A4.3 7.4 Storm. 2 Up;;780;-100;220;20;0xff00;0x808080;true;;;;;;
Signals;Travel;LimitSwitches;;Bool;.iStormanchor2Down;EFS85 A4.3 8.2 Storm. 2 Down;;780;-100;220;20;0xff00;0x808080;true;;;;;;
Signals;Travel;LimitSwitches;;Bool;.iRailclamp1Up;EFS83 A4.3 5.3  Railcl. 1 Up;;780;-100;220;20;0xff00;0x808080;true;;;;;;
;;;;;;;;;;;;;;;;;;;;
Signals;Travel;LimitSwitches;;Bool;.iStormanchor3Up;EFS90 A4.3 5.4 Storm. 3 Up;;780;-110;220;20;0xff00;0x808080;true;;;;;;
Signals;Travel;LimitSwitches;;Bool;.iStormanchor3Down;EFS91 A4.3 6.4 Storm. 3 Down;;780;-100;220;20;0xff00;0x808080;true;;;;;;
Signals;Travel;LimitSwitches;;Bool;.iStormanchor4Up;EFS94 A4.3 4.1 Storm. 4 Up;;780;-100;220;20;0xff00;0x808080;true;;;;;;
Signals;Travel;LimitSwitches;;Bool;.iStormanchor4Down;EFS95 A4.3 3.2 Storm. 4 Down;;780;-100;220;20;0xff00;0x808080;true;;;;;;
Signals;Travel;LimitSwitches;;Bool;.iRailclamp2Up;EFS92 A4.3 8.4 Railcl. 2 Up;;780;-100;220;20;0xff00;0x808080;true;;;;;;
;;;;;;;;;;;;;;;;;;;;
;;;;;;;;;;;;;;;;;;;;
Signals;Travel;SafetyChain;;Bool;.iF_ContactorTravel;=S1+A-F10.2    A7.1   3.4  Travel Contactor Supply;;10;24;450;20;0xff00;0xff;true;;;;;;
Signals;Travel;SafetyChain;;Bool;.iSupplyElectronicsR2;=S1+K-F9       A7.3   2.2  Supply Electronics R2;;-100;-100;450;20;0xff00;0xff;true;;;;;;
Signals;Travel;SafetyChain;;Bool;.iQ_MainswitchTravel;=S1+F-Q1       A1.2   5.4  Mainswitch Travel;;-100;-100;450;20;0xff00;0xff;true;;;;;;
Signals;Travel;SafetyChain;;Bool;.iRegVoltageTravel;=S1+F-Q4       A4.3   2.4  Regulator Voltage Travel;;-100;-100;450;20;0xff00;0xff;true;;;;;;
Signals;Travel;SafetyChain;;Bool;.iMotorfieldTravel_prim;=S1+F-Q6       A4.4   4.2  Motorfield Travel Prim.;;-100;-100;450;20;0xff00;0xff;true;;;;;;
Signals;Travel;SafetyChain;;Bool;.iMotorfieldTravel1_sec;=S1+F-F7       A4.3   2.3  Motorfield Travel 1 Sec.;;-100;-100;450;20;0xff00;0xff;true;;;;;;
Signals;Travel;SafetyChain;;Bool;.iMotorfieldTravel2_sec;=S1+F-F17      A4.4   5.3  Motorfield Travel 2 Sec.;;-100;-100;450;20;0xff00;0xff;true;;;;;;
Signals;Travel;SafetyChain;;Bool;.iArmatureVoltage1Travel;=S1+F-F3       A4.4   3.1  Armature Voltage Travel;;-100;-100;450;20;0xff00;0xff;true;;;;;;
Signals;Travel;SafetyChain;;Bool;.iArmatureVoltage2Travel;=S1+F-F4       A4.4   4.1  Armature Voltage Travel;;-100;-100;450;20;0xff00;0xff;true;;;;;;
Signals;Travel;SafetyChain;;Bool;.iFuThyTravel;=S1+F-U1       A4.4   1.1  Fuse Mon. Thy. Travel;;-100;-100;450;20;0xff00;0xff;true;;;;;;
Signals;Travel;SafetyChain;;Bool;.iQ_TravelBrake;=S1+F-Q8       A4.4   6.3  Travel Brake;;-100;-100;450;20;0xff00;0xff;true;;;;;;
Signals;Travel;SafetyChain;;Bool;.iQ_TravelBrake1_2;=S1+F-Q3/Q13   A4.4   5.4  Travel Brakes 1+2;;-100;-100;450;20;0xff00;0xff;true;;;;;;
Signals;Travel;SafetyChain;;Bool;.iQ_TravelBrake3_4;=S1+F-Q23/Q33  A4.4   6.4  Travel Brakes 3+4;;-100;-100;450;20;0xff00;0xff;true;;;;;;
Signals;Travel;SafetyChain;;Bool;.iQ_TravelBrake5_6;=S1+F-Q43/Q53  A4.4   8.3  Travel Brakes 5+6;;-100;-100;450;20;0xff00;0xff;true;;;;;;
Signals;Travel;SafetyChain;;Bool;.iQ_TravelBrake7_8;=S1+F-Q63/Q73  A4.4   7.4  Travel Brakes 7+8;;-100;-100;450;20;0xff00;0xff;true;;;;;;
Signals;Travel;SafetyChain;;Bool;.iQ_HydMotorRailSea;=S1+F-Q80      A4.3   7.1  Hydr Motor Railcl.Seaside;;-100;-100;450;20;0xff00;0xff;true;;;;;;
Signals;Travel;SafetyChain;;Bool;.iQ_HydMotorRailLand;=S1+F-Q81      A4.3   8.1  Hydr MotorRailcl.Landside;;-100;-100;450;20;0xff00;0xff;true;;;;;;
Signals;Travel;SafetyChain;;Bool;.iF_ValvesRailclamps;=S1+F-F80      A4.3   6.3  Valves Railclamps;;-100;-100;450;20;0xff00;0xff;true;;;;;;
Signals;Travel;SafetyChain;;Bool;.HWErrors.Error[HW_S1FK1T_FK1M];Fault S1FK1T/FK1M Cont.Travel;;-100;-100;450;20;0xff;0xff00;true;;;;;;
Signals;Travel;SafetyChain;;Bool;.HWErrors.Error[HW_S1FK2];Fault S1FK2 Travel Right;;-100;-100;450;20;0xff;0xff00;true;;;;;;
Signals;Travel;SafetyChain;;Bool;.HWErrors.Error[HW_S1FK3];Fault S1FK3 Travel Left;;-100;-100;450;20;0xff;0xff00;true;;;;;;
Signals;Travel;SafetyChain;;Bool;.HWErrors.Error[HW_S1FK3M];Fault S1FK3M Brake Travel;;-100;-100;450;20;0xff;0xff00;true;;;;;;
Signals;Travel;SafetyChain;;Bool;.HWErrors.Error[HW_S1FK80_81M];Fault S1FK80M/81M Motor Hydr.;;510;24;450;20;0xff;0xff00;true;;;;;;
Signals;Travel;SafetyChain;;Bool;.QFErrors.Error[QF_S1FF2];S1FF2  Magn. Overcurr. Travel;;-100;-100;450;20;0xff;0xff00;true;;;;;;
Signals;Travel;SafetyChain;;Bool;.HWErrors.Error[HW_TRAVEL_PreLSRight];Hwf Travel PRE LS Right;;-100;-100;450;20;0xff;0xff00;true;;;;;;
Signals;Travel;SafetyChain;;Bool;.HWErrors.Error[HW_TRAVEL_PreLSLeft];Hwf Travel PRE LS Left;;-100;-100;450;20;0xff;0xff00;true;;;;;;
Signals;Travel;SafetyChain;;Bool;.HWErrors.Error[HW_TR_AnticollPreLSRight];Hwf Travel  Anticoll PRE LS Right;;-100;-100;450;20;0xff;0xff00;true;;;;;;
Signals;Travel;SafetyChain;;Bool;.HWErrors.Error[HW_TR_AnticollPreLSLeft];Hwf Travel Anticoll PRE LS Left;;-100;-100;450;20;0xff;0xff00;true;;;;;;
Signals;Travel;SafetyChain;;Bool;.ETRErrors.Error[ETR_MonStopsignal];Fault Stopsignal  Travel;;-100;-100;450;20;0xff;0xff00;true;;;;;;
Signals;Travel;SafetyChain;;Bool;.HWErrors.Error[HW_RAILCLAMPS];Fault Railclamps not open;;-100;-100;450;20;0xff;0xff00;true;;;;;;
Signals;Travel;SafetyChain;;Bool;.ETRErrors.Error[ETR_MonDirection];Fault  Direction Relais Travel;;-100;-100;450;20;0xff;0xff00;true;;;;;;
;;;;;;;;;;;;;;;;;;;;
Signals;Travel;SafetyChain;;Bool;TRAVEL_31_GENERAL.bSafetyChain_1_Travel;Flag Safetychain 1 Travel;;-100;-124;450;20;0xff00;0xff;true;;;;;;
;;;;;;;;;;;;;;;;;;;;
Signals;Travel;SafetyChain;;Bool;.bMonitorElecTravelOK;Monitor Electronic Travel;;-100;-124;450;20;0xff00;0xff;true;;;;;;
Signals;Travel;SafetyChain;;Bool;.ETRErrors.Error[ETR_MonRegBlocked];Fault Regulator  Blocked Travel;;-100;-100;450;20;0xff;0xff00;true;;;;;;
Signals;Travel;SafetyChain;;Bool;.ETRErrors.Error[ETR_MonOvercurrent];Fault Overcurrent Travel;;-100;-100;450;20;0xff;0xff00;true;;;;;;
Signals;Travel;SafetyChain;;Bool;.bTR_Motorfield;Motorfield Travel OK;;-100;-100;450;20;0xff00;0xff;true;;;;;;
Signals;Travel;SafetyChain;;Bool;.iTr_FaultElectronic;=R2+F          A5.1   2.3  Fault Electr. Travel;;-100;-100;450;20;0xff00;0xff;true;;;;;;
Signals;Travel;SafetyChain;;Bool;.iK_AuxSupply;=S1+A-K5M      A1.2   6.2  Aux. Supply;;-100;-100;450;20;0xff00;0xff;true;;;;;;
Signals;Travel;SafetyChain;;Bool;.tonSafetyChainTravel.Q;Delay Safetychain Travel On;;-100;-100;450;20;0xff00;0x808080;true;;;;;;
;;;;;;;;;;;;;;;;;;;;
Signals;Travel;SafetyChain;;Bool;TRAVEL_31_GENERAL.bSafetyChain_2_Travel;Flag Safetychain 2 Travel;;-100;-124;450;20;0xff00;0xff;true;;;;;;
;;;;;;;;;;;;;;;;;;;;
;;;;;;;;;;;;;;;;;;;;
Signals;Travel;TravelOn;;Bool;TRAVEL_31_GENERAL.bSafetyChain_1_Travel;Flag Safetychain 1 Travel;;10;24;450;20;0xff00;0xff;true;;;;;;
Signals;Travel;TravelOn;;Bool;TRAVEL_31_GENERAL.bSafetyChain_2_Travel;Flag Safetychain 2 Travel;;-100;-100;450;20;0xff00;0xff;true;;;;;;
Signals;Travel;TravelOn;;Bool;TRAVEL_31_GENERAL.bSafetyChainTravel;Flag Safetychain Travel;;-100;-100;450;20;0xff00;0xff;true;;;;;;
;;;;;;;;;;;;;;;;;;;;
Signals;Travel;TravelOn;;Bool;.iCraneOn_NO_P1;=P1+A-S1-N/O   A10.1  5.2  Crane On (N/O);;-100;-124;450;20;0xff00;0x808080;true;;;;;;
Signals;Travel;TravelOn;;Bool;.iCraneOn_NO_S1;=S1+A-S5-N/O   A7.3   7.2  Crane On (N/O);;-100;-100;450;20;0xff00;0x808080;true;;;;;;
Signals;Travel;TravelOn;;Bool;.iBoomOn_NO_P1;=P1+E-S1-N/O   A10.1  3.1  Boom On (N/O);;-100;-100;450;20;0xff00;0x808080;true;;;;;;
Signals;Travel;TravelOn;;Bool;.iCraneOn_NO_P20;=P20+A-S1-N/O  A4.5   6.1  Crane On (N/O);;-100;-100;450;20;0xff00;0x808080;true;;;;;;
Signals;Travel;TravelOn;;Bool;.iJoystTravelZero;=P1+F-S1.3     A10.1  1.4  Joystick Travel Zero;;-100;-100;450;20;0xff00;0x808080;true;;;;;;
Signals;Travel;TravelOn;;Bool;.iJoystTravelZeroP20;=P20+F-S4      A4.5   8.4  Joystick Travel Zero P20;;-100;-100;450;20;0xff00;0x808080;true;;;;;;
Signals;Travel;TravelOn;;Bool;.iCraneOn;=S1+A-K6       A7.1   7.3  Crane On;;-100;-100;450;20;0xff00;0x808080;true;;;;;;
;;;;;;;;;;;;;;;;;;;;
Signals;Travel;TravelOn;;Bool;.bTravelOn;Flag Travel on;;510;24;450;20;0xff00;0x808080;true;;;;;;
Signals;Travel;TravelOn;;Bool;.qMaincontactorTravel;=S1+F-K1T      A4.7   5.4  Maincontactor Travel;;-100;-100;450;20;0xff00;0x808080;true;;;;;;
;;;;;;;;;;;;;;;;;;;;
Signals;Travel;TravelOn;;Bool;.tonRegulatorInterlockTravel.Q;Delay Regulator Interlock Travel;;-100;-124;450;20;0xff00;0x808080;true;;;;;;
Signals;Travel;TravelOn;;Bool;.iControlTest;=S1+A-S34      A7.3   7.1  Control/Test Switch;;-100;-100;450;20;0xff00;0x808080;true;;;;;;
Signals;Travel;TravelOn;;Bool;.qTR_RegInterlock;=R2+F          A5.9   PLG4 Reg. Interlock Travel;;-100;-100;450;20;0xff00;0x808080;true;;;;;;
;;;;;;;;;;;;;;;;;;;;
Signals;Travel;TravelOn;;Bool;.iTr_FaultElectronic;=R2+F          A5.1   2.3  Fault Electr. Travel;;-100;-124;450;20;0xff00;0x808080;true;;;;;;
Signals;Travel;TravelOn;;Bool;.iTr_Motorfield_1;=R2+F          A5.1   4.1  Motorfield  1 Mon. Travel;;-100;-100;450;20;0xff00;0x808080;true;;;;;;
Signals;Travel;TravelOn;;Bool;.iTr_Motorfield_2;=R2+F          A5.1   3.2  Motorfield  2 Mon. Travel;;-100;-100;450;20;0xff00;0x808080;true;;;;;;
Signals;Travel;TravelOn;;Bool;.ETRErrors.Error[ETR_MonRegBlocked];Fault Regulator Blocked Travel;;-100;-100;450;20;0xff;0xff00;true;;;;;;
Signals;Travel;TravelOn;;Bool;.ETRErrors.Error[ETR_MonOvercurrent];=R2+F -F2       A5.1   3.4  Overcurrent Travel;;-100;-100;450;20;0xff;0xff00;true;;;;;;
Signals;Travel;TravelOn;;Bool;.ETRErrors.Error[ETR_Mon1Current];Fault Overcurrent Travel 1;;-100;-100;450;20;0xff;0xff00;true;;;;;;
Signals;Travel;TravelOn;;Bool;.ETRErrors.Error[ETR_Mon2Current];Fault Overcurrent Travel 2;;-100;-100;450;20;0xff;0xff00;true;;;;;;
Signals;Travel;TravelOn;;Bool;.ETRErrors.Error[ETR_MonSetActual];Fault Set-Actual Monitor Travel;;-100;-100;450;20;0xff;0xff00;true;;;;;;
Signals;Travel;TravelOn;;Bool;.ETRErrors.Error[ETR_Overspeed];Fault  Overspeed Regulator Travel;;-100;-100;450;20;0xff;0xff00;true;;;;;;
;;;;;;;;;;;;;;;;;;;;
;;;;;;;;;;;;;;;;;;;;
Signals;Travel;Left;;Bool;.iJoystRight;=P1+F-S1       A6.1   7.3  Joystick Right;;10;24;450;20;0xff00;0x808080;true;;;;;;
Signals;Travel;Left;;Bool;.iJoyStLeft;=P1+F-S1       A6.1   6.4  Joystick Left;;-100;-100;450;20;0xff00;0x808080;true;;;;;;
Signals;Travel;Left;;Bool;.iJoystTravelZero;=P1+F-S1       A6.1   5.4  Joystick Travel Zero;;-100;-100;450;20;0xff00;0x808080;true;;;;;;
Signals;Travel;Left;;Bool;.bCraneOnP1;Flag for Crane On from P1;;-100;-100;450;20;0xff00;0x808080;true;;;;;;
Signals;Travel;Left;;Bool;.bBoomOnP1;Flag for Boom On from P1;;-100;-100;450;20;0xff00;0x808080;true;;;;;;
;;;;;;;;;;;;;;;;;;;;
Signals;Travel;Left;;Bool;.iTravelRightP20;=P20+F-S2      A4.5   8.1  Travel Right P20;;-100;-124;450;20;0xff00;0x808080;true;;;;;;
Signals;Travel;Left;;Bool;.iTravelLeftP20;=P20+F-S3      A4.5   7.4  Travel Left P20;;-100;-100;450;20;0xff00;0x808080;true;;;;;;
Signals;Travel;Left;;Bool;.iJoystTravelZeroP20;=P20+F-S4      A4.5   8.4  Joystick Travel Zero P20;;-100;-100;450;20;0xff00;0x808080;true;;;;;;
Signals;Travel;Left;;Bool;.bCraneOnP20;Flag for CraneOn from P20;;-100;-100;450;20;0xff00;0x808080;true;;;;;;
;;;;;;;;;;;;;;;;;;;;
Signals;Travel;Left;;Bool;.tonSafetyChainTravel.Q;Delay Safetychain Travel On, Regulator Interlock;;510;24;450;20;0xff00;0x808080;true;;;;;;
Signals;Travel;Left;;Bool;.bPtcTravel;Flag for thermal switches Travel;;-100;-100;450;20;0xff00;0x808080;true;;;;;;
Signals;Travel;Left;;Bool;.bLSLeftStop;Travel Left Limitswitches;;-100;-100;450;20;0xff00;0x808080;true;;;;;;
Signals;Travel;Left;;Bool;.iK_StatorCabledrum;=S1+N-K1M      A7.2   3.1  Stator Cabledrum;;-100;-100;450;20;0xff00;0x808080;true;;;;;;
Signals;Travel;Left;;Bool;.bCabledrumReady;Flag Cabledrum Ready (1=Ready/0=NotReady);;-100;-100;450;20;0xff00;0x808080;true;;;;;;
Signals;Travel;Left;;Bool;.qHydrMotorRailclamps;=S1+F-K80M     A4.7   6.4  Hydraulic M_Railclamps;;-100;-100;450;20;0xff00;0x808080;true;;;;;;
Signals;Travel;Left;;Bool;.bStormanchorsUp;Flag All Stormanchors are Up;;-100;-100;450;20;0xff00;0x808080;true;;;;;;
Signals;Travel;Left;;Bool;.QFErrors.Error[QF_RAILCLAMPS];Railclamps not released;;-100;-100;450;20;0xff00;0x808080;true;;;;;;
Signals;Travel;Left;;Bool;.bDepositLS;Spreader Deposit Limitswitches;;-100;-100;450;20;0xff00;0x808080;true;;;;;;
Signals;Travel;Left;;Bool;.bDirFreeGeneral;Overtemperature Switchbox S1 + S2 + HT-Trafo ;;-100;-100;450;20;0xff00;0x808080;true;;;;;;
Signals;Travel;Left;;Bool;.iLS_BoomDown;=G+E-S16       A7.5   5.3  LS Boom Down                       Or;;-100;-100;450;20;0xff00;0x808080;true;;;;;;
Signals;Travel;Left;;Bool;.iLs_60degPosLs1;=G+E-S15       A7.5   8.4  LS Boom 60° Up LS1             Or;;-100;-100;450;20;0xff00;0x808080;true;;;;;;
Signals;Travel;Left;;Bool;.iLs_60degPosLs2;=G+E-S15.1     A7.5   7.4  LS Boom 60° Up LS2            Or;;-100;-100;450;20;0xff00;0x808080;true;;;;;;
Signals;Travel;Left;;Bool;.iOverTempChokeTravel;=S1+F-S1       A4.4   3.2  Overtemp. Choke Travel;;-100;-100;450;20;0xff00;0x808080;true;;;;;;
Signals;Travel;Left;;Bool;TRAVEL_32_COMMANDS.tofDirectionTravel.Q;Timer Direction Free Travel (Overtemp. Choke) ;;-100;-100;450;20;0xff00;0x808080;true;;;;;;
Signals;Travel;Left;;Bool;.iF_WarningDevSupply;=S1+F-F14      A4.4   4.4  Warning Dev. Supply Sec.;;-100;-100;450;20;0xff00;0x808080;true;;;;;;
Signals;Travel;Left;;Bool;.iFanThyTravel;=S1+F-Q5       A4.4   7.3  Fan Thy. Travel;;-100;-100;450;20;0xff00;0x808080;true;;;;;;
Signals;Travel;Left;;Bool;.iFanMonThyTravel;=S1+F-U1       A4.4   2.1  Fan Mon. Thy. Travel;;-100;-100;450;20;0xff00;0x808080;true;;;;;;
Signals;Travel;Left;;Bool;.iCRD_AutoManual;=P21+A-S1      A7.2   7.4  Cabeldrum Autom. Manual;;-100;-100;450;20;0xff00;0x808080;true;;;;;;
;;;;;;;;;;;;;;;;;;;;
Signals;Travel;Left;;Bool;.bTravelLeft;Flag Travel Left;;-100;-124;450;20;0xff00;0x808080;true;;;;;;
;;;;;;;;;;;;;;;;;;;;
;;;;;;;;;;;;;;;;;;;;
Signals;Travel;Right;;Bool;.iJoystRight;=P1+F-S1       A6.1   7.3  Joystick Right;;10;24;450;20;0xff00;0x808080;true;;;;;;
Signals;Travel;Right;;Bool;.iJoyStLeft;=P1+F-S1       A6.1   6.4  Joystick Left;;-100;-100;450;20;0xff00;0x808080;true;;;;;;
Signals;Travel;Right;;Bool;.iJoystTravelZero;=P1+F-S1       A6.1   5.4  Joystick Travel Zero;;-100;-100;450;20;0xff00;0x808080;true;;;;;;
Signals;Travel;Right;;Bool;.bCraneOnP1;Flag for Crane On from P1;;-100;-100;450;20;0xff00;0x808080;true;;;;;;
Signals;Travel;Right;;Bool;.bBoomOnP1;Flag for Boom On from P1;;-100;-100;450;20;0xff00;0x808080;true;;;;;;
;;;;;;;;;;;;;;;;;;;;
Signals;Travel;Right;;Bool;.iTravelRightP20;=P20+F-S2      A4.5   8.1  Travel Right P20;;-100;-124;450;20;0xff00;0x808080;true;;;;;;
Signals;Travel;Right;;Bool;.iTravelLeftP20;=P20+F-S3      A4.5   7.4  Travel Left P20;;-100;-100;450;20;0xff00;0x808080;true;;;;;;
Signals;Travel;Right;;Bool;.iJoystTravelZeroP20;=P20+F-S4      A4.5   8.4  Joystick Travel Zero P20;;-100;-100;450;20;0xff00;0x808080;true;;;;;;
Signals;Travel;Right;;Bool;.bCraneOnP20;Flag for CraneOn from P20;;-100;-100;450;20;0xff00;0x808080;true;;;;;;
;;;;;;;;;;;;;;;;;;;;
Signals;Travel;Right;;Bool;.tonSafetyChainTravel.Q;Delay Safetychain Travel On, Regulator Interlock;;510;24;450;20;0xff00;0x808080;true;;;;;;
Signals;Travel;Right;;Bool;.bPtcTravel;Flag for thermal switches Travel;;-100;-100;450;20;0xff00;0x808080;true;;;;;;
Signals;Travel;Right;;Bool;.bLSRightStop;Travel Right Limitswitches;;-100;-100;450;20;0xff00;0x808080;true;;;;;;
Signals;Travel;Right;;Bool;.iK_StatorCabledrum;=S1+N-K1M      A7.2   3.1  Stator Cabledrum;;-100;-100;450;20;0xff00;0x808080;true;;;;;;
Signals;Travel;Right;;Bool;.bCabledrumReady;Flag Cabledrum Ready (1=Ready/0=NotReady);;-100;-100;450;20;0xff00;0x808080;true;;;;;;
Signals;Travel;Right;;Bool;.qHydrMotorRailclamps;=S1+F-K80M     A4.7   6.4  Hydraulic M_Railclamps;;-100;-100;450;20;0xff00;0x808080;true;;;;;;
Signals;Travel;Right;;Bool;.bStormanchorsUp;Flag All Stormanchors are Up;;-100;-100;450;20;0xff00;0x808080;true;;;;;;
Signals;Travel;Right;;Bool;.QFErrors.Error[QF_RAILCLAMPS];Railclamps not released;;-100;-100;450;20;0xff00;0x808080;true;;;;;;
Signals;Travel;Right;;Bool;.bDepositLS;Spreader Deposit Limitswitches;;-100;-100;450;20;0xff00;0x808080;true;;;;;;
Signals;Travel;Right;;Bool;.bDirFreeGeneral;Overtemperature Switchbox S1 + S2 + HT-Trafo ;;-100;-100;450;20;0xff00;0x808080;true;;;;;;
Signals;Travel;Right;;Bool;.iLS_BoomDown;=G+E-S16       A7.5   5.3  LS Boom Down                       Or;;-100;-100;450;20;0xff00;0x808080;true;;;;;;
Signals;Travel;Right;;Bool;.iLs_60degPosLs1;=G+E-S15       A7.5   8.4  LS Boom 60° Up LS1             Or;;-100;-100;450;20;0xff00;0x808080;true;;;;;;
Signals;Travel;Right;;Bool;.iLs_60degPosLs2;=G+E-S15.1     A7.5   7.4  LS Boom 60° Up LS2            Or;;-100;-100;450;20;0xff00;0x808080;true;;;;;;
Signals;Travel;Right;;Bool;.iOverTempChokeTravel;=S1+F-S1       A4.4   3.2  Overtemp. Choke Travel;;-100;-100;450;20;0xff00;0x808080;true;;;;;;
Signals;Travel;Right;;Bool;TRAVEL_32_COMMANDS.tofDirectionTravel.Q;Timer Direction Free Travel (Overtemp. Choke) ;;-100;-100;450;20;0xff00;0x808080;true;;;;;;
Signals;Travel;Right;;Bool;.iF_WarningDevSupply;=S1+F-F14      A4.4   4.4  Warning Dev. Supply Sec.;;-100;-100;450;20;0xff00;0x808080;true;;;;;;
Signals;Travel;Right;;Bool;.iFanThyTravel;=S1+F-Q5       A4.4   7.3  Fan Thy. Travel;;-100;-100;450;20;0xff00;0x808080;true;;;;;;
Signals;Travel;Right;;Bool;.iFanMonThyTravel;=S1+F-U1       A4.4   2.1  Fan Mon. Thy. Travel;;-100;-100;450;20;0xff00;0x808080;true;;;;;;
Signals;Travel;Right;;Bool;.iCRD_AutoManual;=P21+A-S1      A7.2   7.4  Cabeldrum Autom. Manual;;-100;-100;450;20;0xff00;0x808080;true;;;;;;
;;;;;;;;;;;;;;;;;;;;
;;;;;;;;;;;;;;;;;;;;
Signals;Travel;Right;;Bool;.bTravelRight;Flag Travel Right;;-100;-124;450;20;0xff00;0x808080;true;;;;;;
;;;;;;;;;;;;;;;;;;;;
;;;;;;;;;;;;;;;;;;;;
Signals;Travel;SpeedLimits;;Bool;.bTravelRight;Travel right;;10;24;450;20;0xff00;0x808080;true;;;;;;
Signals;Travel;SpeedLimits;;Bool;.bTravelLeft;Travel left;;-100;-100;450;20;0xff00;0x808080;true;;;;;;
Signals;Travel;SpeedLimits;;Bool;.iPreLimitSwTravelRight10;=S1+N          A7.2   4.4  Pre-LS Travel Right 10%;;-100;-100;450;20;0xff00;0x808080;true;;;;;;
Signals;Travel;SpeedLimits;;Bool;.iPre10AntiCollRight;=E+F-B3        A4.4   1.4  Tr. AntiColl. PreLS Right;;-100;-100;450;20;0xff00;0x808080;true;;;;;;
Signals;Travel;SpeedLimits;;Bool;.iPreLimitSwTravelLeft10;=S1+N          A7.2   3.4  Pre-LS Travel Left 10%;;-100;-100;450;20;0xff00;0x808080;true;;;;;;
Signals;Travel;SpeedLimits;;Bool;.iPre10AntiCollLeft;=E+F-B2        A4.4   1.3  Tr. AntiColl. PreLS Left;;-100;-100;450;20;0xff00;0x808080;true;;;;;;
Signals;Travel;SpeedLimits;;Bool;.bLsRailclampsUp;Flag All Railclamps are Up;;-100;-100;450;20;0xff00;0x808080;true;;;;;;
Signals;Travel;SpeedLimits;;Bool;.iResetButton;=S1+A-K17      A7.1   4.1  Contactor Reset Button;;-100;-100;450;20;0xff00;0x808080;true;;;;;;
Signals;Travel;SpeedLimits;;Bool;.bFastSpeedGeneral;Overtemperature Switchbox S1 + S2 + HT-Trafo ;;-100;-100;450;20;0xff00;0x808080;true;;;;;;
Signals;Travel;SpeedLimits;;Bool;TRAVEL_32_COMMANDS.srFastSpeedTravel.Q1;Fast Speed allowed;;-100;-100;450;20;0xff00;0x808080;true;;;;;;
Signals;Travel;SpeedLimits;;Bool;.iParkingBypass;=P1+A-S10      A10.1  8.2  Parking Bypass;;-100;-100;450;20;0x808080;0xff00;true;;;;;;
Signals;Travel;SpeedLimits;;Bool;.bCraneOnP1;Crane On from P1                                                      or P1 Boom ON;;-100;-100;450;20;0xff00;0x808080;true;;;;;;
Signals;Travel;SpeedLimits;;Bool;.bBoomOnP1;Crane On from P1 Boom                                         or  P1 ON;;-100;-100;450;20;0xff00;0x808080;true;;;;;;
Signals;Travel;SpeedLimits;;Bool;.QFErrors.Error[QF_PtcTravel];S1FF5 PTC-Travel;;-100;-100;450;20;0xff00;0x808080;true;;;;;;
;;;;;;;;;;;;;;;;;;;;
Signals;Travel;SpeedLimits;;Bool;.qTravelSetvalueP1;=S1+F          A4.9   PLG2 Travel Setvalue from P1;;-100;-124;450;20;0xff00;0x808080;true;;;;;;
;;;;;;;;;;;;;;;;;;;;
Signals;Travel;SpeedLimits;;Bool;.qTr_P1_S1_Mode;=R2+F          A5.8   PLG3 Travel P1/S1 Mode;;510;24;450;20;0xff00;0x808080;true;;;;;;
;;;;;;;;;;;;;;;;;;;;
Signals;Travel;SpeedLimits;;Bool;.bCraneOnP20;Crane On from P20;;-100;-124;450;20;0xff00;0x808080;true;;;;;;
Signals;Travel;SpeedLimits;;Bool;TRAVEL_32_COMMANDS.bPreLimitSpeed;Speedlimit 10%;;-100;-100;450;20;0xff00;0x808080;true;;;;;;
Signals;Travel;SpeedLimits;;Bool;.QFErrors.Error[QF_PtcTravel];S1FF5 PTC-Travel;;-100;-100;450;20;0xff00;0x808080;true;;;;;;
;;;;;;;;;;;;;;;;;;;;
Signals;Travel;SpeedLimits;;Bool;.qTravelSetvalueP20;=S1+F          A4.9   PLG4 Travel Setvalue from P20;;-100;-124;450;20;0xff00;0x808080;true;;;;;;
;;;;;;;;;;;;;;;;;;;;
Signals;Travel;Cabledrum;;Bool;.iQ_Cabledrum;=S1+N-Q4       A7.2   2.4  Breaker Cabledrum;;10;24;450;20;0xff00;0x808080;true;;;;;;
Signals;Travel;Cabledrum;;Bool;.iOvertempCDR;=E+A-S1        A7.2   1.4  Overtemperature Cabledrum;;-100;-100;450;20;0xff00;0x808080;true;;;;;;
Signals;Travel;Cabledrum;;Bool;.HWErrors.Error[HW_CABLEDRUM];Fault Cabledrum;;-100;-100;450;20;0xff00;0x808080;true;;;;;;
Signals;Travel;Cabledrum;;Bool;.bCabledrumReady;Flag Cabledrum Ready (1=Ready/0=NotReady);;-100;-100;450;20;0xff00;0x808080;true;;;;;;
;;;;;;;;;;;;;;;;;;;;
Signals;Travel;Cabledrum;;Bool;.iDirectionA;=S1+N-S1.A     A7.2   5.1  Direction A;;-100;-124;450;20;0xff00;0x808080;true;;;;;;
Signals;Travel;Cabledrum;;Bool;.iDirectionB;=S1+N-S1.B     A7.2   6.1  Direction B;;-100;-100;450;20;0xff00;0x808080;true;;;;;;
Signals;Travel;Cabledrum;;Bool;.iDrumEmpty;=S1+N-S2.D     A7.2   8.4  CDR LS Empty;;-100;-100;450;20;0xff00;0x808080;true;;;;;;
Signals;Travel;Cabledrum;;Bool;.iDrum1_3to2_3;=S1+N-S2.B     A7.2   1.1  CDR LS 1/3 to 2/3;;-100;-100;450;20;0xff00;0x808080;true;;;;;;
Signals;Travel;Cabledrum;;Bool;.iDrum2_3toFull;=S1+N-S2.C     A7.2   2.1  CDR LS 2/3 to Full;;-100;-100;450;20;0xff00;0x808080;true;;;;;;
Signals;Travel;Cabledrum;;Bool;.iDrumFull;=S1+N-S2.A     A7.2   8.1  CDR LS Full;;-100;-100;450;20;0xff00;0x808080;true;;;;;;
Signals;Travel;Cabledrum;;Bool;.iSlackCable;=S1+N-S1.C     A7.2   5.4  Slack Cable CDR;;-100;-100;450;20;0xff00;0x808080;true;;;;;;
Signals;Travel;Cabledrum;;Bool;.iAcceleration;=S1+N-S1.D     A7.2   6.4  Acceleration Zone CDR;;-100;-100;450;20;0xff00;0x808080;true;;;;;;
Signals;Travel;Cabledrum;;Bool;.iTautCable;=S1+N-S1.E     A7.2   7.1  Taut Cable CDR;;-100;-100;450;20;0xff00;0x808080;true;;;;;;
Signals;Travel;Cabledrum;;Bool;.qStatorCableDrum;=S1+N-K1M      A7.6   3.1  Stator Cabledrum;;510;24;450;20;0xff00;0x808080;true;;;;;;
Signals;Travel;Cabledrum;;Bool;.qWindOff2_3to1_3;=S1+N-K3M      A7.6   3.4  Step6 Wind Off 2/3 to1/3;;-100;-100;450;20;0xff00;0x808080;true;;;;;;
Signals;Travel;Cabledrum;;Bool;.qWindOffFullto2_3;=S1+N-K4M      A7.6   4.3  Step5 Wind Off Full to2/3;;-100;-100;450;20;0xff00;0x808080;true;;;;;;
Signals;Travel;Cabledrum;;Bool;.qWindInEmptyto1_3;=S1+N-K5M      A7.6   3.3  Step4 Wind In Empty to1/3;;-100;-100;450;20;0xff00;0x808080;true;;;;;;
Signals;Travel;Cabledrum;;Bool;.qWindIn1_3to2_3;=S1+N-K6M      A7.6   4.2  Step3 Wind In 1/3 to 2/3;;-100;-100;450;20;0xff00;0x808080;true;;;;;;
Signals;Travel;Cabledrum;;Bool;.qWindIn2_3toFull;=S1+N-K7M      A7.6   3.2  Step2 Wind In 2/3 to Full;;-100;-100;450;20;0xff00;0x808080;true;;;;;;
Signals;Travel;Cabledrum;;Bool;.qAcceleration;=S1+N-K8M      A7.6   4.1  Step1 Acceleration Step;;-100;-100;450;20;0xff00;0x808080;true;;;;;;
;;;;;;;;;;;;;;;;;;;;
;;;;;;;;;;;;;;;;;;;;
Signals;Trolley;Meters;;Double;Digivert_Trolley.vis_iArmVoltage;Voltage[V];;350;100;100;400;0xff;0xffff;true;-500;500;-400;400;-450;450
Signals;Trolley;Meters;;Double;Digivert_Trolley.vis_iArmCurrent;Current[A];;550;100;100;400;0xff;0xffff;true;0;1000;0;600;0;900
;;;;;;;;;;;;;;;;;;;;
Signals;Trolley;Curves;;Double;Digivert_Trolley.vis_iArmVoltage;Voltage[V];;24;3;950;275;0xff;0xffff;true;-500;500;;;;
Signals;Trolley;Curves;;Double;Digivert_Trolley.vis_iArmCurrent;Current[A];;24;295;950;275;0xff;0xffff;true;0;1000;;;;
;;;;;;;;;;;;;;;;;;;;
;;;;;;;;;;;;;;;;;;;;
Signals;Trolley;LimitSwitches;;Bool;.iEmergStopTrolley;=S1+K-K9  A7.3  4.2  E-Stop Trolley Forw.Rev.;;5;10;315;20;0xff00;0x808080;true;;;;;;
Signals;Trolley;LimitSwitches;;Bool;.iLSBoomForward;=K+K-S9    A8.1   4.4  Ls Boom Forward;;5;-124;315;20;0xff00;0x808080;true;;;;;;
Signals;Trolley;LimitSwitches;;Bool;.iPreLSBoomForward10;=K+K-B6 A8.1 3.4  Pre-Ls Boom Forward 10%;;-100;-100;315;20;0xff00;0x808080;true;;;;;;
Signals;Trolley;LimitSwitches;;Bool;.iPreLSBoomForward25;=K+K-B7 A8.1 4.3  Pre-Ls Boom Forward 25%;;-100;-100;315;20;0xff00;0x808080;true;;;;;;
x;Trolley;LimitSwitches;;Bool;.iLSHeavyLiftForward;=K+K-B16  A8.1   3.3  LS Heavy Lift Forward;;-100;-100;315;20;0xff00;0x808080;true;;;;;;
Signals;Trolley;LimitSwitches;;Bool;.iTrolleyOnBoom;=K+K-B15  A8.1   5.3  Trolley On Boom;;-100;-218;315;20;0xff00;0x808080;true;;;;;;
Signals;Trolley;LimitSwitches;;Bool;.iLSBeamForward;=K+K-B13  A8.1   6.3  Ls Beam Forward;;-100;-100;315;20;0xff00;0x808080;true;;;;;;
Signals;Trolley;LimitSwitches;;Bool;.iPreLSBeamForward10;=K+K-B14 A8.1 5.4  Pre-Ls Beam Forward 10%;;-100;-100;315;20;0xff00;0x808080;true;;;;;;
Signals;Trolley;LimitSwitches;;Bool;.iPreLSBeamForward25;=K+K-B18 A8.1 7.1  Pre-Ls Beam Forward 25%;;-100;-100;315;20;0xff00;0x808080;true;;;;;;
Signals;Trolley;LimitSwitches;;Bool;.iTrolleyParkPosition;=K+K-B12  A8.1   6.4  Trolley On Park Position;;650;5;315;20;0x808080;0xff00;true;;;;;;
x;Trolley;LimitSwitches;;Bool;.iLSHeavyLiftReverse;=K+K-B17  A8.1   7.3  LS Heavy Lift Reverse;;-100;-100;315;20;0xff00;0x808080;true;;;;;;
Signals;Trolley;LimitSwitches;;Bool;.iPreLSBeamReverse25;=K+K-B11 A8.1 8.3  Pre-Ls Beam Reverse 25%;;-100;-100;315;20;0xff00;0x808080;true;;;;;;
Signals;Trolley;LimitSwitches;;Bool;.iPreLSBeamReverse10;=K+K-B10 A8.1 7.4  Pre-Ls Beam Reverse 10%;;-100;-100;315;20;0xff00;0x808080;true;;;;;;
Signals;Trolley;LimitSwitches;;Bool;.iLSBeamReverse;=K+K-S10       A8.1   8.4  Ls Beam Reverse;;-100;-100;315;20;0xff00;0x808080;true;;;;;;
;;;;;;;;;;;;;;;;;;;;
;;;;;;;;;;;;;;;;;;;;
Signals;Trolley;SafetyChain;;Bool;.iQ_MainswitchTrolleyBoom;=S1+K-Q1       A1.2   6.4  Mainswitch Trolley /Boom;;20;5;450;20;0xff00;0xff;true;;;;;;
Signals;Trolley;SafetyChain;;Bool;.iF_ContactorTrolleyBoom;=S1+A-F10.3    A7.1   4.3  Trolley/Boom Cont. Supply;;-100;-100;450;20;0xff00;0xff;true;;;;;;
Signals;Trolley;SafetyChain;;Bool;.iSupplyElectronicsR2;=S1+K-F9       A7.3   5.1  Supply Electronics R2;;-100;-100;450;20;0xff00;0xff;true;;;;;;
Signals;Trolley;SafetyChain;;Bool;.iRegVoltageTrolleyBoom;=S1+K-Q4       A7.3   6.1  Regulator Voltage Ty/Boom;;-100;-100;450;20;0xff00;0xff;true;;;;;;
Signals;Trolley;SafetyChain;;Bool;.iFieldTrolley_Boom_prim;=S1+K-Q6       A7.3   5.4  Motorfield Ty/Boom Prim.;;-100;-100;450;20;0xff00;0xff;true;;;;;;
Signals;Trolley;SafetyChain;;Bool;.iMotorfieldTrolley_sec;=S1+K-F7       A7.3   7.4  Motorfield Trolley Sec.;;-100;-100;450;20;0xff00;0xff;true;;;;;;
Signals;Trolley;SafetyChain;;Bool;.iFieldTrolley_Boom_sec;=S1+K-F17      A7.3   8.4  Motorfield Ty/Boom Sec.;;-100;-100;450;20;0xff00;0xff;true;;;;;;
Signals;Trolley;SafetyChain;;Bool;.iArmatureVoltage1_Trolley;=S1+K-F3       A7.4   1.4  Armature Voltage Trolley;;-100;-100;450;20;0xff00;0xff;true;;;;;;
Signals;Trolley;SafetyChain;;Bool;.iArmatureVoltage2_Trolley;=S1+K-F4       A7.4   2.4  Armature Voltage Trolley;;-100;-100;450;20;0xff00;0xff;true;;;;;;
Signals;Trolley;SafetyChain;;Bool;.iFuThyTrolleyBoom;=S1+K-U1       A7.4   5.1  Fuse Mon.Thy.Trolley/Boom;;-100;-100;450;20;0xff00;0xff;true;;;;;;
Signals;Trolley;SafetyChain;;Bool;.iEmergStopTrolley;=S1+K-K9       A7.3   6.4  E-Stop Trolley Forw.Rev.;;-100;-100;450;20;0xff00;0xff;true;;;;;;
Signals;Trolley;SafetyChain;;Bool;.iQ_BrakeFansTrolley;=S2+K-Q6       A8.2   7.3  Brake Fans Trolley;;-100;-100;450;20;0xff00;0xff;true;;;;;;
Signals;Trolley;SafetyChain;;Bool;.iQ_Brake1Trolley;=S2+K-Q15      A8.2   5.2  Brake 1 Trolley;;-100;-100;450;20;0xff00;0xff;true;;;;;;
Signals;Trolley;SafetyChain;;Bool;.iQ_Brake2Trolley;=S2+K-Q16      A8.2   6.2  Brake 2 Trolley;;-100;-100;450;20;0xff00;0xff;true;;;;;;
Signals;Trolley;SafetyChain;;Bool;.iQ_Brake3Trolley;=S2+K-Q17      A8.2   7.1  Brake 3 Trolley;;-100;-100;450;20;0xff00;0xff;true;;;;;;
Signals;Trolley;SafetyChain;;Bool;.iQ_Brake4Trolley;=S2+K-Q18      A8.2   8.1  Brake 4 Trolley;;-100;-100;450;20;0xff00;0xff;true;;;;;;
Signals;Trolley;SafetyChain;;Bool;.HWErrors.Error[HW_S2KK1M];Fault S2KK1M Fans Trolley Motor;;-100;-100;450;20;0xff;0xff00;true;;;;;;
Signals;Trolley;SafetyChain;;Bool;.HWErrors.Error[HW_S2KK3M_S1KK4];Fault S2KK3M/KK4 Brake Trolley;;-100;-100;450;20;0xff;0xff00;true;;;;;;
Signals;Trolley;SafetyChain;;Bool;.HWErrors.Error[HW_S1KK1T_EK1T_KK1M];Fault EK1T/KK1T/KK1M Cont.Ty/Bo;;-100;-100;450;20;0xff;0xff00;true;;;;;;
Signals;Trolley;SafetyChain;;Bool;.HWErrors.Error[HW_S1KK6M_KK4M];Fault S1KK6M/KK4M Trolley Field;;-100;-100;450;20;0xff;0xff00;true;;;;;;
Signals;Trolley;SafetyChain;;Bool;.HWErrors.Error[HW_TY_LSFOR_BOOM];Hwf Trolley LS Forward Boom;;-100;-100;450;20;0xff;0xff00;true;;;;;;
Signals;Trolley;SafetyChain;;Bool;.HWErrors.Error[HW_TY_PRELS10FOR_BOOM];Hwf Trolley PRE LS10% Forw.Boom;;-100;-100;450;20;0xff;0xff00;true;;;;;;
Signals;Trolley;SafetyChain;;Bool;.HWErrors.Error[HW_TY_PRELS10FOR_BEAM];Hwf Trolley PRE LS10% Forw.Beam;;-100;-100;450;20;0xff;0xff00;true;;;;;;
Signals;Trolley;SafetyChain;;Bool;.HWErrors.Error[HW_TY_PRELS25FOR_BOOM];Hwf Trolley PRE LS25% Forw.Boom;;510;5;450;20;0xff;0xff00;true;;;;;;
Signals;Trolley;SafetyChain;;Bool;.HWErrors.Error[HW_TY_PRELS25FOR_BEAM];Hwf Trolley PRE LS25% Forw.Beam;;-100;-100;450;20;0xff;0xff00;true;;;;;;
Signals;Trolley;SafetyChain;;Bool;.HWErrors.Error[HW_TY_PRELS10REV];Hwf Trolley PRE LS10% Rev.Beam;;-100;-100;450;20;0xff;0xff00;true;;;;;;
Signals;Trolley;SafetyChain;;Bool;.HWErrors.Error[HW_TY_PRELS25REV];Hwf Trolley PRE LS25% Rev.Beam;;-100;-100;450;20;0xff;0xff00;true;;;;;;
Signals;Trolley;SafetyChain;;Bool;.HWErrors.Error[HW_TY_LSREV_BEAM];Hwf Trolley LS Reverse Beam;;-100;-100;450;20;0xff;0xff00;true;;;;;;
x;Trolley;SafetyChain;;Bool;.HWErrors.Error[HW_TY_Heavy_LS_REV];Hwf LS Heavy Lift Reverse;;-100;-100;450;20;0xff;0xff00;true;;;;;;
x;Trolley;SafetyChain;;Bool;.HWErrors.Error[HW_TY_Heavy_LS_FOR];Hwf LS Heavy Lift Forward;;-100;-100;450;20;0xff;0xff00;true;;;;;;
Signals;Trolley;SafetyChain;;Bool;.ETYErrors.Error[ETY_MonStopsignal];Fault Stopsignal Trolley;;-100;-100;450;20;0xff;0xff00;true;;;;;;
Signals;Trolley;SafetyChain;;Bool;.QFErrors.Error[QF_S1KF2_TY];S1KF2 Magn. Overcurrent Trolley;;-100;-100;450;20;0xff;0xff00;true;;;;;;
Signals;Trolley;SafetyChain;;Bool;.ETYErrors.Error[ETY_MonDirection];Direction MONITORING;;-100;-100;450;20;0xff;0xff00;true;;;;;;
;;;;;;;;;;;;;;;;;;;;
Signals;Trolley;SafetyChain;;Bool;TROLLEY_41_GENERAL.bSafetyChain_1_Trolley;Flag Safetychain 1 Trolley;;-100;-120;450;20;0xff00;0xff;true;;;;;;
;;;;;;;;;;;;;;;;;;;;
Signals;Trolley;SafetyChain;;Bool;.bMonitorElecTrolleyOK;Monitor Electronic Trolley;;-100;-120;450;20;0xff00;0xff;true;;;;;;
Signals;Trolley;SafetyChain;;Bool;.ETYErrors.Error[ETY_MonRegBlocked];Fault Regulator  Blocked Trolley;;-100;-100;450;20;0xff;0xff00;true;;;;;;
Signals;Trolley;SafetyChain;;Bool;.ETYErrors.Error[ETY_MonOvercurrent];Fault Overcurrent Trolley;;-100;-100;450;20;0xff;0xff00;true;;;;;;
Signals;Trolley;SafetyChain;;Bool;.iTy_Motorfield;=R2+K          A5.1   7.3  Motorfield Mon. Trolley;;-100;-100;450;20;0xff00;0xff;true;;;;;;
Signals;Trolley;SafetyChain;;Bool;.iTyBo_Motorfield;=R2+K          A5.1   8.2  Motorfield Mon. Ty/Boom;;-100;-100;450;20;0xff00;0xff;true;;;;;;
Signals;Trolley;SafetyChain;;Bool;.iTY_FaultElectronic;=R2+F          A5.1   2.3  Fault Electr. Travel;;-100;-100;450;20;0xff00;0xff;true;;;;;;
Signals;Trolley;SafetyChain;;Bool;.iK_AuxSupply;=S1+A-K5M      A1.2   6.2  Aux. Supply;;-100;-100;450;20;0xff00;0xff;true;;;;;;
Signals;Trolley;SafetyChain;;Bool;.bBO_StoppingLogicDelayed;Stopping Logic Delayed Boom;;-100;-100;450;20;0xff;0xff00;true;;;;;;
Signals;Trolley;SafetyChain;;Bool;.tonSafetyChainTrolley.Q;Delay Safetychain Trolley On;;-100;-100;450;20;0xff00;0x808080;true;;;;;;
;;;;;;;;;;;;;;;;;;;;
Signals;Trolley;SafetyChain;;Bool;TROLLEY_41_GENERAL.bSafetyChain_2_Trolley;Flag 2 Safetychain Trolley;;-100;-120;450;20;0xff00;0xff;true;;;;;;
;;;;;;;;;;;;;;;;;;;;
;;;;;;;;;;;;;;;;;;;;
Signals;Trolley;TrolleyOn;;Bool;TROLLEY_41_GENERAL.bSafetyChain_1_Trolley;Flag Safetychain 1 Trolley;;24;24;450;20;0xff00;0xff;true;;;;;;
Signals;Trolley;TrolleyOn;;Bool;TROLLEY_41_GENERAL.bSafetyChain_2_Trolley;Flag Safetychain 2 Trolley;;-100;-100;450;20;0xff00;0xff;true;;;;;;
Signals;Trolley;TrolleyOn;;Bool;TROLLEY_41_GENERAL.bSafetyChainTrolley;Flag Safetychain Trolley;;-100;-100;450;20;0xff00;0xff;true;;;;;;
;;;;;;;;;;;;;;;;;;;;
Signals;Trolley;TrolleyOn;;Bool;.iCraneOn_NO_P1;=P1+A-S1-N/O   A10.1  5.2  Crane On (N/O);;-100;-124;450;20;0xff00;0x808080;true;;;;;;
Signals;Trolley;TrolleyOn;;Bool;.iCraneOn_NO_S1;=S1+A-S5-N/O   A1.2   3.2  Crane On (N/O);;-100;-100;450;20;0xff00;0x808080;true;;;;;;
Signals;Trolley;TrolleyOn;;Bool;.iJoystTrolleyZero;=P1+K-S1.3     A9.1   8.2  Joystick Trolley Zero;;-100;-100;450;20;0xff00;0x808080;true;;;;;;
Signals;Trolley;TrolleyOn;;Bool;.iCraneOn;=S1+A-K6       A7.6   5.2  Crane On;;-100;-100;450;20;0xff00;0x808080;true;;;;;;
;;;;;;;;;;;;;;;;;;;;
Signals;Trolley;TrolleyOn;;Bool;.bTrolleyOn;Flag Trolley on;;510;24;450;20;0xff00;0x808080;true;;;;;;
Signals;Trolley;TrolleyOn;;Bool;.qMaincontactorTrolley;=S1+K-K1T      A7.7   5.1  Maincontactor Trolley;;-100;-100;450;20;0xff00;0x808080;true;;;;;;
Signals;Trolley;TrolleyOn;;Bool;.tonRegulatorInterlockTrolley.Q;Delay Regulator Interlock Trolley ;;-100;-100;450;20;0xff00;0x808080;true;;;;;;
Signals;Trolley;TrolleyOn;;Bool;.qTyBo_RegInterlock;=R2+K          A5.9   PLG3 Reg. Interlock Ty/Boom;;-100;-100;450;20;0xff00;0x808080;true;;;;;;
Signals;Trolley;TrolleyOn;;Bool;.iTy_Motorfield;=R2+K          A5.1   7.3  Motorfield Mon. Trolley;;-100;-100;450;20;0xff00;0xff;true;;;;;;
Signals;Trolley;TrolleyOn;;Bool;.iTyBo_Motorfield;=R2+K          A5.1   8.2  Motorfield Mon. Ty/Boom;;-100;-100;450;20;0xff00;0xff;true;;;;;;
Signals;Trolley;TrolleyOn;;Bool;.ETYErrors.Error[ETY_MonRegBlocked];Fault Regulator Blocked Trolley;;-100;-100;450;20;0xff;0xff00;true;;;;;;
Signals;Trolley;TrolleyOn;;Bool;.ETYErrors.Error[ETY_MonOvercurrent];Fault Overcurrent Trolley;;-100;-100;450;20;0xff;0xff00;true;;;;;;
Signals;Trolley;TrolleyOn;;Bool;.ETYErrors.Error[ETY_MonArmVoltage];Fault Armature Voltage Trolley;;-100;-100;450;20;0xff;0xff00;true;;;;;;
Signals;Trolley;TrolleyOn;;Bool;.ETYErrors.Error[ETY_MonRegCheck];Fault Regulator Check Trolley;;-100;-100;450;20;0xff;0xff00;true;;;;;;
Signals;Trolley;TrolleyOn;;Bool;.ETYErrors.Error[ETY_ElecFaults];Fault Electronic Trolley;;-100;-100;450;20;0xff;0xff00;true;;;;;;
Signals;Trolley;TrolleyOn;;Bool;.bMonitorElecTrolleyOK;Fault Regulator Trolley;;-100;-100;450;20;0xff00;0xff;true;;;;;;
;;;;;;;;;;;;;;;;;;;;
;;;;;;;;;;;;;;;;;;;;
Signals;Trolley;Forward;;Bool;.iJoystForward;=P1+K-S1.1     A9.1   6.3  Joystick Forward;;24;24;450;20;0xff00;0x808080;true;;;;;;
Signals;Trolley;Forward;;Bool;.iJoystReverse;=P1+K-S1.2     A9.1   5.3  Joystick Reverse;;-100;-100;450;20;0xff00;0x808080;true;;;;;;
Signals;Trolley;Forward;;Bool;.iJoystTrolleyZero;=P1+K-S1.3     A9.1   8.2  Joystick Trolley Zero;;-100;-100;450;20;0xff00;0x808080;true;;;;;;
Signals;Trolley;Forward;;Bool;.bCraneOnP1;Flag for Crane On from P1;;-100;-124;450;20;0xff00;0x808080;true;;;;;;
;;;;;;;;;;;;;;;;;;;;
Signals;Trolley;Forward;;Bool;.iOverTempChoke_TY_BO;=S1+K-S1       A7.4   5.4  Overtemp.Choke Ty/Boom;;-100;-124;450;20;0xff00;0x808080;true;;;;;;
Signals;Trolley;Forward;;Bool;.iFanThyTrolley_Boom;=S1+K-F10      A7.3   7.1  Fan Thy. Trolley Boom;;-100;-100;450;20;0xff00;0x808080;true;;;;;;
Signals;Trolley;Forward;;Bool;.iFanMonThyTrolleyBoom;=S1+K-U1       A7.4   6.1  Fan Mon.Thy. Trolley Boom ;;-100;-100;450;20;0xff00;0x808080;true;;;;;;
Signals;Trolley;Forward;;Bool;.iQFansTrolleyMotor1;=S2+K-Q7       A8.2   8.3  Fans Trolley Motor 1;;-100;-100;450;20;0xff00;0x808080;true;;;;;;
Signals;Trolley;Forward;;Bool;.iQFansTrolleyMotor2;=S2+K-Q9       A8.2   7.4  Fans Trolley Motor 2;;-100;-100;450;20;0xff00;0x808080;true;;;;;;
Signals;Trolley;Forward;;Bool;.iQFansTrolleyMotor3;=S2+K-Q11      A8.2   8.4  Fans Trolley Motor 3;;-100;-100;450;20;0xff00;0x808080;true;;;;;;
Signals;Trolley;Forward;;Bool;.iQFansTrolleyMotor4;=S2+K-Q13      A8.2   5.1  Fans Trolley Motor 4;;-100;-100;450;20;0xff00;0x808080;true;;;;;;
Signals;Trolley;Forward;;Bool;TROLLEY_42_COMMANDS.tofDirectionTrolley.Q;tof Direction Trolley;;-100;-100;450;20;0xff00;0x808080;true;;;;;;
;;;;;;;;;;;;;;;;;;;;
Signals;Trolley;Forward;;Bool;.tonSafetyChainTrolley.Q;Delay Safetychain Trolley On, Regulator Interlock;;510;24;450;20;0xff00;0x808080;true;;;;;;
Signals;Trolley;Forward;;Bool;.bReverseTy;Direction Reverse Trolley;;-100;-100;450;20;0xff00;0x808080;true;;;;;;
Signals;Trolley;Forward;;Bool;.bPtcTrolleyForward;Flag for thermal switches Trolley forward;;-100;-100;450;20;0xff00;0x808080;true;;;;;;
Signals;Trolley;Forward;;Bool;TROLLEY_42_COMMANDS.tonSlackRopeBoomTrolley.Q;SlackRope Boom for Trolleyoperation                     or;;-100;-100;450;20;0x808080;0xff00;true;;;;;;
Signals;Trolley;Forward;;Bool;.iLs_60degPosLs1;=G+E-S15       A7.5   8.4  LS Boom 60° Up LS1         or;;-100;-100;450;20;0xff00;0x808080;true;;;;;;
Signals;Trolley;Forward;;Bool;.iLs_60degPosLs2;=G+E-S15.1     A7.5   7.4  LS Boom 60° Up LS2        or;;-100;-100;450;20;0xff00;0x808080;true;;;;;;
Signals;Trolley;Forward;;Bool;.bDoorLock;Trolleydoors locked;;-100;-100;450;20;0xff00;0x808080;true;;;;;;
Signals;Trolley;Forward;;Bool;.qTyBo_RegInterlock;=R2+K          A5.9   PLG3 Reg. Interlock Ty/Boom   or;;-100;-100;450;20;0xff00;0x808080;true;;;;;;
Signals;Trolley;Forward;;Bool;.iControlTest;=S1+A-S34      A1.2   3.1  Control/Test Switch            or;;-100;-100;450;20;0xff00;0x808080;true;;;;;;
Signals;Trolley;Forward;;Bool;.iLSBoomForward;=K+K-S9        A8.1   4.4  Ls Boom Forward;;-100;-100;450;20;0xff00;0x808080;true;;;;;;
Signals;Trolley;Forward;;Bool;.iLSBeamForward;=K+K-B13       A8.1   6.3  Ls Beam Forward  or LS Boom down;;-100;-100;450;20;0xff00;0x808080;true;;;;;;
Signals;Trolley;Forward;;Bool;.iLS_BoomDown;=G+E-S16       A7.5   5.3  LS Boom Down     or LS Beam Forw.;;-100;-100;450;20;0x808080;0xff00;true;;;;;;
Signals;Trolley;Forward;;Bool;.bAutoStop;Trolley Autopark Stop Limitswitch (FALSE=Trolley Stop);;-100;-100;450;20;0xff00;0x808080;true;;;;;;
Signals;Trolley;Forward;;Bool;.iPreLSBeamForward10;=K+K-B14       A8.1   5.4  Pre-Ls Beam Forward 10%  or not Resetbutton;;-100;-100;450;20;0xff00;0x808080;true;;;;;;
Signals;Trolley;Forward;;Bool;.iResetButton;=S1+A-K17  A7.1  4.1  Contactor Reset Button   or Pre-LS Beam Forw.;;-100;-100;450;20;0xff;0xff00;true;;;;;;
Signals;Trolley;Forward;;Bool;.bDirFreeGeneral;Overtemperature Switchbox S1 + S2 + HT-Trafo ;;-100;-100;450;20;0xff00;0x808080;true;;;;;;
;;;;;;;;;;;;;;;;;;;;
Signals;Trolley;Forward;;Bool;.bForwardTy;Direction Forward Trolley;;-100;-124;450;20;0xff00;0x808080;true;;;;;;
;;;;;;;;;;;;;;;;;;;;
;;;;;;;;;;;;;;;;;;;;
Signals;Trolley;Reverse;;Bool;.iJoystForward;=P1+K-S1.1     A9.1   6.3  Joystick Forward;;24;24;450;20;0xff00;0x808080;true;;;;;;
Signals;Trolley;Reverse;;Bool;.iJoystReverse;=P1+K-S1.2     A9.1   5.3  Joystick Reverse;;-100;-100;450;20;0xff00;0x808080;true;;;;;;
Signals;Trolley;Reverse;;Bool;.iJoystTrolleyZero;=P1+K-S1.3     A9.1   8.2  Joystick Trolley Zero;;-100;-100;450;20;0xff00;0x808080;true;;;;;;
Signals;Trolley;Reverse;;Bool;.bCraneOnP1;Flag for Crane On from P1;;-100;-124;450;20;0xff00;0x808080;true;;;;;;
;;;;;;;;;;;;;;;;;;;;
Signals;Trolley;Reverse;;Bool;.iOverTempChoke_TY_BO;=S1+K-S1       A7.4   5.4  Overtemp.Choke Ty/Boom;;-100;-124;450;20;0xff00;0x808080;true;;;;;;
Signals;Trolley;Reverse;;Bool;.iFanThyTrolley_Boom;=S1+K-F10      A7.3   7.1  Fan Thy. Trolley Boom;;-100;-100;450;20;0xff00;0x808080;true;;;;;;
Signals;Trolley;Reverse;;Bool;.iFanMonThyTrolleyBoom;=S1+K-U1       A7.4   6.1  Fan Mon.Thy. Trolley Boom ;;-100;-100;450;20;0xff00;0x808080;true;;;;;;
Signals;Trolley;Reverse;;Bool;.iQFansTrolleyMotor1;=S2+K-Q7       A8.2   8.3  Fans Trolley Motor 1;;-100;-100;450;20;0xff00;0x808080;true;;;;;;
Signals;Trolley;Reverse;;Bool;.iQFansTrolleyMotor2;=S2+K-Q9       A8.2   7.4  Fans Trolley Motor 2;;-100;-100;450;20;0xff00;0x808080;true;;;;;;
Signals;Trolley;Reverse;;Bool;.iQFansTrolleyMotor3;=S2+K-Q11      A8.2   8.4  Fans Trolley Motor 3;;-100;-100;450;20;0xff00;0x808080;true;;;;;;
Signals;Trolley;Reverse;;Bool;.iQFansTrolleyMotor4;=S2+K-Q13      A8.2   5.1  Fans Trolley Motor 4;;-100;-100;450;20;0xff00;0x808080;true;;;;;;
Signals;Trolley;Reverse;;Bool;TROLLEY_42_COMMANDS.tofDirectionTrolley.Q;tof Direction Trolley;;-100;-100;450;20;0xff00;0x808080;true;;;;;;
;;;;;;;;;;;;;;;;;;;;
Signals;Trolley;Reverse;;Bool;.tonSafetyChainTrolley.Q;Delay Safetychain Trolley On, Regulator Interlock;;510;24;450;20;0xff00;0x808080;true;;;;;;
Signals;Trolley;Reverse;;Bool;.bForwardTy;Direction Forward Trolley;;-100;-100;450;20;0xff00;0x808080;true;;;;;;
Signals;Trolley;Reverse;;Bool;.bPtcTrolleyReverse;Flag for thermal switches Trolley Reverse;;-100;-100;450;20;0xff00;0x808080;true;;;;;;
Signals;Trolley;Reverse;;Bool;.bDoorLock;Trolleydoors locked;;-100;-100;450;20;0xff00;0x808080;true;;;;;;
Signals;Trolley;Reverse;;Bool;.bAutoStop;Trolley Autopark Stop Limitswitch (FALSE=Trolley Stop);;-100;-100;450;20;0xff00;0x808080;true;;;;;;
Signals;Trolley;Reverse;;Bool;.qTyBo_RegInterlock;=R2+K          A5.9   PLG3 Reg. Interlock Ty/Boom     or;;-100;-100;450;20;0xff00;0x808080;true;;;;;;
Signals;Trolley;Reverse;;Bool;.iControlTest;=S1+A-S34      A1.2   3.1  Control/Test Switch              or;;-100;-100;450;20;0xff00;0x808080;true;;;;;;
Signals;Trolley;Reverse;;Bool;.iLSBeamReverse;=K+K-S10       A8.1   8.4  Ls Beam Reverse;;-100;-100;450;20;0xff00;0x808080;true;;;;;;
Signals;Trolley;Reverse;;Bool;.iPreLSBeamReverse25;=K+K-B11       A8.1   8.3  Pre-Ls Beam Reverse 25%  or Resetbutton;;-100;-100;450;20;0xff00;0x808080;true;;;;;;
Signals;Trolley;Reverse;;Bool;.iResetButton;=S1+A-K17  A7.1  4.1  Contactor Reset Button   or Pre-LS Beam Forw.;;-100;-100;450;20;0xff;0xff00;true;;;;;;
Signals;Trolley;Reverse;;Bool;.bDirFreeGeneral;Overtemperature Switchbox S1 + S2 + HT-Trafo ;;-100;-100;450;20;0xff00;0x808080;true;;;;;;
;;;;;;;;;;;;;;;;;;;;
Signals;Trolley;Reverse;;Bool;.bReverseTy;Direction Reverse Trolley;;-100;-124;450;20;0xff00;0x808080;true;;;;;;
;;;;;;;;;;;;;;;;;;;;
;;;;;;;;;;;;;;;;;;;;
Signals;Trolley;SpeedLimits;;Bool;.bForwardTy;Direction Forward Trolley;;24;24;450;20;0xff00;0x808080;true;;;;;;
Signals;Trolley;SpeedLimits;;Bool;.bReverseTy;Direction Reverse Trolley;;-100;-100;450;20;0xff00;0x808080;true;;;;;;
Signals;Trolley;SpeedLimits;;Bool;.iPreLSBoomForward10;=K+K-B6        A8.1   3.4  Pre-Ls Boom Forward 10%;;-100;-100;450;20;0xff00;0x808080;true;;;;;;
Signals;Trolley;SpeedLimits;;Bool;.iPreLSBeamForward10;=K+K-B14 A8.1 5.4 PreLs Beam Forw.10%active when Boom not Down;;-100;-100;450;20;0xff00;0x808080;true;;;;;;
Signals;Trolley;SpeedLimits;;Bool;.iLS_BoomDown;=G+E-S16       A7.5   5.3  LS Boom Down;;-100;-100;450;20;0xff00;0x808080;true;;;;;;
Signals;Trolley;SpeedLimits;;Bool;.iPreLSBeamReverse10;=K+K-B10       A8.1   7.4  Pre-Ls Beam Reverse 10%;;-100;-100;450;20;0xff00;0x808080;true;;;;;;
Signals;Trolley;SpeedLimits;;Bool;.iResetButton;=S1+A-S73      A1.2   5.4  Reset Button;;-100;-100;450;20;0x808080;0xff00;true;;;;;;
Signals;Trolley;SpeedLimits;;Bool;.QFErrors.Error[QF_PtcTrolley];S2KF5  PTC-Trolley;;-100;-100;450;20;0xff;0xff00;true;;;;;;
Signals;Trolley;SpeedLimits;;Bool;.bAutoLS10;Trolley Autopark 10% Limitswitch;;-100;-100;450;20;0xff00;0x808080;true;;;;;;
Signals;Trolley;SpeedLimits;;Bool;.bFastSpeedGeneral;Overtemperature Switchbox S1 + S2 + HT-Trafo ;;-100;-100;450;20;0xff00;0xff;true;;;;;;
Signals;Trolley;SpeedLimits;;Bool;TROLLEY_42_COMMANDS.srFastSpeedTrolley.Q1;Fast Speed allowed;;-100;-100;450;20;0xff00;0xff;true;;;;;;
;;;;;;;;;;;;;;;;;;;;
Signals;Trolley;SpeedLimits;;Bool;.qMaxSpeedRefTrolley;=S1+K          A5.6   PLG3 Max. Speed Ref. Trolley;;-100;-124;450;20;0xff00;0x808080;true;;;;;;
;;;;;;;;;;;;;;;;;;;;
Signals;Trolley;SpeedLimits;;Bool;.iPreLSBoomForward25;=K+K-B7        A8.1   4.3  Pre-Ls Boom Forward 25%;;510;24;450;20;0xff00;0x808080;true;;;;;;
Signals;Trolley;SpeedLimits;;Bool;.iLS_BoomDown;=G+E-S16       A7.5   5.3  LS Boom Down active when Boom not Down;;-100;-100;450;20;0xff00;0x808080;true;;;;;;
Signals;Trolley;SpeedLimits;;Bool;.iPreLSBeamForward25;=K+K-B18       A8.1   7.1  Pre-Ls Beam Forward 25%;;-100;-100;450;20;0xff00;0x808080;true;;;;;;
Signals;Trolley;SpeedLimits;;Bool;.iPreLSBeamReverse25;=K+K-B11       A8.1   8.3  Pre-Ls Beam Reverse 25%;;-100;-100;450;20;0xff00;0x808080;true;;;;;;
Signals;Trolley;SpeedLimits;;Bool;.iLs_60degPosLs1;=G+E-S15       A7.5   8.4  LS Boom 60° Up LS1;;-100;-100;450;20;0xff00;0x808080;true;;;;;;
Signals;Trolley;SpeedLimits;;Bool;.iLs_60degPosLs2;=G+E-S15.1     A7.5   7.4  LS Boom 60° Up LS2;;-100;-100;450;20;0xff00;0x808080;true;;;;;;
Signals;Trolley;SpeedLimits;;Bool;.bAutoLS25;Trolley Autopark 25% Limitswitch;;-100;-100;450;20;0xff00;0x808080;true;;;;;;
;;;;;;;;;;;;;;;;;;;;
Signals;Trolley;SpeedLimits;;Bool;.qTy_PreLimit25;=R2+K          A5.7   PLG1 Prelimit 25% Trolley;;-100;-124;450;20;0xff00;0x808080;true;;;;;;
;;;;;;;;;;;;;;;;;;;;
Signals;Boom;Meters;;Double;Digivert_Boom.vis_iArmVoltage;Voltage[V];;250;100;100;400;0xff;0xffff;true;-500;500;-400;400;-450;450
Signals;Boom;Meters;;Double;Digivert_Boom.vis_iArmCurrent;Current[A];;450;100;100;400;0xff;0xffff;true;0;1000;0;600;0;900
Signals;Boom;Meters;;Double;Digivert_Boom.vis_iSpeed;Speed[RPM];;650;100;100;400;0xff;0xffff;true;-2000;2000;-1800;1800;-2000;2000
;;;;;;;;;;;;;;;;;;;;
Signals;Boom;Curves;;Double;Digivert_Boom.vis_iArmVoltage;Voltage[V];;24;3;950;275;0xff;0xffff;true;-500;500;;;;
Signals;Boom;Curves;;Double;Digivert_Boom.vis_iArmCurrent;Current[A];;24;3;950;275;0xff;0xffff;true;0;1000;;;;
Signals;Boom;Curves;;Double;Digivert_Boom.vis_iSpeed;Speed[RPM];;24;295;950;275;0xff;0xffff;true;-2000;2000;;;;
;;;;;;;;;;;;;;;;;;;;
Signals;Boom;LimitSwitches;;Bool;.iLS_BoomUp;=H+E-S27       A7.5   2.4  LS  Boom Up;;10;10;340;20;0xff00;0x808080;true;;;;;;
Signals;Boom;LimitSwitches;;Bool;.iPinRemoved;=H+E-S11       A7.5   1.4  Pin Removed;;-100;-100;340;20;0x808080;0xff00;true;;;;;;
Signals;Boom;LimitSwitches;;Bool;.iLS_SlackRopeRight;=H+E-S13       A7.5   1.3  Boom Slack Rope Right;;-100;-100;340;20;0xff00;0x808080;true;;;;;;
Signals;Boom;LimitSwitches;;Bool;.iLS_SlackRopeLeft;=H+E-S12       A7.5   2.3  Boom Slack Rope Left;;-100;-100;340;20;0xff00;0x808080;true;;;;;;
Signals;Boom;LimitSwitches;;Bool;.i_ServiceCraneLocked;=H+E-S16       A7.5   6.2  Service Crane Locked;;-100;-100;340;20;0x808080;0xff00;true;;;;;;
;;;;;;;;;;;;;;;;;;;;
Signals;Boom;LimitSwitches;;Bool;.iBoomBrake2LS1;=G+E-B11       A7.5   3.3  LS Boom Brake 2 LS1;;690;10;315;20;0x808080;0xff00;true;;;;;;
Signals;Boom;LimitSwitches;;Bool;.iBoomBrake2LS2;=G+E-B12       A7.5   4.3  LS Boom Brake 2 LS2;;-100;-100;315;20;0x808080;0xff00;true;;;;;;
;;;;;;;;;;;;;;;;;;;;
Signals;Boom;LimitSwitches;;Bool;.iLs_60degPosLs1;=G+E-S15       A7.5   8.4  LS Boom 60° Up LS1;;-100;-120;315;20;0xff00;0x808080;true;;;;;;
Signals;Boom;LimitSwitches;;Bool;.iLs_60degPosLs2;=G+E-S15.1     A7.5   7.4  LS Boom 60° Up LS2;;-100;-100;315;20;0xff00;0x808080;true;;;;;;
Signals;Boom;LimitSwitches;;Bool;.iLS_BoomDown;=G+E-S16       A7.5   5.3  LS Boom Down;;-100;-100;315;20;0xff00;0x808080;true;;;;;;
;;;;;;;;;;;;;;;;;;;;
Signals;Boom;SafetyChain;;Bool;.iQ_MainswitchTrolleyBoom;=S1+K-Q1       A1.2   6.4  Mainswitch Trolley /Boom;;24;24;450;20;0xff00;0xff;true;;;;;;
Signals;Boom;SafetyChain;;Bool;.iF_ContactorTrolleyBoom;=S1+A-F10.3    A7.1   4.3  Trolley/Boom Cont. Supply;;-100;-100;450;20;0xff00;0xff;true;;;;;;
Signals;Boom;SafetyChain;;Bool;.iSupplyElectronicsR2;=S1+K-F9       A7.3   5.1  Supply Electronics R2;;-100;-100;450;20;0xff00;0xff;true;;;;;;
Signals;Boom;SafetyChain;;Bool;.iRegVoltageTrolleyBoom;=S1+K-Q4       A7.3   6.1  Regulator Voltage Ty/Boom;;-100;-100;450;20;0xff00;0xff;true;;;;;;
Signals;Boom;SafetyChain;;Bool;.iFieldTrolley_Boom_prim;=S1+K-Q6       A7.3   5.4  Motorfield Ty/Boom Prim.;;-100;-100;450;20;0xff00;0xff;true;;;;;;
Signals;Boom;SafetyChain;;Bool;.iFieldTrolley_Boom_sec;=S1+K-F17      A7.3   8.4  Motorfield Ty/Boom Sec.;;-100;-100;450;20;0xff00;0xff;true;;;;;;
Signals;Boom;SafetyChain;;Bool;.iArmatureVoltage1_Boom;=S1+E-F3       A7.4   4.1  Armature Voltage Boom;;-100;-100;450;20;0xff00;0xff;true;;;;;;
Signals;Boom;SafetyChain;;Bool;.iArmatureVoltage2_Boom;=S1+E-F4       A7.4   3.4  Armature Voltage Boom;;-100;-100;450;20;0xff00;0xff;true;;;;;;
Signals;Boom;SafetyChain;;Bool;.iFuThyTrolleyBoom;=S1+K-U1       A7.4   5.1  Fuse Mon.Thy.Trolley/Boom;;-100;-100;450;20;0xff00;0xff;true;;;;;;
Signals;Boom;SafetyChain;;Bool;.iQ_BoomBrake1;=S1+E-Q3       A7.5   3.1  Boom Brake 1;;-100;-100;450;20;0xff00;0xff;true;;;;;;
Signals;Boom;SafetyChain;;Bool;.iQ_BoomBrake2;=S1+E-Q8       A7.5   4.1  Boom Brake 2;;-100;-100;450;20;0xff00;0xff;true;;;;;;
Signals;Boom;SafetyChain;;Bool;.iF_CtrlValvesBoomBrake2;=S1+E-F6       A7.5   3.2  Ctrl Valves Boom Brake 2;;-100;-100;450;20;0xff00;0xff;true;;;;;;
Signals;Boom;SafetyChain;;Bool;.QFErrors.Error[QF_S1KF2_BO];S1KF2 Magn. Overcurrent Boom;;-100;-100;450;20;0xff;0xff00;true;;;;;;
Signals;Boom;SafetyChain;;Bool;.HWErrors.Error[HW_S1KK1T_EK1T_KK1M];Fault EK1T/KK1T/KK1M Cont.Ty/Bo;;-100;-100;450;20;0xff;0xff00;true;;;;;;
Signals;Boom;SafetyChain;;Bool;.HWErrors.Error[HW_S1EK6M_EK4M];Fault S1EK6M/EK4M BoomField;;-100;-100;450;20;0xff;0xff00;true;;;;;;
Signals;Boom;SafetyChain;;Bool;.HWErrors.Error[HW_S1EK3M];Fault S1EK3M  Brake 1 Boom;;-100;-100;450;20;0xff;0xff00;true;;;;;;
Signals;Boom;SafetyChain;;Bool;.HWErrors.Error[HW_S1EK8M];Fault S1EK8M  Brake 2 Boom;;-100;-100;450;20;0xff;0xff00;true;;;;;;
Signals;Boom;SafetyChain;;Bool;.HWErrors.Error[HW_S1EK1M];Fault S1EK1M  Fan Boom Motor On;;-100;-100;450;20;0xff;0xff00;true;;;;;;
Signals;Boom;SafetyChain;;Bool;.HWErrors.Error[HW_OVERSPEED_BOOM];Fault Overspeed Boom;;-100;-100;450;20;0xff;0xff00;true;;;;;;
Signals;Boom;SafetyChain;;Bool;.HWErrors.Error[HW_SLACKROPE_BOOM];Fault Slackrope Boom;;-100;-100;450;20;0xff;0xff00;true;;;;;;
Signals;Boom;SafetyChain;;Bool;.EBOErrors.Error[EBO_MonDirection];Fault  Direction Relais Boom;;-100;-100;450;20;0xff;0xff00;true;;;;;;
Signals;Boom;SafetyChain;;Bool;.EBOErrors.Error[EBO_MonStopsignal];Fault Stopsignal Boom;;-100;-100;450;20;0xff;0xff00;true;;;;;;
;;;;;;;;;;;;;;;;;;;;
Signals;Boom;SafetyChain;;Bool;BOOM_51_GENERAL.bSafetyChain_1_Boom;Flag 1 Safetychain Boom;;-100;-124;450;20;0xff00;0xff;true;;;;;;
;;;;;;;;;;;;;;;;;;;;
Signals;Boom;SafetyChain;;Bool;.bMonitorElecBoomOK;Monitor Electronic Boom;;510;24;450;20;0xff00;0xff;true;;;;;;
Signals;Boom;SafetyChain;;Bool;.EBOErrors.Error[EBO_MonRegBlocked];Fault Regulator  Blocked Boom;;-100;-100;450;20;0xff;0xff00;true;;;;;;
Signals;Boom;SafetyChain;;Bool;.EBOErrors.Error[EBO_MonOvercurrent];Fault Overcurrent Boom;;-100;-100;450;20;0xff;0xff00;true;;;;;;
Signals;Boom;SafetyChain;;Bool;.iTyBo_Motorfield;=R2+K          A5.1   8.2  Motorfield Mon. Ty/Boom;;-100;-100;450;20;0xff00;0xff;true;;;;;;
Signals;Boom;SafetyChain;;Bool;.iTY_FaultElectronic;=R2+K          A5.1   8.4  Fault Electr. Trolley;;-100;-100;450;20;0xff00;0xff;true;;;;;;
Signals;Boom;SafetyChain;;Bool;.iK_AuxSupply;=S1+A-K5M      A1.2   6.2  Aux. Supply;;-100;-100;450;20;0xff00;0xff;true;;;;;;
Signals;Boom;SafetyChain;;Bool;.bTY_StoppingLogicDelayed;Stopping Logic Delayed Trolley;;-100;-100;450;20;0xff;0xff00;true;;;;;;
Signals;Boom;SafetyChain;;Bool;.tonSafetyChainBoom.Q;Delay Safetychain  Boom On;;-100;-100;450;20;0xff00;0x808080;true;;;;;;
;;;;;;;;;;;;;;;;;;;;
Signals;Boom;SafetyChain;;Bool;BOOM_51_GENERAL.bSafetyChain_2_Boom;Flag 2 Safetychain Boom;;-100;-124;450;20;0xff00;0xff;true;;;;;;
;;;;;;;;;;;;;;;;;;;;
;;;;;;;;;;;;;;;;;;;;
Signals;Boom;BoomOn;;Bool;BOOM_51_GENERAL.bSafetyChain_1_Boom;Flag 1 Safetychain Boom;;24;24;450;20;0xff00;0xff;true;;;;;;
Signals;Boom;BoomOn;;Bool;BOOM_51_GENERAL.bSafetyChain_2_Boom;Flag 2 Safetychain Boom;;-100;-100;450;20;0xff00;0xff;true;;;;;;
;;;;;;;;;;;;;;;;;;;;
Signals;Boom;BoomOn;;Bool;.iBoomRaiseLimit;=R1+H  A2.1  8.1 Boom Raise Limit Load     or  B. down + 60°LS1,2;;-100;-100;450;20;0xff00;0xff;true;;;;;;
Signals;Boom;BoomOn;;Bool;.iLS_BoomDown;=G+E-S16       A7.5   5.3  LS Boom Down;;-100;-100;450;20;0x808080;0xff00;true;;;;;;
Signals;Boom;BoomOn;;Bool;.iLs_60degPosLs1;=G+E-S15       A7.5   8.4  LS Boom 60° Up LS1;;-100;-100;450;20;0xff00;0x808080;true;;;;;;
Signals;Boom;BoomOn;;Bool;.iLs_60degPosLs2;=G+E-S15.1     A7.5   7.4  LS Boom 60° Up LS2;;-100;-100;450;20;0xff00;0x808080;true;;;;;;
Signals;Boom;BoomOn;;Bool;.iPreLimitSwHoistUp50;=G+H-S6        A4.2   7.1  Pre-LS HoistUp 50%;;-100;-100;450;20;0x808080;0xff00;true;;;;;;
Signals;Boom;BoomOn;;Bool;.iTrolleyParkPosition;=K+K-B12       A8.1   6.4  Trolley On Park Position;;-100;-100;450;20;0xff00;0x808080;true;;;;;;
Signals;Boom;BoomOn;;Bool;.i_ServiceCraneLocked;=H+E-S16       A7.5   6.2  Service Crane Locked;;-100;-100;450;20;0xff00;0x808080;true;;;;;;
;;;;;;;;;;;;;;;;;;;;
Signals;Boom;BoomOn;;Bool;BOOM_51_GENERAL.bBoomReady;Boom  Ready;;-100;-120;450;20;0xff00;0xff;true;;;;;;
;;;;;;;;;;;;;;;;;;;;
Signals;Boom;BoomOn;;Bool;.iBoomOn_NO_P1;=P1+E-S1-N/O   A10.1  3.1  Boom On (N/O);;510;24;450;20;0xff00;0x808080;true;;;;;;
Signals;Boom;BoomOn;;Bool;.bBoomOnP1;Boom on P1;;-100;-100;450;20;0xff00;0x808080;true;;;;;;
Signals;Boom;BoomOn;;Bool;.iBoomUp_P1;=P1+E-S3       A10.1  3.2  Boom Up;;-100;-100;450;20;0xff00;0x808080;true;;;;;;
Signals;Boom;BoomOn;;Bool;.iBoomDown_P1;=P1+E-S4       A10.1  4.2  Boom Down;;-100;-100;450;20;0xff00;0x808080;true;;;;;;
;;;;;;;;;;;;;;;;;;;;
Signals;Boom;BoomOn;;Bool;.iCraneOn_NO_S1;=S1+A-S5-N/O   A1.2   3.2  Crane On (N/O);;-120;-120;450;20;0xff00;0x808080;true;;;;;;
Signals;Boom;BoomOn;;Bool;.bBoomOnS1;Boom on S1;;-100;-100;450;20;0xff00;0x808080;true;;;;;;
Signals;Boom;BoomOn;;Bool;.iInching_Up;=S1+A-S20      A1.1   2.2  Inching Up;;-100;-100;450;20;0xff00;0x808080;true;;;;;;
Signals;Boom;BoomOn;;Bool;.iInching_Down;=S1+A-S21      A1.1   1.3  Inching Down;;-100;-100;450;20;0xff00;0x808080;true;;;;;;
;;;;;;;;;;;;;;;;;;;;
Signals;Boom;BoomOn;;Bool;BOOM_51_GENERAL.bSafetyChainBoom;Safety Chain Boom;;-100;-120;450;20;0xff00;0x808080;true;;;;;;
Signals;Boom;BoomOn;;Bool;.qCraneOnGeneral;=S1+A-K6       A7.6   5.2  Crane On;;-100;-100;450;20;0xff00;0x808080;true;;;;;;
Signals;Boom;BoomOn;;Bool;.iK_ArmatureTrolley;=S1+K-K6M      A7.4   2.1  Armature Trolley;;-100;-100;450;20;0xff00;0x808080;true;;;;;;
Signals;Boom;BoomOn;;Bool;BOOM_51_GENERAL.bBoomReady;Boom  Ready;;-100;-100;450;20;0xff00;0xff;true;;;;;;
Signals;Boom;BoomOn;;Bool;.bBoomOn;Boom on;;-100;-120;450;20;0xff00;0x808080;true;;;;;;
Signals;Boom;BoomOn;;Bool;.qMaincontactorBoom;=S1+E-K1T      A7.7   3.1  Maincontactor Boom;;-100;-100;450;20;0xff00;0x808080;true;;;;;;
Signals;Boom;BoomOn;;Bool;.qBoomFieldOn;=S1+E-K4M      A7.7   3.2  Boom Field On;;-100;-100;450;20;0xff00;0x808080;true;;;;;;
Signals;Boom;BoomOn;;Bool;.tonRegulatorInterlockBoom.Q;Delay Regulator Interlock Boom;;-100;-100;450;20;0xff00;0x808080;true;;;;;;
Signals;Boom;BoomOn;;Bool;.qTyBo_RegInterlock;=R2+K          A5.9   PLG3 Reg. Interlock Ty/Boom;;-100;-100;450;20;0xff00;0x808080;true;;;;;;
;;;;;;;;;;;;;;;;;;;;
Signals;Boom;BoomOn;;Bool;.iTyBo_Motorfield;=R2+K          A5.1   8.2  Motorfield Mon. Ty/Boom;;-100;-100;450;20;0xff00;0xff;true;;;;;;
Signals;Boom;BoomOn;;Bool;.EBOErrors.Error[EBO_MonRegBlocked];Fault Regulator Blocked Boom;;-100;-100;450;20;0xff;0xff00;true;;;;;;
Signals;Boom;BoomOn;;Bool;.EBOErrors.Error[EBO_MonOvercurrent];Fault Overcurrent Boom;;-100;-100;450;20;0xff;0xff00;true;;;;;;
Signals;Boom;BoomOn;;Bool;.EBOErrors.Error[EBO_Overspeed];Fault Overspeed Boom;;-100;-100;450;20;0xff;0xff00;true;;;;;;
Signals;Boom;BoomOn;;Bool;.EBOErrors.Error[EBO_MonSetActual];Fault Set-Act. Check Boom;;-100;-100;450;20;0xff;0xff00;true;;;;;;
Signals;Boom;BoomOn;;Bool;.EBOErrors.Error[EBO_MonTacho];Fault Tachomonitor Boom;;-100;-100;450;20;0xff;0xff00;true;;;;;;
Signals;Boom;BoomOn;;Bool;.EBOErrors.Error[EBO_MonRegCheck];Fault Regulator Boom;;510;544;450;20;0xff;0xff00;true;;;;;;
;;;;;;;;;;;;;;;;;;;;
;;;;;;;;;;;;;;;;;;;;
Signals;Boom;Up;;Bool;.iFanThyTrolley_Boom;=S1+K-F10      A7.3   7.1  Fan Thy. Trolley Boom;;24;24;450;20;0xff00;0xff;true;;;;;;
Signals;Boom;Up;;Bool;.iFanMonThyTrolleyBoom;=S1+K-U1       A7.4   6.1  Fan Mon.Thy. Trolley Boom ;;-100;-100;450;20;0xff00;0xff;true;;;;;;
Signals;Boom;Up;;Bool;.bDirFreeGeneral;Overtemperature Switchbox S1 + S2 + HT-Trafo ;;-100;-100;450;20;0xff00;0xff;true;;;;;;
Signals;Boom;Up;;Bool;BOOM_52_COMMANDS.tofDirectionBoom.Q;Overtemperature choke thyr. or boommotor,fanmotor tripped ;;-100;-100;450;20;0xff00;0xff;true;;;;;;
Signals;Boom;Up;;Bool;.srSecondaryBrakeBoom.Q1;CHECK SECONDARY BRAKE BOOM;;-100;-100;450;20;0xff;0xff00;true;;;;;;
;;;;;;;;;;;;;;;;;;;;
Signals;Boom;Up;;Bool;BOOM_52_COMMANDS.bEnableUpDown;Enable Up Down;;-100;-110;450;20;0xff00;0xff;true;;;;;;
;;;;;;;;;;;;;;;;;;;;
;;;;;;;;;;;;;;;;;;;;
Signals;Boom;Up;;Bool;.bBoomOnP1;Boom On P1;;-100;-120;450;20;0xff00;0x808080;true;;;;;;
Signals;Boom;Up;;Bool;.iBoomUp_P1;=P1+E-S3       A10.1  3.2  Boom Up;;-100;-100;450;20;0xff00;0x808080;true;;;;;;
Signals;Boom;Up;;Bool;.iBoomDown_P1;=P1+E-S4       A10.1  4.2  Boom Down;;-100;-100;450;20;0xff00;0x808080;true;;;;;;
Signals;Boom;Up;;Bool;.iBoomStop_P1;=P1+E-S5       A10.1  3.3  Boom Stop;;-100;-100;450;20;0xff00;0x808080;true;;;;;;
Signals;Boom;Up;;Bool;.bBoomOn;Boom on;;-100;-100;450;20;0xff00;0x808080;true;;;;;;
Signals;Boom;Up;;Bool;BOOM_52_COMMANDS.rsAutoBoomDown.Q1;Auto Boom Down;;-100;-100;450;20;0xff00;0x808080;true;;;;;;
Signals;Boom;Up;;Bool;BOOM_52_COMMANDS.tofDirectionSelection.Q;tof Direction Selection;;-100;-100;450;20;0xff00;0x808080;true;;;;;;
Signals;Boom;Up;;Bool;.iK_BoomBrake1;=S1+E-K3M      A7.5   5.1  Boom Brake 1;;-100;-100;450;20;0xff00;0x808080;true;;;;;;
Signals;Boom;Up;;Bool;.iLs_60degPosLs1;=G+E-S15       A7.5   8.4  LS Boom 60° Up LS1;;-100;-100;450;20;0xff00;0x808080;true;;;;;;
Signals;Boom;Up;;Bool;.iLs_60degPosLs2;=G+E-S15.1     A7.5   7.4  LS Boom 60° Up LS2;;-100;-100;450;20;0xff00;0x808080;true;;;;;;
Signals;Boom;Up;;Bool;.iBoomMaintenance;=S1+A-S33      A1.2   3.3  Boom Maintenance;;-100;-100;450;20;0x808080;0xff00;true;;;;;;
Signals;Boom;Up;;Bool;.iPinRemoved;=H+E-S11       A7.5   1.4  Pin Removed;;-100;-100;450;20;0xff00;0x808080;true;;;;;;
Signals;Boom;Up;;Bool;BOOM_52_COMMANDS.bEnableUpDown;Enable Up Down;;-100;-100;450;20;0xff00;0xff;true;;;;;;
;;;;;;;;;;;;;;;;;;;;
Signals;Boom;Up;;Bool;BOOM_52_COMMANDS.rsAutoBoomUp.Q1;SELECT BOOM UP AUTOMATIC;;-100;-110;450;20;0xff00;0x808080;true;;;;;;
;;;;;;;;;;;;;;;;;;;;
Signals;Boom;Up;;Bool;.iBoomUp_P1;=P1+E-S3       A10.1  3.2  Boom Up;;536;24;450;20;0xff00;0x808080;true;;;;;;
Signals;Boom;Up;;Bool;.bBoomOnP1;Boom On P1;;536;-100;450;20;0xff00;0x808080;true;;;;;;
Signals;Boom;Up;;Bool;.bBoomOn;Boom on;;536;-100;450;20;0xff00;0x808080;true;;;;;;
Signals;Boom;Up;;Bool;.iBoomMaintenance;=S1+A-S33      A7.3   6.2  Boom Maintenance;;536;-100;450;20;0xff00;0x808080;true;;;;;;
Signals;Boom;Up;;Bool;BOOM_52_COMMANDS.bEnableUpDown;Enable Up Down;;536;-100;450;20;0xff00;0xff;true;;;;;;
;;;;;;;;;;;;;;;;;;;;
Signals;Boom;Up;;Bool;BOOM_52_COMMANDS.bMaintenanceBoomUp;Maintenance Boom Up;;536;-110;450;20;0xff00;0x808080;true;;;;;;
;;;;;;;;;;;;;;;;;;;;
Signals;Boom;Up;;Bool;.iInching_Up;=S1+A-S20      A1.1   2.2  Inching Up;;536;-120;450;20;0xff00;0x808080;true;;;;;;
Signals;Boom;Up;;Bool;.bBoomOnS1;Boom On S1;;536;-100;450;20;0xff00;0x808080;true;;;;;;
Signals;Boom;Up;;Bool;.bBoomOn;Boom on;;536;-100;450;20;0xff00;0x808080;true;;;;;;
Signals;Boom;Up;;Bool;BOOM_52_COMMANDS.bEnableUpDown;Enable Up Down;;536;-100;450;20;0xff00;0xff;true;;;;;;
;;;;;;;;;;;;;;;;;;;;
Signals;Boom;Up;;Bool;BOOM_52_COMMANDS.bInchingBoomUp;S1 Boom Up;;536;-110;450;20;0xff00;0x808080;true;;;;;;
;;;;;;;;;;;;;;;;;;;;
;;;;;;;;;;;;;;;;;;;;
Signals;Boom;Up;;Bool;BOOM_52_COMMANDS.rsAutoBoomUp.Q1;SELECT BOOM UP AUTOMATIC;;536;-120;450;20;0xff00;0x808080;true;;;;;;
Signals;Boom;Up;;Bool;BOOM_52_COMMANDS.bInchingBoomUp;S1 Boom Up;;536;-100;450;20;0xff00;0x808080;true;;;;;;
Signals;Boom;Up;;Bool;.iPinRemoved;=H+E-S11       A7.5   1.4  Pin Removed      or;;536;-100;450;20;0xff00;0x808080;true;;;;;;
Signals;Boom;Up;;Bool;BOOM_52_COMMANDS.bMaintenanceBoomUp;Maintenance Boom Up                                  or;;536;-100;450;20;0xff00;0x808080;true;;;;;;
Signals;Boom;Up;;Bool;.iLS_BoomUp;=H+E-S27       A7.5   2.4  LS  Boom Up;;536;-100;450;20;0xff00;0x808080;true;;;;;;
Signals;Boom;Up;;Bool;.tonDelayBoomFlapOpen.Q;ton Delay Boom Flap Open;;536;-100;450;20;0xff00;0x808080;true;;;;;;
Signals;Boom;Up;;Bool;.bBoomBrake2LS;Boom Brake 2 Limitswitches (1-2);;536;-100;450;20;0x808080;0xff00;true;;;;;;
Signals;Boom;Up;;Bool;.bBoomdown;BOOM MOTOR DOWN DIRECTION;;536;-100;450;20;0xff00;0x808080;true;;;;;;
;;;;;;;;;;;;;;;;;;;;
Signals;Boom;Up;;Bool;.bBoomUp;BOOM MOTOR UP DIRECTION;;536;-110;450;20;0xff00;0x808080;true;;;;;;
Signals;Boom;Up;;Bool;.qBoomDirectionUp;=S1+E          A5.6   PLG2 Boom Direction Up;;536;-100;450;20;0xff00;0x808080;true;;;;;;
;;;;;;;;;;;;;;;;;;;;
;;;;;;;;;;;;;;;;;;;;
Signals;Boom;Down;;Bool;.iFanThyTrolley_Boom;=S1+K-F10      A7.3   7.1  Fan Thy. Trolley Boom;;24;24;450;20;0xff00;0xff;true;;;;;;
Signals;Boom;Down;;Bool;.iFanMonThyTrolleyBoom;=S1+K-U1       A7.4   6.1  Fan Mon.Thy. Trolley Boom ;;-100;-100;450;20;0xff00;0xff;true;;;;;;
Signals;Boom;Down;;Bool;.bDirFreeGeneral;Overtemperature Switchbox S1 + S2 + HT-Trafo ;;-100;-100;450;20;0xff00;0xff;true;;;;;;
Signals;Boom;Down;;Bool;BOOM_52_COMMANDS.tofDirectionBoom.Q;Overtemperature choke thyr. or boommotor,fanmotor tripped ;;-100;-100;450;20;0xff00;0xff;true;;;;;;
Signals;Boom;Down;;Bool;.srSecondaryBrakeBoom.Q1;CHECK SECONDARY BRAKE BOOM;;-100;-100;450;20;0xff;0xff00;true;;;;;;
;;;;;;;;;;;;;;;;;;;;
Signals;Boom;Down;;Bool;BOOM_52_COMMANDS.bEnableUpDown;Enable Up Down;;-100;-110;450;20;0xff00;0xff;true;;;;;;
;;;;;;;;;;;;;;;;;;;;
;;;;;;;;;;;;;;;;;;;;
Signals;Boom;Down;;Bool;.bBoomOnP1;Boom On P1;;-100;-120;450;20;0xff00;0x808080;true;;;;;;
Signals;Boom;Down;;Bool;.iBoomDown_P1;=P1+E-S4       A10.1  4.2  Boom Down;;-100;-100;450;20;0xff00;0x808080;true;;;;;;
Signals;Boom;Down;;Bool;.iBoomUp_P1;=P1+E-S3       A10.1  3.2  Boom Up;;-100;-100;450;20;0xff00;0x808080;true;;;;;;
Signals;Boom;Down;;Bool;.iBoomStop_P1;=P1+E-S5       A10.1  3.3  Boom Stop;;-100;-100;450;20;0xff00;0x808080;true;;;;;;
Signals;Boom;Down;;Bool;.bBoomOn;Boom on;;-100;-100;450;20;0xff00;0x808080;true;;;;;;
Signals;Boom;Down;;Bool;BOOM_52_COMMANDS.rsAutoBoomUp.Q1;Auto Boom Up;;-100;-100;450;20;0xff00;0x808080;true;;;;;;
Signals;Boom;Down;;Bool;BOOM_52_COMMANDS.tofDirectionSelection.Q;tof Direction Selection;;-100;-100;450;20;0xff00;0x808080;true;;;;;;
Signals;Boom;Down;;Bool;.iK_BoomBrake1;=S1+E-K3M      A7.5   5.1  Boom Brake 1;;-100;-100;450;20;0xff00;0x808080;true;;;;;;
Signals;Boom;Down;;Bool;BOOM_52_COMMANDS.bBoomDownSLR;Boom Down + Slackrope;;-100;-100;450;20;0xff00;0x808080;true;;;;;;
Signals;Boom;Down;;Bool;.iBoomMaintenance;=S1+A-S33      A7.3   6.2  Boom Maintenance         or;;-100;-100;450;20;0x808080;0xff00;true;;;;;;
Signals;Boom;Down;;Bool;.iPinRemoved;=H+E-S11       A7.5   1.4  Pin Removed                      or;;-100;-100;450;20;0xff00;0x808080;true;;;;;;
Signals;Boom;Down;;Bool;BOOM_52_COMMANDS.bEnableUpDown;Enable Up Down;;-100;-100;450;20;0xff00;0xff;true;;;;;;
;;;;;;;;;;;;;;;;;;;;
Signals;Boom;Down;;Bool;BOOM_52_COMMANDS.rsAutoBoomDown.Q1;SELECT BOOM DOWN AUTOMATIC;;-100;-110;450;20;0xff00;0x808080;true;;;;;;
;;;;;;;;;;;;;;;;;;;;
;;;;;;;;;;;;;;;;;;;;
Signals;Boom;Down;;Bool;.iBoomDown_P1;=P1+E-S4       A10.1  4.2  Boom Down;;536;24;450;20;0xff00;0x808080;true;;;;;;
Signals;Boom;Down;;Bool;.bBoomOnP1;Boom On P1;;536;-100;450;20;0xff00;0x808080;true;;;;;;
Signals;Boom;Down;;Bool;.bBoomOn;Boom on;;536;-100;450;20;0xff00;0x808080;true;;;;;;
Signals;Boom;Down;;Bool;.iBoomMaintenance;=S1+A-S33      A1.2   3.3  Boom Maintenance;;536;-100;450;20;0xff00;0x808080;true;;;;;;
Signals;Boom;Down;;Bool;BOOM_52_COMMANDS.bEnableUpDown;Enable Up Down;;536;-100;450;20;0xff00;0xff;true;;;;;;
;;;;;;;;;;;;;;;;;;;;
Signals;Boom;Down;;Bool;BOOM_52_COMMANDS.bMaintenanceBoomDown;Maintenance Boom Down;;536;-110;450;20;0xff00;0x808080;true;;;;;;
;;;;;;;;;;;;;;;;;;;;
Signals;Boom;Down;;Bool;.iInching_Down;=S1+A-S21      A1.1   1.3  Inching Down;;536;-120;450;20;0xff00;0x808080;true;;;;;;
Signals;Boom;Down;;Bool;.bBoomOnS1;Boom On S1;;536;-100;450;20;0xff00;0x808080;true;;;;;;
Signals;Boom;Down;;Bool;.bBoomOn;Boom on;;536;-100;450;20;0xff00;0x808080;true;;;;;;
Signals;Boom;Down;;Bool;BOOM_52_COMMANDS.bEnableUpDown;Enable Up Down;;536;-100;450;20;0xff00;0xff;true;;;;;;
;;;;;;;;;;;;;;;;;;;;
Signals;Boom;Down;;Bool;BOOM_52_COMMANDS.bInchingBoomDown;S1 Boom Down;;536;-110;450;20;0xff00;0x808080;true;;;;;;
;;;;;;;;;;;;;;;;;;;;
;;;;;;;;;;;;;;;;;;;;
Signals;Boom;Down;;Bool;BOOM_52_COMMANDS.rsAutoBoomDown.Q1;SELECT BOOM DOWN AUTOMATIC;;536;-120;450;20;0xff00;0x808080;true;;;;;;
Signals;Boom;Down;;Bool;BOOM_52_COMMANDS.bInchingBoomDown;S1 Boom Down;;536;-100;450;20;0xff00;0x808080;true;;;;;;
Signals;Boom;Down;;Bool;BOOM_52_COMMANDS.bMaintenanceBoomDown;Maintenance Boom Down                               or;;536;-100;450;20;0xff00;0x808080;true;;;;;;
Signals;Boom;Down;;Bool;.iPinRemoved;=H+E-S11       A7.5   1.4  Pin Removed        or;;536;-100;450;20;0xff00;0x808080;true;;;;;;
Signals;Boom;Down;;Bool;BOOM_52_COMMANDS.tofAddSLRBoomDown.Q;SLACKROPE AFTER SLACKROPE LIMITSWITCH DOWN;;536;-100;450;20;0xff00;0x808080;true;;;;;;
Signals;Boom;Down;;Bool;BOOM_52_COMMANDS.tonDelayBoomDown.Q;Monitoring Time for Slackrope after Limitswitch BOOM DOWN;;536;-100;450;20;0xff00;0x808080;true;;;;;;
Signals;Boom;Down;;Bool;.tonDelayBoomFlapOpen.Q;ton Delay Boom Flap Open;;536;-100;450;20;0xff00;0x808080;true;;;;;;
Signals;Boom;Down;;Bool;.bBoomBrake2LS;Boom Brake 2 Limitswitches (1-2);;536;-100;450;20;0x808080;0xff00;true;;;;;;
Signals;Boom;Down;;Bool;.bBoomUp;BOOM MOTOR UP DIRECTION;;536;-100;450;20;0xff00;0x808080;true;;;;;;
;;;;;;;;;;;;;;;;;;;;
Signals;Boom;Down;;Bool;.bBoomDown;BOOM MOTOR DOWN DIRECTION;;536;-110;450;20;0xff00;0x808080;true;;;;;;
;;;;;;;;;;;;;;;;;;;;
;;;;;;;;;;;;;;;;;;;;
Signals;Boom;SpeedLimits;;Bool;.bBoomDown;BOOM MOTOR DOWN DIRECTION;;24;24;450;20;0xff00;0x808080;true;;;;;;
Signals;Boom;SpeedLimits;;Bool;.bBoomUp;BOOM MOTOR UP DIRECTION;;24;-100;450;20;0xff00;0x808080;true;;;;;;
;;;;;;;;;;;;;;;;;;;;
Signals;Boom;SpeedLimits;;Bool;BOOM_52_COMMANDS.bCreepSpeed;Creep Speed;;24;-110;450;20;0xff00;0x808080;true;;;;;;
;;;;;;;;;;;;;;;;;;;;
;;;;;;;;;;;;;;;;;;;;
Signals;Boom;SpeedLimits;;Bool;BOOM_52_COMMANDS.bCreepSpeed;Creep Speed;;24;-120;450;20;0xff00;0x808080;true;;;;;;
Signals;Boom;SpeedLimits;;Bool;.bBoomOn;Flag Boom On;;24;-100;450;20;0xff00;0x808080;true;;;;;;
Signals;Boom;SpeedLimits;;Bool;.iLS_SlackRopeLeft;=H+E-S12       A7.5   2.3  Boom Slack Rope Left;;24;-100;450;20;0xff00;0x808080;true;;;;;;
Signals;Boom;SpeedLimits;;Bool;.iLS_SlackRopeRight;=H+E-S13       A7.5   1.3  Boom Slack Rope Right;;24;-100;450;20;0xff00;0x808080;true;;;;;;
Signals;Boom;SpeedLimits;;Bool;.iLS_BoomDown;=G+E-S16       A7.5   5.3  LS Boom Down;;24;-100;450;20;0xff00;0x808080;true;;;;;;
Signals;Boom;SpeedLimits;;Bool;.iResetButton;=S1+A-K17      A7.1   4.1  Contactor Reset Button;;24;-100;450;20;0x808080;0xff00;true;;;;;;
Signals;Boom;SpeedLimits;;Bool;.bBoomOnS1;Boom On S1;;24;-100;450;20;0x808080;0xff00;true;;;;;;
Signals;Boom;SpeedLimits;;Bool;.iBoomMaintenance;=S1+A-S33      A7.3   6.2  Boom Maintenance;;24;-100;450;20;0x808080;0xff00;true;;;;;;
Signals;Boom;SpeedLimits;;Bool;.iLs_60degPosLs1;=G+E-S15       A7.5   8.4  LS Boom 60° Up LS1;;24;-100;450;20;0xff00;0x808080;true;;;;;;
Signals;Boom;SpeedLimits;;Bool;.iLs_60degPosLs2;=G+E-S15.1     A7.5   7.4  LS Boom 60° Up LS2;;24;-100;450;20;0xff00;0x808080;true;;;;;;
Signals;Boom;SpeedLimits;;Bool;.bFastSpeedGeneral;Overtemperature Switchbox S1 + S2 + HT-Trafo ;;24;-100;450;20;0xff00;0xff;true;;;;;;
Signals;Boom;SpeedLimits;;Bool;BOOM_52_COMMANDS.srFastSpeedBoom.Q1;Overtemperature choke thyr. or boommotor,fanmotor tripped ;;24;-100;450;20;0xff00;0xff;true;;;;;;
;;;;;;;;;;;;;;;;;;;;
Signals;Boom;SpeedLimits;;Bool;.qBo_Fullspeed;Full Speed;;24;-110;450;20;0xff00;0x808080;true;;;;;;
;;;;;;;;;;;;;;;;;;;;
;;;;;;;;;;;;;;;;;;;;
Signals;Spreader;Overview;Center;Bool;.qSpreaderOn;  Spreader On;;10;8;180;24;0xff00;0x808080;true;;;;;;
Signals;Spreader;Overview;Center;Bool;.qExpand;  Expand;;10;32;180;24;0xff00;0x808080;true;;;;;;
Signals;Spreader;Overview;Center;Bool;.qRetract;  Retract;;10;56;180;24;0xff00;0x808080;true;;;;;;
;;;;;;;;;;;;;;;;;;;;
;;;;;;;;;;;;;;;;;;;;
x;Spreader;Overview;Unlock;Bool;.iTwistLockOpen;=P1+S-S1.1     A10.1  6.4  Twistlock Open;;10;24;300;24;0xff00;0x808080;true;;;;;;
Signals;Spreader;Overview;Unlock;Bool;SPREADER.tonSpreaderLanded.Q;Spreader landed;;10;24;300;24;0xff00;0x808080;true;;;;;;
Signals;Spreader;Overview;Unlock;Bool;.iK_Brake1Hoist;=S1+H-K3M      A4.1   6.4  Brake 1 Hoist;;10;-100;300;24;0xff00;0x808080;true;;;;;;
x;Spreader;Overview;Unlock;Bool;.iTwistLockClose;=P1+S-S1.2     A10.1  7.3  Twistlock Close;;10;-100;300;24;0xff00;0x808080;true;;;;;;
Signals;Spreader;Overview;Unlock;Bool;.qSpreaderOn;=S2+S-K0M      A8.5   7.4  Spreader On;;10;-100;300;24;0xff00;0x808080;true;;;;;;
x;Spreader;Overview;Unlock;Bool;.qTwlLock;=S2+S A8.4  6.4  Twistlock Lock Command;;10;-100;300;24;0xff00;0x808080;true;;;;;;
Signals;Spreader;Overview;Unlock;Bool;.bTwlUnlockedLS;Twistlock Limitswitches unlocked;;10;-124;300;24;0xff00;0x808080;true;;;;;;
;;;;;;;;;;;;;;;;;;;;
x;Spreader;Overview;Unlock;Bool;.qTwlUnlock;=S2+S A8.4  5.4  Twistlock Unlock Comand;;10;-124;300;24;0xff00;0x808080;true;;;;;;
;;;;;;;;;;;;;;;;;;;;
;;;;;;;;;;;;;;;;;;;;
x;Spreader;Overview;Lock;Bool;.iTwistLockClose;=P1+S-S1.2     A10.1  7.3  Twistlock Close;;10;24;300;24;0xff00;0x808080;true;;;;;;
Signals;Spreader;Overview;Lock;Bool;SPREADER.tonSpreaderLanded.Q;Spreader landed;;10;24;300;24;0xff00;0x808080;true;;;;;;
Signals;Spreader;Overview;Lock;Bool;.iK_Brake1Hoist;=S1+H-K3M      A4.1   6.4  Brake 1 Hoist;;10;-100;300;24;0xff00;0x808080;true;;;;;;
x;Spreader;Overview;Lock;Bool;.iTwistLockOpen;=P1+S-S1.1     A10.1  6.4  Twistlock Open;;10;-100;300;24;0xff00;0x808080;true;;;;;;
Signals;Spreader;Overview;Lock;Bool;.qSpreaderOn;=S2+S-K0M      A8.5   7.4  Spreader On;;10;-100;300;24;0xff00;0x808080;true;;;;;;
x;Spreader;Overview;Lock;Bool;.qTwlUnlock;=S2+S  A8.4   5.4  Twistlock Unlock Comand;;10;-100;300;24;0xff00;0x808080;true;;;;;;
Signals;Spreader;Overview;Lock;Bool;.bTwlLockedLS;Twistlock Limitswitches locked;;10;-124;300;24;0xff00;0x808080;true;;;;;;
;;;;;;;;;;;;;;;;;;;;
x;Spreader;Overview;Lock;Bool;.qTwlLock;=S2+S   A8.4   6.4  Twistlock Lock Command;;10;-124;300;24;0xff00;0x808080;true;;;;;;
;;;;;;;;;;;;;;;;;;;;
;;;;;;;;;;;;;;;;;;;;
Signals;Spreader;Overview;Ready;Bool;.bTwlLockedLS;Twistlock Limitswitches locked;;10;24;300;24;0xff00;0x808080;true;;;;;;
Signals;Spreader;Overview;Ready;Bool;SPREADER.rsCheckDeposit.Q1;Check Depositpoints during Locking;;-100;-100;300;24;0xff00;0x808080;true;;;;;;
Signals;Spreader;Overview;Ready;Bool;.bTwinTwentyDetectFault;Twin Twenty Detect Fault;;-100;-100;300;24;0xff00;0x808080;true;;;;;;
Signals;Spreader;Overview;Ready;Bool;.bTwlunlockedLS;Twistlock Limitswitches unlocked                or;;-100;-100;300;24;0xff00;0x808080;true;;;;;;
Signals;Spreader;Overview;Ready;Bool;.qSpreaderOn;=S2+S-K0M      A8.5   4.1  Spreader On       or;;-100;-100;300;24;0xff00;0x808080;true;;;;;;
;;;;;;;;;;;;;;;;;;;;
Signals;Spreader;Overview;Ready;Bool;.bReadyForHoisting;Flag Ready for Hoisting;;-100;-120;300;24;0xff00;0x808080;true;;;;;;
;;;;;;;;;;;;;;;;;;;;
Signals;Spreader;On;;Bool;.iCraneOn;=S1+A-K6       A7.1   7.3  Crane On;;24;24;450;24;0xff00;0x808080;true;;;;;;
Signals;Spreader;On;;Bool;.iSpreaderOnP1;=P1+A-S16      A9.1   7.2  Spreader On;;24;-100;450;24;0xff00;0x808080;true;;;;;;
Signals;Spreader;On;;Bool;.bCraneOnP1;Flag for Crane On from P1;;24;-124;450;24;0xff00;0x808080;true;;;;;;
x;Spreader;On;;Bool;.iQ_MotorHyd_Spreader;=S2+S-Q0       A8.1   4.1  Motor Hydraulics Spreader;;24;-100;450;24;0xff00;0x808080;true;;;;;;
Signals;Spreader;On;;Bool;.iQ_SpreaderControl;=S2+S-Q1       A8.1   3.3  Supply Spreader Control;;24;-100;450;24;0xff00;0x808080;true;;;;;;
x;Spreader;On;;Bool;.iF_SpreaderControl;=S2+S-F4       A8.1   4.2  Breaker Spreader Control;;24;-100;450;24;0xff00;0x808080;true;;;;;;
Signals;Spreader;On;;Bool;.iSpreaderPluggedIn;=S2+S-X2:S138  A8.2   4.1  Spreader Plugged In;;24;-100;450;24;0xff00;0x808080;true;;;;;;
Signals;Spreader;On;;Bool;.iSpreaderOff;=P1+A-S21      A9.1   5.1  Spreader Off;;24;-100;450;24;0xff00;0x808080;true;;;;;;
;;;;;;;;;;;;;;;;;;;;
Signals;Spreader;On;;Bool;.qSpreaderOn;=S2+S-K0M      A8.5   7.4  Spreader On;;24;-124;450;24;0xff00;0x808080;true;;;;;;
Signals;Spreader;On;;Bool;.iSpreaderOn;=S2+S-X2:S116  A8.2   4.2  Spreader On Signal;;24;-100;450;24;0xff00;0x808080;true;;;;;;
;;;;;;;;;;;;;;;;;;;;
Signals;Spreader;Deposit;;Bool;.iDeposit;=S2+S-X2:S103  A8.2   3.2  Deposit Signal;;24;24;450;24;0xff00;0x808080;true;;;;;;
x;Spreader;Deposit;;Bool;.iDeposit2;=S2+S          A8.2   4.2  Deposit 2 Signal;;24;-100;450;24;0xff00;0x808080;true;;;;;;
x;Spreader;Deposit;;Bool;.iDeposit3;=S2+S          A8.2   3.3  Deposit 3 Signal;;24;-100;450;24;0xff00;0x808080;true;;;;;;
x;Spreader;Deposit;;Bool;.iDeposit4;=S2+S          A8.2   4.3  Deposit 4 Signal;;24;-100;450;24;0xff00;0x808080;true;;;;;;
;;;;;;;;;;;;;;;;;;;;
Signals;Spreader;Deposit;;Bool;.bDepositLS;Spreader deposit;;24;-124;450;24;0xff00;0x808080;true;;;;;;
;;;;;;;;;;;;;;;;;;;;
;;;;;;;;;;;;;;;;;;;;
Signals;Spreader;ExpandRetract;Retract;Bool;SPREADER.rsPreselectRetract.Q1;Pre select Retract;;24;24;430;24;0xff00;0x808080;true;;;;;;
Signals;Spreader;ExpandRetract;Retract;Bool;SPREADER.rs_In40ft.Q1;Set in 40ft until 20/45ft.select;;24;-100;430;24;0xff00;0x808080;true;;;;;;
Signals;Spreader;ExpandRetract;Retract;Bool;.bTwlUnlockedLS;Twistlock Limitswitches unlocked;;24;-100;430;24;0xff00;0x808080;true;;;;;;
Signals;Spreader;ExpandRetract;Retract;Bool;.bDepositLS;Spreader Deposit;;24;-100;430;24;0xff00;0x808080;true;;;;;;
Signals;Spreader;ExpandRetract;Retract;Bool;.qTwinRetract;=S2+S-X2:S147  A8.4   8.4  Twin Retract Command;;24;-100;430;24;0xff00;0x808080;true;;;;;;
Signals;Spreader;ExpandRetract;Retract;Bool;.qExpand;=S2+S-X2:S124  A8.5   6.1  Expand;;24;-100;430;24;0xff00;0x808080;true;;;;;;
;;;;;;;;;;;;;;;;;;;;
Signals;Spreader;ExpandRetract;Retract;Bool;.qRetract;=S2+S-X2:S122  A8.5   5.1  Retract;;24;-124;430;24;0xff00;0x808080;true;;;;;;
;;;;;;;;;;;;;;;;;;;;
;;;;;;;;;;;;;;;;;;;;
Signals;Spreader;ExpandRetract;Expand;Bool;SPREADER.rsPreselectRetract.Q1;Pre select Retract;;24;24;430;24;0xff00;0x808080;true;;;;;;
Signals;Spreader;ExpandRetract;Expand;Bool;SPREADER.rs_In40ft.Q1;Set in 40ft until 20/45ft.select;;24;-100;430;24;0xff00;0x808080;true;;;;;;
Signals;Spreader;ExpandRetract;Expand;Bool;.bTwlUnlockedLS;Twistlock Limitswitches unlocked;;24;-100;430;24;0xff00;0x808080;true;;;;;;
Signals;Spreader;ExpandRetract;Expand;Bool;.bDepositLS;Spreader Deposit;;24;-100;430;24;0xff00;0x808080;true;;;;;;
Signals;Spreader;ExpandRetract;Expand;Bool;.qTwinExpand;=S2+S-X2:S148  A8.4   7.4  Twin Expand Command;;24;-100;430;24;0xff00;0x808080;true;;;;;;
Signals;Spreader;ExpandRetract;Expand;Bool;.qRetract;=S2+S-X2:S122  A8.5   5.1  Retract;;24;-100;430;24;0xff00;0x808080;true;;;;;;
;;;;;;;;;;;;;;;;;;;;
Signals;Spreader;ExpandRetract;Expand;Bool;.qExpand;=S2+S-X2:S124  A8.5   6.1  Expand;;24;-124;430;24;0xff00;0x808080;true;;;;;;
;;;;;;;;;;;;;;;;;;;;
;;;;;;;;;;;;;;;;;;;;
Signals;Spreader;ExpandRetract;LS;Bool;.iLimitSw20Ft;=S2+S-X2:S118  A8.2   1.3  Limit Switch 20 ft.;;24;24;430;24;0xff00;0x808080;true;;;;;;
Signals;Spreader;ExpandRetract;LS;Bool;.iLimitSw40FtRet;=S2+S-X2:S119  A8.2   3.1  Limit Switch 40ft Retract;;24;48;430;24;0xff00;0x808080;true;;;;;;
Signals;Spreader;ExpandRetract;LS;Bool;.iLimitSw40FtExp;=S2+S-X2:S120  A8.2   3.4  Limit Switch 40ft Expand;;24;72;430;24;0xff00;0x808080;true;;;;;;
Signals;Spreader;ExpandRetract;LS;Bool;.iLimitSw45FT;=S2+S-X2:S121  A8.2   4.4  Limit Switch 45 ft.;;24;96;430;24;0xff00;0x808080;true;;;;;;
Signals;Spreader;ExpandRetract;LS;Bool;.iTwinLegsUpSignal;=S2+S-X2:S132  A8.2   5.4  Twin Legs Up Signal;;24;120;430;24;0xff00;0x808080;true;;;;;;
Signals;Spreader;ExpandRetract;LS;Bool;.iTwinHookDiscon;=S2+S-X2:S144  A8.2   6.4  Twin Hook Discon. Signal;;24;144;430;24;0xff00;0x808080;true;;;;;;
;;;;;;;;;;;;;;;;;;;;
Signals;Spreader;ExpandRetract;P1;Bool;.i20FtSwitch;=P1+S-S2       A9.1   1.4  20 Ft.Switch;;24;24;430;24;0xff00;0x808080;true;;;;;;
Signals;Spreader;ExpandRetract;P1;Bool;.i40FtSwitch;=P1+S-S2       A9.1   3.3  40 Ft.Switch;;24;48;430;24;0xff00;0x808080;true;;;;;;
Signals;Spreader;ExpandRetract;P1;Bool;.i2x20FtPosSwitch;=P1+S-S2       A9.1   4.4  2x20 Ft. Position switch;;24;72;430;24;0xff00;0x808080;true;;;;;;
Signals;Spreader;ExpandRetract;P1;Bool;.i45FtSwitch;=P1+S-S2       A9.1   2.4  45 Ft.Switch;;24;96;430;24;0xff00;0x808080;true;;;;;;
;;;;;;;;;;;;;;;;;;;;
Signals;Heating+Lighting;;;Bool;.iMainswitchHeatLight;=S1+A-Q2       A1.2   8.3  Mainswitch Heating+Light.;;24;24;450;24;0xff00;0xff;true;;;;;;
Signals;Heating+Lighting;;;Bool;.iQ_RepairWinch;=S1+R-Q3       A1.1   8.1  Repair Winch;;24;-100;450;24;0xff00;0xff;true;;;;;;
Signals;Heating+Lighting;;;Bool;.iQ_AirCompressor;=S1+R-Q6       A1.1   7.3  Air Compressor;;24;-100;450;24;0xff00;0xff;true;;;;;;
Signals;Heating+Lighting;;;Bool;.iQ_Supply_S2;=S1+R-Q10      A1.1   7.2  Supply Switchbox S2;;24;-100;450;24;0xff00;0xff;true;;;;;;
Signals;Heating+Lighting;;;Bool;.iQ_Lift;=S1+R-Q11      A1.1   8.2  Lift;;24;-100;450;24;0xff00;0xff;true;;;;;;
Signals;Heating+Lighting;;;Bool;.iQ_AuxSupply;=S1+A-Q63      A1.1   6.3  Aux. Supply 24V Prim.;;24;-100;450;24;0xff00;0xff;true;;;;;;
Signals;Heating+Lighting;;;Bool;.iQ_HeatingLightingControl;=S1+R-Q69/F61  A1.1   7.1  Heating Lighting Control;;24;-100;450;24;0xff00;0xff;true;;;;;;
Signals;Heating+Lighting;;;Bool;.iF_AirCond1MHouse;=S1+R-F30/F31  A1.1   5.1  Air-Cond. M-House;;24;-100;450;24;0xff00;0xff;true;;;;;;
Signals;Heating+Lighting;;;Bool;.iF_AirCond2MHouse;=S1+R-F32/F33  A1.1   6.1  Air-Cond. M-House;;24;-100;450;24;0xff00;0xff;true;;;;;;
Signals;Heating+Lighting;;;Bool;.iF_AirCond3MHouse;=S1+R-F34/F35  A1.1   5.2  Air-Cond. M-House;;24;-100;450;24;0xff00;0xff;true;;;;;;
Signals;Heating+Lighting;;;Bool;.iF_AirCond4MHouse;=S1+R-F36      A1.1   8.3  Air-Cond. M-House;;24;-100;450;24;0xff00;0xff;true;;;;;;
Signals;Heating+Lighting;;;Bool;.iF_AirCond1EHouse;=S1+R-F37/F38  A1.1   6.2  Air-Cond. 1 E-House;;24;-100;450;24;0xff00;0xff;true;;;;;;
Signals;Heating+Lighting;;;Bool;.iF_AirCond2EHouse;=S1+R-F39      A1.1   5.3  Air-Cond. 2 E-House;;24;-100;450;24;0xff00;0xff;true;;;;;;
Signals;Heating+Lighting;;;Bool;.iF_AntiCon_HeaterM1;=S1+R-F53      A1.1   2.3  Heater for Drive Motors;;24;-100;450;24;0xff00;0xff;true;;;;;;
Signals;Heating+Lighting;;;Bool;.iF_AntiCon_HeaterM2;=S1+R-F54      A1.1   1.4  Heater for Drive Motors;;24;-100;450;24;0xff00;0xff;true;;;;;;
Signals;Heating+Lighting;;;Bool;.iF_AntiCon_HeaterHT;=S1+R-F55      A1.1   2.4  Heater High Tension Part;;24;-100;450;24;0xff00;0xff;true;;;;;;
;;;;;;;;;;;;;;;;;;;;
Signals;Heating+Lighting;;;Bool;.iOverTempE_House;=S1+R-S3       A1.1   8.4  Overtemp. E-House;;24;-124;450;24;0xff00;0xff;true;;;;;;
Signals;Heating+Lighting;;;Bool;.iOverTempM_House;=G+A-S2        A1.1   7.4  Overtemp. M-House;;24;-100;450;24;0xff00;0xff;true;;;;;;
;;;;;;;;;;;;;;;;;;;;
;;;;;;;;;;;;;;;;;;;;
OverloadCutoff;General;;;Bool;MDR_PRG.lcsST.b20Ft;20ft Container;;;;;;;;;;;;;;
OverloadCutoff;General;;;Bool;MDR_PRG.lcsST.b40Ft;40ft Container;;;;;;;;;;;;;;
OverloadCutoff;General;;;Double;MDR_PRG.lcsLT.rLoad;Act Load;;;;;;;;;;;;;;
OverloadCutoff;General;;;Bool;.iTrolleyOnBoom;1 = Land to Ship, 0 = Ship to Land;;;;;;;;;;;;;;
;;;;;;;;;;;;;;;;;;;;
OverloadCutoff;;;;Int;MDR_PRG.lcsST.tofCountDelay.Q;Event;;;;;;;;;;;;;;
;;;;;;;;;;;;;;;;;;;;
;;;;;;;;;;;;;;;;;;;;
